cell_label,Neighborhood,Class,Subclass,Group,Cluster,cluster_id,cell_type_ontology_term,load_id,donor_id,assay,assay_ontology_term_id,organism,organism_ontology_term_id,development_stage,anatomical_region,anatomical_region_merged,anatomical_region_ontology_term_id,brain_region_ontology_term_id,self_reported_sex,self_reported_sex_ontology_term_id,self_reported_ethnicity,self_reported_ethnicity_ontology_term_id,disease,disease_ontology_term_id,suspension_type,is_primary_data,RNA_library_creation_date,RNA_library_prep_set,RNA_library_name,RNA_tapestation_avg_size_bp,RNA_library_num_cycles,RNA_lib_quantification_ng,RNA_library_pool_name,ATAC_library_creation_date,ATAC_library_prep_set,ATAC_library_name,ATAC_tapestation_avg_size_bp,ATAC_library_num_cycles,ATAC_lib_quantification_ng,ATAC_library_pool_name,RNA_r1_index,RNA_r2_index,ATAC_index,total_counts,total_genes,doublet_score,organism_sci,accession_group,embedding_set,CL:ID_group,tokens_group,display_order_group,literature_support,literature_name_short,literature_name_long,curated_markers,color_hex_group,color_group,accession_subclass,CL:ID_subclass,tokens_subclass,display_order_subclass,color_hex_subclass,color_subclass,accession_class,CL:ID_class,tokens_class,display_order_class,color_hex_class,color_class,accession_neighborhood,CL:ID_neighborhood,tokens_neighborhood,display_order_neighborhood,color_hex_neighborhood,color_neighborhood,cell_barcode,barcoded_cell_sample_label,alignment_job_id,alignment_job_database
GTTCCTGGTTAGCATG-P0005_1,Nonneuron,OPC-Oligo,Oligodendrocyte,Oligo OPALIN,Marmoset-1,Marmoset-1,CL:0000003,P0005_1,cjCroissant,10x multiome,EFO:0030059,Marmoset,NCBI:txid9483,Adult,Brain,Brain,unknown,unknown,unknown,unknown,unknown,unknown,normal,PATO:0000461,nucleus,True,231010,LPRNXR_231010_1,LPRNXR_231010_1_C6,487,16,476,BR_PXR_240604_1,231004,LPRNXA_231004_1,LPRNXA_231004_1_B1,404,9,14.78,BR_PXA_240220_1,SI-TT-C6_i7,SI-TT-C6_b(i5),SI-NA-B1,33732,6363,0.019617335870862,Callithrix jacchus,CS20250428_GROUP_0025,Nonneuron,CL:0000128,Oligo|OPALIN,9,Siletti et al. 2023,,,,#488edc,,CS20250428_SUBCL_0022,CL:0000128,Oligodendrocyte,7,#def476,,CS20250428_CLASS_0010,CL:0000095,OPC|Oligo,3,#8605d4,,CS20250428_NEIGH_0001,CL:0000000,Nonneuron,1,#f2ca7d,,GTTCCTGGTTAGCATG,P0005_1,240822,Princeton
GGTTACCCACCACAAC-P0005_1,Subpallium GABA,CN LGE GABA,STR D2 MSN,STRd D2 Matrix MSN,Marmoset-82,Marmoset-82,CL:0000003,P0005_1,cjCroissant,10x multiome,EFO:0030059,Marmoset,NCBI:txid9483,Adult,Brain,Brain,unknown,unknown,unknown,unknown,unknown,unknown,normal,PATO:0000461,nucleus,True,231010,LPRNXR_231010_1,LPRNXR_231010_1_C6,487,16,476,BR_PXR_240604_1,231004,LPRNXA_231004_1,LPRNXA_231004_1_B1,404,9,14.78,BR_PXA_240220_1,SI-TT-C6_i7,SI-TT-C6_b(i5),SI-NA-B1,23914,5487,0.0337918475270271,Callithrix jacchus,CS20250428_GROUP_0052,LGE,CL:4030047,STRd|D2 Matrix MSN,53,He et al. 2021,D2-Matrix,,STXBP6,#aec7e8,,CS20250428_SUBCL_0029,CL:4023029,STR|D2 MSN,32,#253c8c,,CS20250428_CLASS_0003,,CN|LGE|GABA,10,#d0b83c,,CS20250428_NEIGH_0002,,Subpallium|GABA,3,#19613b,,GGTTACCCACCACAAC,P0005_1,240822,Princeton
CCATATTTCTGCAACG-P0005_1,Subpallium GABA,CN LGE GABA,STR D1 MSN,STRd D1 Matrix MSN,Marmoset-83,Marmoset-83,CL:0000003,P0005_1,cjCroissant,10x multiome,EFO:0030059,Marmoset,NCBI:txid9483,Adult,Brain,Brain,unknown,unknown,unknown,unknown,unknown,unknown,normal,PATO:0000461,nucleus,True,231010,LPRNXR_231010_1,LPRNXR_231010_1_C6,487,16,476,BR_PXR_240604_1,231004,LPRNXA_231004_1,LPRNXA_231004_1_B1,404,9,14.78,BR_PXA_240220_1,SI-TT-C6_i7,SI-TT-C6_b(i5),SI-NA-B1,23099,5247,0.0094511797651648,Callithrix jacchus,CS20250428_GROUP_0049,LGE,CL:4030043,STRd|D1 Matrix MSN,50,He et al. 2021,D1-Matrix,,STXBP6,#1f77b4,,CS20250428_SUBCL_0028,CL:4023026,STR|D1 MSN,31,#1655f2,,CS20250428_CLASS_0003,,CN|LGE|GABA,10,#d0b83c,,CS20250428_NEIGH_0002,,Subpallium|GABA,3,#19613b,,CCATATTTCTGCAACG,P0005_1,240822,Princeton
ATTGACTCAACTAGAA-P0005_1,Nonneuron,OPC-Oligo,Oligodendrocyte,ImOligo,Marmoset-96,Marmoset-96,CL:0000003,P0005_1,cjCroissant,10x multiome,EFO:0030059,Marmoset,NCBI:txid9483,Adult,Brain,Brain,unknown,unknown,unknown,unknown,unknown,unknown,normal,PATO:0000461,nucleus,True,231010,LPRNXR_231010_1,LPRNXR_231010_1_C6,487,16,476,BR_PXR_240604_1,231004,LPRNXA_231004_1,LPRNXA_231004_1_B1,404,9,14.78,BR_PXA_240220_1,SI-TT-C6_i7,SI-TT-C6_b(i5),SI-NA-B1,22429,6415,0.590108692646027,Callithrix jacchus,CS20250428_GROUP_0018,Nonneuron,CL:4042031,ImOligo,11,Jäkel et al. 2019,,,,#711c24,,CS20250428_SUBCL_0022,CL:0000128,Oligodendrocyte,7,#def476,,CS20250428_CLASS_0010,CL:0000095,OPC|Oligo,3,#8605d4,,CS20250428_NEIGH_0001,CL:0000000,Nonneuron,1,#f2ca7d,,ATTGACTCAACTAGAA,P0005_1,240822,Princeton
GGTCCATCATAATTGC-P0005_1,Subpallium GABA,CN LGE GABA,STR D2 MSN,STRd D2 Striosome MSN,Marmoset-60,Marmoset-60,CL:0000003,P0005_1,cjCroissant,10x multiome,EFO:0030059,Marmoset,NCBI:txid9483,Adult,Brain,Brain,unknown,unknown,unknown,unknown,unknown,unknown,normal,PATO:0000461,nucleus,True,231010,LPRNXR_231010_1,LPRNXR_231010_1_C6,487,16,476,BR_PXR_240604_1,231004,LPRNXA_231004_1,LPRNXA_231004_1_B1,404,9,14.78,BR_PXA_240220_1,SI-TT-C6_i7,SI-TT-C6_b(i5),SI-NA-B1,19041,4360,0.0704223737120628,Callithrix jacchus,CS20250428_GROUP_0054,LGE,CL:4030049,STRd|D2 Striosome MSN,55,He et al. 2021,D2-Striosome,,KCNIP1,#ff9896,,CS20250428_SUBCL_0029,CL:4023029,STR|D2 MSN,32,#253c8c,,CS20250428_CLASS_0003,,CN|LGE|GABA,10,#d0b83c,,CS20250428_NEIGH_0002,,Subpallium|GABA,3,#19613b,,GGTCCATCATAATTGC,P0005_1,240822,Princeton
TTGCTTTAGTTGCCTC-P0005_1,Subpallium GABA,CN LGE GABA,STR D1 MSN,STRv D1 MSN,Marmoset-118,Marmoset-118,CL:0000003,P0005_1,cjCroissant,10x multiome,EFO:0030059,Marmoset,NCBI:txid9483,Adult,Brain,Brain,unknown,unknown,unknown,unknown,unknown,unknown,normal,PATO:0000461,nucleus,True,231010,LPRNXR_231010_1,LPRNXR_231010_1_C6,487,16,476,BR_PXR_240604_1,231004,LPRNXA_231004_1,LPRNXA_231004_1_B1,404,9,14.78,BR_PXA_240220_1,SI-TT-C6_i7,SI-TT-C6_b(i5),SI-NA-B1,19035,4665,0.208685219287872,Callithrix jacchus,CS20250428_GROUP_0056,LGE,CL:4030051,STRv|D1 MSN,51,He et al. 2021,D1-Shell/OT,,ARHGAP6,#339933,,CS20250428_SUBCL_0028,CL:4023026,STR|D1 MSN,31,#1655f2,,CS20250428_CLASS_0003,,CN|LGE|GABA,10,#d0b83c,,CS20250428_NEIGH_0002,,Subpallium|GABA,3,#19613b,,TTGCTTTAGTTGCCTC,P0005_1,240822,Princeton
ATTAGCGGTAAGGTCC-P0005_1,Subpallium GABA,CN LGE GABA,STR D1 MSN,STRd D1 Matrix MSN,Marmoset-86,Marmoset-86,CL:0000003,P0005_1,cjCroissant,10x multiome,EFO:0030059,Marmoset,NCBI:txid9483,Adult,Brain,Brain,unknown,unknown,unknown,unknown,unknown,unknown,normal,PATO:0000461,nucleus,True,231010,LPRNXR_231010_1,LPRNXR_231010_1_C6,487,16,476,BR_PXR_240604_1,231004,LPRNXA_231004_1,LPRNXA_231004_1_B1,404,9,14.78,BR_PXA_240220_1,SI-TT-C6_i7,SI-TT-C6_b(i5),SI-NA-B1,16524,4348,0.0049059269949793,Callithrix jacchus,CS20250428_GROUP_0049,LGE,CL:4030043,STRd|D1 Matrix MSN,50,He et al. 2021,D1-Matrix,,STXBP6,#1f77b4,,CS20250428_SUBCL_0028,CL:4023026,STR|D1 MSN,31,#1655f2,,CS20250428_CLASS_0003,,CN|LGE|GABA,10,#d0b83c,,CS20250428_NEIGH_0002,,Subpallium|GABA,3,#19613b,,ATTAGCGGTAAGGTCC,P0005_1,240822,Princeton
GCAAGTGCAATGCCCG-P0005_1,Subpallium GABA,CN LGE GABA,STR D2 MSN,STRd D2 Matrix MSN,Marmoset-61,Marmoset-61,CL:0000003,P0005_1,cjCroissant,10x multiome,EFO:0030059,Marmoset,NCBI:txid9483,Adult,Brain,Brain,unknown,unknown,unknown,unknown,unknown,unknown,normal,PATO:0000461,nucleus,True,231010,LPRNXR_231010_1,LPRNXR_231010_1_C6,487,16,476,BR_PXR_240604_1,231004,LPRNXA_231004_1,LPRNXA_231004_1_B1,404,9,14.78,BR_PXA_240220_1,SI-TT-C6_i7,SI-TT-C6_b(i5),SI-NA-B1,16073,3845,0.0154388742521405,Callithrix jacchus,CS20250428_GROUP_0052,LGE,CL:4030047,STRd|D2 Matrix MSN,53,He et al. 2021,D2-Matrix,,STXBP6,#aec7e8,,CS20250428_SUBCL_0029,CL:4023029,STR|D2 MSN,32,#253c8c,,CS20250428_CLASS_0003,,CN|LGE|GABA,10,#d0b83c,,CS20250428_NEIGH_0002,,Subpallium|GABA,3,#19613b,,GCAAGTGCAATGCCCG,P0005_1,240822,Princeton
CTAGCGGGTTTATTCG-P0005_1,Subpallium GABA,CN LGE GABA,STR D1 MSN,STRd D1 Matrix MSN,Marmoset-122,Marmoset-122,CL:0000003,P0005_1,cjCroissant,10x multiome,EFO:0030059,Marmoset,NCBI:txid9483,Adult,Brain,Brain,unknown,unknown,unknown,unknown,unknown,unknown,normal,PATO:0000461,nucleus,True,231010,LPRNXR_231010_1,LPRNXR_231010_1_C6,487,16,476,BR_PXR_240604_1,231004,LPRNXA_231004_1,LPRNXA_231004_1_B1,404,9,14.78,BR_PXA_240220_1,SI-TT-C6_i7,SI-TT-C6_b(i5),SI-NA-B1,16068,4405,0.0075629586353898,Callithrix jacchus,CS20250428_GROUP_0049,LGE,CL:4030043,STRd|D1 Matrix MSN,50,He et al. 2021,D1-Matrix,,STXBP6,#1f77b4,,CS20250428_SUBCL_0028,CL:4023026,STR|D1 MSN,31,#1655f2,,CS20250428_CLASS_0003,,CN|LGE|GABA,10,#d0b83c,,CS20250428_NEIGH_0002,,Subpallium|GABA,3,#19613b,,CTAGCGGGTTTATTCG,P0005_1,240822,Princeton
CGAAGCCTCAATGTCA-P0005_1,Subpallium GABA,CN MGE GABA,CN ST18 GABA,STR FS PTHLH-PVALB GABA,Marmoset-140,Marmoset-140,CL:0000003,P0005_1,cjCroissant,10x multiome,EFO:0030059,Marmoset,NCBI:txid9483,Adult,Brain,Brain,unknown,unknown,unknown,unknown,unknown,unknown,normal,PATO:0000461,nucleus,True,231010,LPRNXR_231010_1,LPRNXR_231010_1_C6,487,16,476,BR_PXR_240604_1,231004,LPRNXA_231004_1,LPRNXA_231004_1_B1,404,9,14.78,BR_PXA_240220_1,SI-TT-C6_i7,SI-TT-C6_b(i5),SI-NA-B1,16179,4784,0.141660541296005,Callithrix jacchus,CS20250428_GROUP_0040,Interneuron,CL:4042023,STR|FS|PTHLH|PVALB|GABA,28,Muñoz-Manchado et al. 2018,Pvalb Pthlh | FS,,"ST18, PTHLH, COL19A1",#800000,,CS20250428_SUBCL_0008,,CN|ST18|GABA,18,#5fd989,,CS20250428_CLASS_0005,,CN|MGE|GABA,7,#ce4c27,,CS20250428_NEIGH_0002,,Subpallium|GABA,3,#19613b,,CGAAGCCTCAATGTCA,P0005_1,240822,Princeton
ATTCCTAGTCACCAAA-P0005_1,Subpallium GABA,CN LGE GABA,STR D2 MSN,STRd D2 Matrix MSN,Marmoset-151,Marmoset-151,CL:0000003,P0005_1,cjCroissant,10x multiome,EFO:0030059,Marmoset,NCBI:txid9483,Adult,Brain,Brain,unknown,unknown,unknown,unknown,unknown,unknown,normal,PATO:0000461,nucleus,True,231010,LPRNXR_231010_1,LPRNXR_231010_1_C6,487,16,476,BR_PXR_240604_1,231004,LPRNXA_231004_1,LPRNXA_231004_1_B1,404,9,14.78,BR_PXA_240220_1,SI-TT-C6_i7,SI-TT-C6_b(i5),SI-NA-B1,15619,4393,0.180065631866455,Callithrix jacchus,CS20250428_GROUP_0052,LGE,CL:4030047,STRd|D2 Matrix MSN,53,He et al. 2021,D2-Matrix,,STXBP6,#aec7e8,,CS20250428_SUBCL_0029,CL:4023029,STR|D2 MSN,32,#253c8c,,CS20250428_CLASS_0003,,CN|LGE|GABA,10,#d0b83c,,CS20250428_NEIGH_0002,,Subpallium|GABA,3,#19613b,,ATTCCTAGTCACCAAA,P0005_1,240822,Princeton
GTTCCTTCAGTAGGTG-P0005_1,Subpallium GABA,CN LGE GABA,STR D2 MSN,STRd D2 Matrix MSN,Marmoset-72,Marmoset-72,CL:0000003,P0005_1,cjCroissant,10x multiome,EFO:0030059,Marmoset,NCBI:txid9483,Adult,Brain,Brain,unknown,unknown,unknown,unknown,unknown,unknown,normal,PATO:0000461,nucleus,True,231010,LPRNXR_231010_1,LPRNXR_231010_1_C6,487,16,476,BR_PXR_240604_1,231004,LPRNXA_231004_1,LPRNXA_231004_1_B1,404,9,14.78,BR_PXA_240220_1,SI-TT-C6_i7,SI-TT-C6_b(i5),SI-NA-B1,15040,4336,0.0045147063210606,Callithrix jacchus,CS20250428_GROUP_0052,LGE,CL:4030047,STRd|D2 Matrix MSN,53,He et al. 2021,D2-Matrix,,STXBP6,#aec7e8,,CS20250428_SUBCL_0029,CL:4023029,STR|D2 MSN,32,#253c8c,,CS20250428_CLASS_0003,,CN|LGE|GABA,10,#d0b83c,,CS20250428_NEIGH_0002,,Subpallium|GABA,3,#19613b,,GTTCCTTCAGTAGGTG,P0005_1,240822,Princeton
TTAGCCTGTGGATTAT-P0005_1,Subpallium GABA,CN LGE GABA,STR D1 MSN,STRd D1 Striosome MSN,Marmoset-195,Marmoset-195,CL:0000003,P0005_1,cjCroissant,10x multiome,EFO:0030059,Marmoset,NCBI:txid9483,Adult,Brain,Brain,unknown,unknown,unknown,unknown,unknown,unknown,normal,PATO:0000461,nucleus,True,231010,LPRNXR_231010_1,LPRNXR_231010_1_C6,487,16,476,BR_PXR_240604_1,231004,LPRNXA_231004_1,LPRNXA_231004_1_B1,404,9,14.78,BR_PXA_240220_1,SI-TT-C6_i7,SI-TT-C6_b(i5),SI-NA-B1,14187,3839,0.0623068101704121,Callithrix jacchus,CS20250428_GROUP_0050,LGE,CL:4030048,STRd|D1 Striosome MSN,52,He et al. 2021,D1-Striosome,,KCNIP1,#d62728,,CS20250428_SUBCL_0028,CL:4023026,STR|D1 MSN,31,#1655f2,,CS20250428_CLASS_0003,,CN|LGE|GABA,10,#d0b83c,,CS20250428_NEIGH_0002,,Subpallium|GABA,3,#19613b,,TTAGCCTGTGGATTAT,P0005_1,240822,Princeton
TGATGATGTGGAAGGC-P0005_1,Subpallium GABA,CN LGE GABA,STR D1 MSN,STRd D1 Matrix MSN,Marmoset-85,Marmoset-85,CL:0000003,P0005_1,cjCroissant,10x multiome,EFO:0030059,Marmoset,NCBI:txid9483,Adult,Brain,Brain,unknown,unknown,unknown,unknown,unknown,unknown,normal,PATO:0000461,nucleus,True,231010,LPRNXR_231010_1,LPRNXR_231010_1_C6,487,16,476,BR_PXR_240604_1,231004,LPRNXA_231004_1,LPRNXA_231004_1_B1,404,9,14.78,BR_PXA_240220_1,SI-TT-C6_i7,SI-TT-C6_b(i5),SI-NA-B1,14124,4083,0.0107031147927046,Callithrix jacchus,CS20250428_GROUP_0049,LGE,CL:4030043,STRd|D1 Matrix MSN,50,He et al. 2021,D1-Matrix,,STXBP6,#1f77b4,,CS20250428_SUBCL_0028,CL:4023026,STR|D1 MSN,31,#1655f2,,CS20250428_CLASS_0003,,CN|LGE|GABA,10,#d0b83c,,CS20250428_NEIGH_0002,,Subpallium|GABA,3,#19613b,,TGATGATGTGGAAGGC,P0005_1,240822,Princeton
GGGAATATCATTGTCT-P0005_1,Subpallium GABA,CN LGE GABA,STR Hybrid MSN,STR D1D2 Hybrid MSN,Marmoset-206,Marmoset-206,CL:0000003,P0005_1,cjCroissant,10x multiome,EFO:0030059,Marmoset,NCBI:txid9483,Adult,Brain,Brain,unknown,unknown,unknown,unknown,unknown,unknown,normal,PATO:0000461,nucleus,True,231010,LPRNXR_231010_1,LPRNXR_231010_1_C6,487,16,476,BR_PXR_240604_1,231004,LPRNXA_231004_1,LPRNXA_231004_1_B1,404,9,14.78,BR_PXA_240220_1,SI-TT-C6_i7,SI-TT-C6_b(i5),SI-NA-B1,13264,3816,0.180977389216423,Callithrix jacchus,CS20250428_GROUP_0051,LGE,CL:4030050,STR|D1D2 Hybrid MSN,58,He et al. 2021,D1/D2 Hybrid,,"CRHR2, GRIK1",#9467bd,,CS20250428_SUBCL_0030,CL:4030050,STR|Hybrid MSN,33,#79bdf4,,CS20250428_CLASS_0003,,CN|LGE|GABA,10,#d0b83c,,CS20250428_NEIGH_0002,,Subpallium|GABA,3,#19613b,,GGGAATATCATTGTCT,P0005_1,240822,Princeton
TAGTCAATCCGCTAGA-P0005_1,Subpallium GABA,CN LGE GABA,STR D1 MSN,STRv D1 MSN,Marmoset-120,Marmoset-120,CL:0000003,P0005_1,cjCroissant,10x multiome,EFO:0030059,Marmoset,NCBI:txid9483,Adult,Brain,Brain,unknown,unknown,unknown,unknown,unknown,unknown,normal,PATO:0000461,nucleus,True,231010,LPRNXR_231010_1,LPRNXR_231010_1_C6,487,16,476,BR_PXR_240604_1,231004,LPRNXA_231004_1,LPRNXA_231004_1_B1,404,9,14.78,BR_PXA_240220_1,SI-TT-C6_i7,SI-TT-C6_b(i5),SI-NA-B1,12932,4014,0.240091174840927,Callithrix jacchus,CS20250428_GROUP_0056,LGE,CL:4030051,STRv|D1 MSN,51,He et al. 2021,D1-Shell/OT,,ARHGAP6,#339933,,CS20250428_SUBCL_0028,CL:4023026,STR|D1 MSN,31,#1655f2,,CS20250428_CLASS_0003,,CN|LGE|GABA,10,#d0b83c,,CS20250428_NEIGH_0002,,Subpallium|GABA,3,#19613b,,TAGTCAATCCGCTAGA,P0005_1,240822,Princeton
GTTACCTGTAGCTAAT-P0005_1,Subpallium GABA,CN LGE GABA,STR D2 MSN,STRd D2 Matrix MSN,Marmoset-155,Marmoset-155,CL:0000003,P0005_1,cjCroissant,10x multiome,EFO:0030059,Marmoset,NCBI:txid9483,Adult,Brain,Brain,unknown,unknown,unknown,unknown,unknown,unknown,normal,PATO:0000461,nucleus,True,231010,LPRNXR_231010_1,LPRNXR_231010_1_C6,487,16,476,BR_PXR_240604_1,231004,LPRNXA_231004_1,LPRNXA_231004_1_B1,404,9,14.78,BR_PXA_240220_1,SI-TT-C6_i7,SI-TT-C6_b(i5),SI-NA-B1,12589,3856,0.157207831740379,Callithrix jacchus,CS20250428_GROUP_0052,LGE,CL:4030047,STRd|D2 Matrix MSN,53,He et al. 2021,D2-Matrix,,STXBP6,#aec7e8,,CS20250428_SUBCL_0029,CL:4023029,STR|D2 MSN,32,#253c8c,,CS20250428_CLASS_0003,,CN|LGE|GABA,10,#d0b83c,,CS20250428_NEIGH_0002,,Subpallium|GABA,3,#19613b,,GTTACCTGTAGCTAAT,P0005_1,240822,Princeton
TTCAGCACACCAGCAT-P0005_1,Subpallium GABA,CN LGE GABA,STR D2 MSN,STRd D2 Striosome MSN,Marmoset-153,Marmoset-153,CL:0000003,P0005_1,cjCroissant,10x multiome,EFO:0030059,Marmoset,NCBI:txid9483,Adult,Brain,Brain,unknown,unknown,unknown,unknown,unknown,unknown,normal,PATO:0000461,nucleus,True,231010,LPRNXR_231010_1,LPRNXR_231010_1_C6,487,16,476,BR_PXR_240604_1,231004,LPRNXA_231004_1,LPRNXA_231004_1_B1,404,9,14.78,BR_PXA_240220_1,SI-TT-C6_i7,SI-TT-C6_b(i5),SI-NA-B1,11907,3815,0.0034350550267845,Callithrix jacchus,CS20250428_GROUP_0054,LGE,CL:4030049,STRd|D2 Striosome MSN,55,He et al. 2021,D2-Striosome,,KCNIP1,#ff9896,,CS20250428_SUBCL_0029,CL:4023029,STR|D2 MSN,32,#253c8c,,CS20250428_CLASS_0003,,CN|LGE|GABA,10,#d0b83c,,CS20250428_NEIGH_0002,,Subpallium|GABA,3,#19613b,,TTCAGCACACCAGCAT,P0005_1,240822,Princeton
ACCCTCCCACCCTCAC-P0005_1,Subpallium GABA,CN LGE GABA,STR Hybrid MSN,STR D1D2 Hybrid MSN,Marmoset-208,Marmoset-208,CL:0000003,P0005_1,cjCroissant,10x multiome,EFO:0030059,Marmoset,NCBI:txid9483,Adult,Brain,Brain,unknown,unknown,unknown,unknown,unknown,unknown,normal,PATO:0000461,nucleus,True,231010,LPRNXR_231010_1,LPRNXR_231010_1_C6,487,16,476,BR_PXR_240604_1,231004,LPRNXA_231004_1,LPRNXA_231004_1_B1,404,9,14.78,BR_PXA_240220_1,SI-TT-C6_i7,SI-TT-C6_b(i5),SI-NA-B1,11915,4064,0.158452421426773,Callithrix jacchus,CS20250428_GROUP_0051,LGE,CL:4030050,STR|D1D2 Hybrid MSN,58,He et al. 2021,D1/D2 Hybrid,,"CRHR2, GRIK1",#9467bd,,CS20250428_SUBCL_0030,CL:4030050,STR|Hybrid MSN,33,#79bdf4,,CS20250428_CLASS_0003,,CN|LGE|GABA,10,#d0b83c,,CS20250428_NEIGH_0002,,Subpallium|GABA,3,#19613b,,ACCCTCCCACCCTCAC,P0005_1,240822,Princeton
GGCCAACTCACCTGCT-P0005_1,Subpallium GABA,CN LGE GABA,STR D2 MSN,STRd D2 Matrix MSN,Marmoset-65,Marmoset-65,CL:0000003,P0005_1,cjCroissant,10x multiome,EFO:0030059,Marmoset,NCBI:txid9483,Adult,Brain,Brain,unknown,unknown,unknown,unknown,unknown,unknown,normal,PATO:0000461,nucleus,True,231010,LPRNXR_231010_1,LPRNXR_231010_1_C6,487,16,476,BR_PXR_240604_1,231004,LPRNXA_231004_1,LPRNXA_231004_1_B1,404,9,14.78,BR_PXA_240220_1,SI-TT-C6_i7,SI-TT-C6_b(i5),SI-NA-B1,11682,4275,0.0301294587552547,Callithrix jacchus,CS20250428_GROUP_0052,LGE,CL:4030047,STRd|D2 Matrix MSN,53,He et al. 2021,D2-Matrix,,STXBP6,#aec7e8,,CS20250428_SUBCL_0029,CL:4023029,STR|D2 MSN,32,#253c8c,,CS20250428_CLASS_0003,,CN|LGE|GABA,10,#d0b83c,,CS20250428_NEIGH_0002,,Subpallium|GABA,3,#19613b,,GGCCAACTCACCTGCT,P0005_1,240822,Princeton
TCACGGATCTTCAATC-P0005_1,Nonneuron,OPC-Oligo,OPC,OPC,Marmoset-236,Marmoset-236,CL:0000003,P0005_1,cjCroissant,10x multiome,EFO:0030059,Marmoset,NCBI:txid9483,Adult,Brain,Brain,unknown,unknown,unknown,unknown,unknown,unknown,normal,PATO:0000461,nucleus,True,231010,LPRNXR_231010_1,LPRNXR_231010_1_C6,487,16,476,BR_PXR_240604_1,231004,LPRNXA_231004_1,LPRNXA_231004_1_B1,404,9,14.78,BR_PXA_240220_1,SI-TT-C6_i7,SI-TT-C6_b(i5),SI-NA-B1,11370,4046,0.0454978533089161,Callithrix jacchus,CS20250428_GROUP_0023,Nonneuron,CL:0002453,OPC,12,Siletti et al. 2023,,,,#f5e689,,CS20250428_SUBCL_0020,CL:0002453,OPC,8,#c68ae4,,CS20250428_CLASS_0010,CL:0000095,OPC|Oligo,3,#8605d4,,CS20250428_NEIGH_0001,CL:0000000,Nonneuron,1,#f2ca7d,,TCACGGATCTTCAATC,P0005_1,240822,Princeton
AGGTTTATCTTAGGGT-P0005_1,Subpallium GABA,CN LGE GABA,STR D1 MSN,STRv D1 MSN,Marmoset-135,Marmoset-135,CL:0000003,P0005_1,cjCroissant,10x multiome,EFO:0030059,Marmoset,NCBI:txid9483,Adult,Brain,Brain,unknown,unknown,unknown,unknown,unknown,unknown,normal,PATO:0000461,nucleus,True,231010,LPRNXR_231010_1,LPRNXR_231010_1_C6,487,16,476,BR_PXR_240604_1,231004,LPRNXA_231004_1,LPRNXA_231004_1_B1,404,9,14.78,BR_PXA_240220_1,SI-TT-C6_i7,SI-TT-C6_b(i5),SI-NA-B1,10685,3085,0.0078519647940993,Callithrix jacchus,CS20250428_GROUP_0056,LGE,CL:4030051,STRv|D1 MSN,51,He et al. 2021,D1-Shell/OT,,ARHGAP6,#339933,,CS20250428_SUBCL_0028,CL:4023026,STR|D1 MSN,31,#1655f2,,CS20250428_CLASS_0003,,CN|LGE|GABA,10,#d0b83c,,CS20250428_NEIGH_0002,,Subpallium|GABA,3,#19613b,,AGGTTTATCTTAGGGT,P0005_1,240822,Princeton
CTTTGGTGTTGAAGCC-P0005_1,Subpallium GABA,CN LGE GABA,STR D1 MSN,STRd D1 Striosome MSN,Marmoset-196,Marmoset-196,CL:0000003,P0005_1,cjCroissant,10x multiome,EFO:0030059,Marmoset,NCBI:txid9483,Adult,Brain,Brain,unknown,unknown,unknown,unknown,unknown,unknown,normal,PATO:0000461,nucleus,True,231010,LPRNXR_231010_1,LPRNXR_231010_1_C6,487,16,476,BR_PXR_240604_1,231004,LPRNXA_231004_1,LPRNXA_231004_1_B1,404,9,14.78,BR_PXA_240220_1,SI-TT-C6_i7,SI-TT-C6_b(i5),SI-NA-B1,10506,3349,0.018033379688859,Callithrix jacchus,CS20250428_GROUP_0050,LGE,CL:4030048,STRd|D1 Striosome MSN,52,He et al. 2021,D1-Striosome,,KCNIP1,#d62728,,CS20250428_SUBCL_0028,CL:4023026,STR|D1 MSN,31,#1655f2,,CS20250428_CLASS_0003,,CN|LGE|GABA,10,#d0b83c,,CS20250428_NEIGH_0002,,Subpallium|GABA,3,#19613b,,CTTTGGTGTTGAAGCC,P0005_1,240822,Princeton
TATGCATCAGGTTACC-P0005_1,Subpallium GABA,CN LGE GABA,STR D1 MSN,STRd D1 Striosome MSN,Marmoset-199,Marmoset-199,CL:0000003,P0005_1,cjCroissant,10x multiome,EFO:0030059,Marmoset,NCBI:txid9483,Adult,Brain,Brain,unknown,unknown,unknown,unknown,unknown,unknown,normal,PATO:0000461,nucleus,True,231010,LPRNXR_231010_1,LPRNXR_231010_1_C6,487,16,476,BR_PXR_240604_1,231004,LPRNXA_231004_1,LPRNXA_231004_1_B1,404,9,14.78,BR_PXA_240220_1,SI-TT-C6_i7,SI-TT-C6_b(i5),SI-NA-B1,10598,3732,0.0568455457687378,Callithrix jacchus,CS20250428_GROUP_0050,LGE,CL:4030048,STRd|D1 Striosome MSN,52,He et al. 2021,D1-Striosome,,KCNIP1,#d62728,,CS20250428_SUBCL_0028,CL:4023026,STR|D1 MSN,31,#1655f2,,CS20250428_CLASS_0003,,CN|LGE|GABA,10,#d0b83c,,CS20250428_NEIGH_0002,,Subpallium|GABA,3,#19613b,,TATGCATCAGGTTACC,P0005_1,240822,Princeton
CCGATGCAGCTTTGGG-P0005_1,Subpallium GABA,CN LGE GABA,STR D2 MSN,STRd D2 Matrix MSN,Marmoset-152,Marmoset-152,CL:0000003,P0005_1,cjCroissant,10x multiome,EFO:0030059,Marmoset,NCBI:txid9483,Adult,Brain,Brain,unknown,unknown,unknown,unknown,unknown,unknown,normal,PATO:0000461,nucleus,True,231010,LPRNXR_231010_1,LPRNXR_231010_1_C6,487,16,476,BR_PXR_240604_1,231004,LPRNXA_231004_1,LPRNXA_231004_1_B1,404,9,14.78,BR_PXA_240220_1,SI-TT-C6_i7,SI-TT-C6_b(i5),SI-NA-B1,10238,3468,0.0064055328257381,Callithrix jacchus,CS20250428_GROUP_0052,LGE,CL:4030047,STRd|D2 Matrix MSN,53,He et al. 2021,D2-Matrix,,STXBP6,#aec7e8,,CS20250428_SUBCL_0029,CL:4023029,STR|D2 MSN,32,#253c8c,,CS20250428_CLASS_0003,,CN|LGE|GABA,10,#d0b83c,,CS20250428_NEIGH_0002,,Subpallium|GABA,3,#19613b,,CCGATGCAGCTTTGGG,P0005_1,240822,Princeton
TACAGCTAGCCTAATA-P0005_1,Subpallium GABA,CN MGE GABA,CN ST18 GABA,STR FS PTHLH-PVALB GABA,Marmoset-141,Marmoset-141,CL:0000003,P0005_1,cjCroissant,10x multiome,EFO:0030059,Marmoset,NCBI:txid9483,Adult,Brain,Brain,unknown,unknown,unknown,unknown,unknown,unknown,normal,PATO:0000461,nucleus,True,231010,LPRNXR_231010_1,LPRNXR_231010_1_C6,487,16,476,BR_PXR_240604_1,231004,LPRNXA_231004_1,LPRNXA_231004_1_B1,404,9,14.78,BR_PXA_240220_1,SI-TT-C6_i7,SI-TT-C6_b(i5),SI-NA-B1,10182,3673,0.0478287860751152,Callithrix jacchus,CS20250428_GROUP_0040,Interneuron,CL:4042023,STR|FS|PTHLH|PVALB|GABA,28,Muñoz-Manchado et al. 2018,Pvalb Pthlh | FS,,"ST18, PTHLH, COL19A1",#800000,,CS20250428_SUBCL_0008,,CN|ST18|GABA,18,#5fd989,,CS20250428_CLASS_0005,,CN|MGE|GABA,7,#ce4c27,,CS20250428_NEIGH_0002,,Subpallium|GABA,3,#19613b,,TACAGCTAGCCTAATA,P0005_1,240822,Princeton
GCAGGACCAACTAGCC-P0005_1,Subpallium GABA,CN LGE GABA,STR D1 MSN,STRd D1 Matrix MSN,Marmoset-198,Marmoset-198,CL:0000003,P0005_1,cjCroissant,10x multiome,EFO:0030059,Marmoset,NCBI:txid9483,Adult,Brain,Brain,unknown,unknown,unknown,unknown,unknown,unknown,normal,PATO:0000461,nucleus,True,231010,LPRNXR_231010_1,LPRNXR_231010_1_C6,487,16,476,BR_PXR_240604_1,231004,LPRNXA_231004_1,LPRNXA_231004_1_B1,404,9,14.78,BR_PXA_240220_1,SI-TT-C6_i7,SI-TT-C6_b(i5),SI-NA-B1,9662,3575,0.16453529894352,Callithrix jacchus,CS20250428_GROUP_0049,LGE,CL:4030043,STRd|D1 Matrix MSN,50,He et al. 2021,D1-Matrix,,STXBP6,#1f77b4,,CS20250428_SUBCL_0028,CL:4023026,STR|D1 MSN,31,#1655f2,,CS20250428_CLASS_0003,,CN|LGE|GABA,10,#d0b83c,,CS20250428_NEIGH_0002,,Subpallium|GABA,3,#19613b,,GCAGGACCAACTAGCC,P0005_1,240822,Princeton
ATGCATTCAGCATTAT-P0005_1,Subpallium GABA,CN LGE GABA,STR D1 MSN,STRd D1 Matrix MSN,Marmoset-90,Marmoset-90,CL:0000003,P0005_1,cjCroissant,10x multiome,EFO:0030059,Marmoset,NCBI:txid9483,Adult,Brain,Brain,unknown,unknown,unknown,unknown,unknown,unknown,normal,PATO:0000461,nucleus,True,231010,LPRNXR_231010_1,LPRNXR_231010_1_C6,487,16,476,BR_PXR_240604_1,231004,LPRNXA_231004_1,LPRNXA_231004_1_B1,404,9,14.78,BR_PXA_240220_1,SI-TT-C6_i7,SI-TT-C6_b(i5),SI-NA-B1,9679,3802,0.0080029563978314,Callithrix jacchus,CS20250428_GROUP_0049,LGE,CL:4030043,STRd|D1 Matrix MSN,50,He et al. 2021,D1-Matrix,,STXBP6,#1f77b4,,CS20250428_SUBCL_0028,CL:4023026,STR|D1 MSN,31,#1655f2,,CS20250428_CLASS_0003,,CN|LGE|GABA,10,#d0b83c,,CS20250428_NEIGH_0002,,Subpallium|GABA,3,#19613b,,ATGCATTCAGCATTAT,P0005_1,240822,Princeton
GCTTGACCAAGCTTTG-P0005_1,Subpallium GABA,CN LGE GABA,STR D2 MSN,STRd D2 StrioMat Hybrid MSN,Marmoset-239,Marmoset-239,CL:0000003,P0005_1,cjCroissant,10x multiome,EFO:0030059,Marmoset,NCBI:txid9483,Adult,Brain,Brain,unknown,unknown,unknown,unknown,unknown,unknown,normal,PATO:0000461,nucleus,True,231010,LPRNXR_231010_1,LPRNXR_231010_1_C6,487,16,476,BR_PXR_240604_1,231004,LPRNXA_231004_1,LPRNXA_231004_1_B1,404,9,14.78,BR_PXA_240220_1,SI-TT-C6_i7,SI-TT-C6_b(i5),SI-NA-B1,9428,3575,0.190702706575394,Callithrix jacchus,CS20250428_GROUP_0053,LGE,,STRd|D2 StrioMat Hybrid MSN,56,Novel,,,,#9268ac,,CS20250428_SUBCL_0029,CL:4023029,STR|D2 MSN,32,#253c8c,,CS20250428_CLASS_0003,,CN|LGE|GABA,10,#d0b83c,,CS20250428_NEIGH_0002,,Subpallium|GABA,3,#19613b,,GCTTGACCAAGCTTTG,P0005_1,240822,Princeton
TAGCCTGAGGCAGGTG-P0005_1,Subpallium GABA,CN MGE GABA,CN ST18 GABA,STR FS PTHLH-PVALB GABA,Marmoset-143,Marmoset-143,CL:0000003,P0005_1,cjCroissant,10x multiome,EFO:0030059,Marmoset,NCBI:txid9483,Adult,Brain,Brain,unknown,unknown,unknown,unknown,unknown,unknown,normal,PATO:0000461,nucleus,True,231010,LPRNXR_231010_1,LPRNXR_231010_1_C6,487,16,476,BR_PXR_240604_1,231004,LPRNXA_231004_1,LPRNXA_231004_1_B1,404,9,14.78,BR_PXA_240220_1,SI-TT-C6_i7,SI-TT-C6_b(i5),SI-NA-B1,9280,3482,0.0948248952627182,Callithrix jacchus,CS20250428_GROUP_0040,Interneuron,CL:4042023,STR|FS|PTHLH|PVALB|GABA,28,Muñoz-Manchado et al. 2018,Pvalb Pthlh | FS,,"ST18, PTHLH, COL19A1",#800000,,CS20250428_SUBCL_0008,,CN|ST18|GABA,18,#5fd989,,CS20250428_CLASS_0005,,CN|MGE|GABA,7,#ce4c27,,CS20250428_NEIGH_0002,,Subpallium|GABA,3,#19613b,,TAGCCTGAGGCAGGTG,P0005_1,240822,Princeton
TCTGTGACAATATACC-P0005_1,Subpallium GABA,CN LGE GABA,STR D1 MSN,STRv D1 MSN,Marmoset-134,Marmoset-134,CL:0000003,P0005_1,cjCroissant,10x multiome,EFO:0030059,Marmoset,NCBI:txid9483,Adult,Brain,Brain,unknown,unknown,unknown,unknown,unknown,unknown,normal,PATO:0000461,nucleus,True,231010,LPRNXR_231010_1,LPRNXR_231010_1_C6,487,16,476,BR_PXR_240604_1,231004,LPRNXA_231004_1,LPRNXA_231004_1_B1,404,9,14.78,BR_PXA_240220_1,SI-TT-C6_i7,SI-TT-C6_b(i5),SI-NA-B1,9159,3326,0.0074474387802183,Callithrix jacchus,CS20250428_GROUP_0056,LGE,CL:4030051,STRv|D1 MSN,51,He et al. 2021,D1-Shell/OT,,ARHGAP6,#339933,,CS20250428_SUBCL_0028,CL:4023026,STR|D1 MSN,31,#1655f2,,CS20250428_CLASS_0003,,CN|LGE|GABA,10,#d0b83c,,CS20250428_NEIGH_0002,,Subpallium|GABA,3,#19613b,,TCTGTGACAATATACC,P0005_1,240822,Princeton
GCCACTAAGCTAGAAG-P0005_1,Nonneuron,OPC-Oligo,Oligodendrocyte,Oligo OPALIN,Marmoset-2,Marmoset-2,CL:0000003,P0005_1,cjCroissant,10x multiome,EFO:0030059,Marmoset,NCBI:txid9483,Adult,Brain,Brain,unknown,unknown,unknown,unknown,unknown,unknown,normal,PATO:0000461,nucleus,True,231010,LPRNXR_231010_1,LPRNXR_231010_1_C6,487,16,476,BR_PXR_240604_1,231004,LPRNXA_231004_1,LPRNXA_231004_1_B1,404,9,14.78,BR_PXA_240220_1,SI-TT-C6_i7,SI-TT-C6_b(i5),SI-NA-B1,9171,3402,0.0232530292123556,Callithrix jacchus,CS20250428_GROUP_0025,Nonneuron,CL:0000128,Oligo|OPALIN,9,Siletti et al. 2023,,,,#488edc,,CS20250428_SUBCL_0022,CL:0000128,Oligodendrocyte,7,#def476,,CS20250428_CLASS_0010,CL:0000095,OPC|Oligo,3,#8605d4,,CS20250428_NEIGH_0001,CL:0000000,Nonneuron,1,#f2ca7d,,GCCACTAAGCTAGAAG,P0005_1,240822,Princeton
TACTTGTTCACAGCCA-P0005_1,Subpallium GABA,CN MGE GABA,CN ST18 GABA,STR TAC3-PLPP4 GABA,Marmoset-278,Marmoset-278,CL:0000003,P0005_1,cjCroissant,10x multiome,EFO:0030059,Marmoset,NCBI:txid9483,Adult,Brain,Brain,unknown,unknown,unknown,unknown,unknown,unknown,normal,PATO:0000461,nucleus,True,231010,LPRNXR_231010_1,LPRNXR_231010_1_C6,487,16,476,BR_PXR_240604_1,231004,LPRNXA_231004_1,LPRNXA_231004_1_B1,404,9,14.78,BR_PXA_240220_1,SI-TT-C6_i7,SI-TT-C6_b(i5),SI-NA-B1,9104,3760,0.212009608745575,Callithrix jacchus,CS20250428_GROUP_0045,Interneuron,CL:4042001,STR|TAC3|PLPP4|GABA,27,Krienen et al. 2020,LHX6 TAC3,,ST18,#ffff00,,CS20250428_SUBCL_0008,,CN|ST18|GABA,18,#5fd989,,CS20250428_CLASS_0005,,CN|MGE|GABA,7,#ce4c27,,CS20250428_NEIGH_0002,,Subpallium|GABA,3,#19613b,,TACTTGTTCACAGCCA,P0005_1,240822,Princeton
CATCCTCAGGATTGCT-P0005_1,Subpallium GABA,CN LGE GABA,STR D2 MSN,STRd D2 Matrix MSN,Marmoset-73,Marmoset-73,CL:0000003,P0005_1,cjCroissant,10x multiome,EFO:0030059,Marmoset,NCBI:txid9483,Adult,Brain,Brain,unknown,unknown,unknown,unknown,unknown,unknown,normal,PATO:0000461,nucleus,True,231010,LPRNXR_231010_1,LPRNXR_231010_1_C6,487,16,476,BR_PXR_240604_1,231004,LPRNXA_231004_1,LPRNXA_231004_1_B1,404,9,14.78,BR_PXA_240220_1,SI-TT-C6_i7,SI-TT-C6_b(i5),SI-NA-B1,8347,3548,0.183204874396324,Callithrix jacchus,CS20250428_GROUP_0052,LGE,CL:4030047,STRd|D2 Matrix MSN,53,He et al. 2021,D2-Matrix,,STXBP6,#aec7e8,,CS20250428_SUBCL_0029,CL:4023029,STR|D2 MSN,32,#253c8c,,CS20250428_CLASS_0003,,CN|LGE|GABA,10,#d0b83c,,CS20250428_NEIGH_0002,,Subpallium|GABA,3,#19613b,,CATCCTCAGGATTGCT,P0005_1,240822,Princeton
GCAGGTTGTATTGCAG-P0005_1,Subpallium GABA,CN LGE GABA,STR D2 MSN,STRd D2 Matrix MSN,Marmoset-80,Marmoset-80,CL:0000003,P0005_1,cjCroissant,10x multiome,EFO:0030059,Marmoset,NCBI:txid9483,Adult,Brain,Brain,unknown,unknown,unknown,unknown,unknown,unknown,normal,PATO:0000461,nucleus,True,231010,LPRNXR_231010_1,LPRNXR_231010_1_C6,487,16,476,BR_PXR_240604_1,231004,LPRNXA_231004_1,LPRNXA_231004_1_B1,404,9,14.78,BR_PXA_240220_1,SI-TT-C6_i7,SI-TT-C6_b(i5),SI-NA-B1,8159,3471,0.0525610074400902,Callithrix jacchus,CS20250428_GROUP_0052,LGE,CL:4030047,STRd|D2 Matrix MSN,53,He et al. 2021,D2-Matrix,,STXBP6,#aec7e8,,CS20250428_SUBCL_0029,CL:4023029,STR|D2 MSN,32,#253c8c,,CS20250428_CLASS_0003,,CN|LGE|GABA,10,#d0b83c,,CS20250428_NEIGH_0002,,Subpallium|GABA,3,#19613b,,GCAGGTTGTATTGCAG,P0005_1,240822,Princeton
ATTACGTCATCCCGCT-P0005_1,Subpallium GABA,CN MGE GABA,CN ST18 GABA,STR TAC3-PLPP4 GABA,Marmoset-279,Marmoset-279,CL:0000003,P0005_1,cjCroissant,10x multiome,EFO:0030059,Marmoset,NCBI:txid9483,Adult,Brain,Brain,unknown,unknown,unknown,unknown,unknown,unknown,normal,PATO:0000461,nucleus,True,231010,LPRNXR_231010_1,LPRNXR_231010_1_C6,487,16,476,BR_PXR_240604_1,231004,LPRNXA_231004_1,LPRNXA_231004_1_B1,404,9,14.78,BR_PXA_240220_1,SI-TT-C6_i7,SI-TT-C6_b(i5),SI-NA-B1,8014,3259,0.0859864726662636,Callithrix jacchus,CS20250428_GROUP_0045,Interneuron,CL:4042001,STR|TAC3|PLPP4|GABA,27,Krienen et al. 2020,LHX6 TAC3,,ST18,#ffff00,,CS20250428_SUBCL_0008,,CN|ST18|GABA,18,#5fd989,,CS20250428_CLASS_0005,,CN|MGE|GABA,7,#ce4c27,,CS20250428_NEIGH_0002,,Subpallium|GABA,3,#19613b,,ATTACGTCATCCCGCT,P0005_1,240822,Princeton
TCTAACTTCTCACTCA-P0005_1,Subpallium GABA,CN LGE GABA,STR D2 MSN,STRd D2 Matrix MSN,Marmoset-66,Marmoset-66,CL:0000003,P0005_1,cjCroissant,10x multiome,EFO:0030059,Marmoset,NCBI:txid9483,Adult,Brain,Brain,unknown,unknown,unknown,unknown,unknown,unknown,normal,PATO:0000461,nucleus,True,231010,LPRNXR_231010_1,LPRNXR_231010_1_C6,487,16,476,BR_PXR_240604_1,231004,LPRNXA_231004_1,LPRNXA_231004_1_B1,404,9,14.78,BR_PXA_240220_1,SI-TT-C6_i7,SI-TT-C6_b(i5),SI-NA-B1,7514,2851,0.0051124435849487,Callithrix jacchus,CS20250428_GROUP_0052,LGE,CL:4030047,STRd|D2 Matrix MSN,53,He et al. 2021,D2-Matrix,,STXBP6,#aec7e8,,CS20250428_SUBCL_0029,CL:4023029,STR|D2 MSN,32,#253c8c,,CS20250428_CLASS_0003,,CN|LGE|GABA,10,#d0b83c,,CS20250428_NEIGH_0002,,Subpallium|GABA,3,#19613b,,TCTAACTTCTCACTCA,P0005_1,240822,Princeton
GACTTGGTCTAATTGG-P0005_1,Subpallium GABA,CN LGE GABA,STR D2 MSN,STRv D2 MSN,Marmoset-75,Marmoset-75,CL:0000003,P0005_1,cjCroissant,10x multiome,EFO:0030059,Marmoset,NCBI:txid9483,Adult,Brain,Brain,unknown,unknown,unknown,unknown,unknown,unknown,normal,PATO:0000461,nucleus,True,231010,LPRNXR_231010_1,LPRNXR_231010_1_C6,487,16,476,BR_PXR_240604_1,231004,LPRNXA_231004_1,LPRNXA_231004_1_B1,404,9,14.78,BR_PXA_240220_1,SI-TT-C6_i7,SI-TT-C6_b(i5),SI-NA-B1,7640,3281,0.0171487033367157,Callithrix jacchus,CS20250428_GROUP_0058,LGE,CL:4030052,STRv|D2 MSN,54,He et al. 2021,D2-Shell/OT,,ARHGAP6,#98df8a,,CS20250428_SUBCL_0029,CL:4023029,STR|D2 MSN,32,#253c8c,,CS20250428_CLASS_0003,,CN|LGE|GABA,10,#d0b83c,,CS20250428_NEIGH_0002,,Subpallium|GABA,3,#19613b,,GACTTGGTCTAATTGG,P0005_1,240822,Princeton
GTTAGACTCTCAATGA-P0005_1,Subpallium GABA,CN LGE GABA,STR D1 MSN,STRd D1 Matrix MSN,Marmoset-88,Marmoset-88,CL:0000003,P0005_1,cjCroissant,10x multiome,EFO:0030059,Marmoset,NCBI:txid9483,Adult,Brain,Brain,unknown,unknown,unknown,unknown,unknown,unknown,normal,PATO:0000461,nucleus,True,231010,LPRNXR_231010_1,LPRNXR_231010_1_C6,487,16,476,BR_PXR_240604_1,231004,LPRNXA_231004_1,LPRNXA_231004_1_B1,404,9,14.78,BR_PXA_240220_1,SI-TT-C6_i7,SI-TT-C6_b(i5),SI-NA-B1,7551,3317,0.0075481128878891,Callithrix jacchus,CS20250428_GROUP_0049,LGE,CL:4030043,STRd|D1 Matrix MSN,50,He et al. 2021,D1-Matrix,,STXBP6,#1f77b4,,CS20250428_SUBCL_0028,CL:4023026,STR|D1 MSN,31,#1655f2,,CS20250428_CLASS_0003,,CN|LGE|GABA,10,#d0b83c,,CS20250428_NEIGH_0002,,Subpallium|GABA,3,#19613b,,GTTAGACTCTCAATGA,P0005_1,240822,Princeton
TTGTTTGGTGTCCTGC-P0005_1,Subpallium GABA,CN LGE GABA,STR D2 MSN,STRd D2 Striosome MSN,Marmoset-78,Marmoset-78,CL:0000003,P0005_1,cjCroissant,10x multiome,EFO:0030059,Marmoset,NCBI:txid9483,Adult,Brain,Brain,unknown,unknown,unknown,unknown,unknown,unknown,normal,PATO:0000461,nucleus,True,231010,LPRNXR_231010_1,LPRNXR_231010_1_C6,487,16,476,BR_PXR_240604_1,231004,LPRNXA_231004_1,LPRNXA_231004_1_B1,404,9,14.78,BR_PXA_240220_1,SI-TT-C6_i7,SI-TT-C6_b(i5),SI-NA-B1,7215,3157,0.0070218490436673,Callithrix jacchus,CS20250428_GROUP_0054,LGE,CL:4030049,STRd|D2 Striosome MSN,55,He et al. 2021,D2-Striosome,,KCNIP1,#ff9896,,CS20250428_SUBCL_0029,CL:4023029,STR|D2 MSN,32,#253c8c,,CS20250428_CLASS_0003,,CN|LGE|GABA,10,#d0b83c,,CS20250428_NEIGH_0002,,Subpallium|GABA,3,#19613b,,TTGTTTGGTGTCCTGC,P0005_1,240822,Princeton
ACTATGTCACTAGGTC-P0005_1,Subpallium GABA,CN LGE GABA,STR D1 MSN,STRd D1 Striosome MSN,Marmoset-197,Marmoset-197,CL:0000003,P0005_1,cjCroissant,10x multiome,EFO:0030059,Marmoset,NCBI:txid9483,Adult,Brain,Brain,unknown,unknown,unknown,unknown,unknown,unknown,normal,PATO:0000461,nucleus,True,231010,LPRNXR_231010_1,LPRNXR_231010_1_C6,487,16,476,BR_PXR_240604_1,231004,LPRNXA_231004_1,LPRNXA_231004_1_B1,404,9,14.78,BR_PXA_240220_1,SI-TT-C6_i7,SI-TT-C6_b(i5),SI-NA-B1,6610,2739,0.006532737519592,Callithrix jacchus,CS20250428_GROUP_0050,LGE,CL:4030048,STRd|D1 Striosome MSN,52,He et al. 2021,D1-Striosome,,KCNIP1,#d62728,,CS20250428_SUBCL_0028,CL:4023026,STR|D1 MSN,31,#1655f2,,CS20250428_CLASS_0003,,CN|LGE|GABA,10,#d0b83c,,CS20250428_NEIGH_0002,,Subpallium|GABA,3,#19613b,,ACTATGTCACTAGGTC,P0005_1,240822,Princeton
ACCATTAAGAACCTAC-P0005_1,Subpallium GABA,CN LGE GABA,STR Hybrid MSN,STR D1D2 Hybrid MSN,Marmoset-209,Marmoset-209,CL:0000003,P0005_1,cjCroissant,10x multiome,EFO:0030059,Marmoset,NCBI:txid9483,Adult,Brain,Brain,unknown,unknown,unknown,unknown,unknown,unknown,normal,PATO:0000461,nucleus,True,231010,LPRNXR_231010_1,LPRNXR_231010_1_C6,487,16,476,BR_PXR_240604_1,231004,LPRNXA_231004_1,LPRNXA_231004_1_B1,404,9,14.78,BR_PXA_240220_1,SI-TT-C6_i7,SI-TT-C6_b(i5),SI-NA-B1,6065,2205,0.0623947083950043,Callithrix jacchus,CS20250428_GROUP_0051,LGE,CL:4030050,STR|D1D2 Hybrid MSN,58,He et al. 2021,D1/D2 Hybrid,,"CRHR2, GRIK1",#9467bd,,CS20250428_SUBCL_0030,CL:4030050,STR|Hybrid MSN,33,#79bdf4,,CS20250428_CLASS_0003,,CN|LGE|GABA,10,#d0b83c,,CS20250428_NEIGH_0002,,Subpallium|GABA,3,#19613b,,ACCATTAAGAACCTAC,P0005_1,240822,Princeton
CTGCTATGTCCACAAA-P0005_1,Subpallium GABA,CN LGE GABA,STR Hybrid MSN,STR D1D2 Hybrid MSN,Marmoset-210,Marmoset-210,CL:0000003,P0005_1,cjCroissant,10x multiome,EFO:0030059,Marmoset,NCBI:txid9483,Adult,Brain,Brain,unknown,unknown,unknown,unknown,unknown,unknown,normal,PATO:0000461,nucleus,True,231010,LPRNXR_231010_1,LPRNXR_231010_1_C6,487,16,476,BR_PXR_240604_1,231004,LPRNXA_231004_1,LPRNXA_231004_1_B1,404,9,14.78,BR_PXA_240220_1,SI-TT-C6_i7,SI-TT-C6_b(i5),SI-NA-B1,5669,2345,0.0495366305112839,Callithrix jacchus,CS20250428_GROUP_0051,LGE,CL:4030050,STR|D1D2 Hybrid MSN,58,He et al. 2021,D1/D2 Hybrid,,"CRHR2, GRIK1",#9467bd,,CS20250428_SUBCL_0030,CL:4030050,STR|Hybrid MSN,33,#79bdf4,,CS20250428_CLASS_0003,,CN|LGE|GABA,10,#d0b83c,,CS20250428_NEIGH_0002,,Subpallium|GABA,3,#19613b,,CTGCTATGTCCACAAA,P0005_1,240822,Princeton
GTCGGTTCACCCACAG-P0005_1,Subpallium GABA,CN LGE GABA,STR Hybrid MSN,STR D1D2 Hybrid MSN,Marmoset-211,Marmoset-211,CL:0000003,P0005_1,cjCroissant,10x multiome,EFO:0030059,Marmoset,NCBI:txid9483,Adult,Brain,Brain,unknown,unknown,unknown,unknown,unknown,unknown,normal,PATO:0000461,nucleus,True,231010,LPRNXR_231010_1,LPRNXR_231010_1_C6,487,16,476,BR_PXR_240604_1,231004,LPRNXA_231004_1,LPRNXA_231004_1_B1,404,9,14.78,BR_PXA_240220_1,SI-TT-C6_i7,SI-TT-C6_b(i5),SI-NA-B1,5488,2691,0.266796082258224,Callithrix jacchus,CS20250428_GROUP_0051,LGE,CL:4030050,STR|D1D2 Hybrid MSN,58,He et al. 2021,D1/D2 Hybrid,,"CRHR2, GRIK1",#9467bd,,CS20250428_SUBCL_0030,CL:4030050,STR|Hybrid MSN,33,#79bdf4,,CS20250428_CLASS_0003,,CN|LGE|GABA,10,#d0b83c,,CS20250428_NEIGH_0002,,Subpallium|GABA,3,#19613b,,GTCGGTTCACCCACAG,P0005_1,240822,Princeton
ATATGCTCAATTAAGG-P0005_1,Subpallium GABA,CN MGE GABA,CN LAMP5-LHX6 GABA,LAMP5-LHX6 GABA,Marmoset-353,Marmoset-353,CL:0000003,P0005_1,cjCroissant,10x multiome,EFO:0030059,Marmoset,NCBI:txid9483,Adult,Brain,Brain,unknown,unknown,unknown,unknown,unknown,unknown,normal,PATO:0000461,nucleus,True,231010,LPRNXR_231010_1,LPRNXR_231010_1_C6,487,16,476,BR_PXR_240604_1,231004,LPRNXA_231004_1,LPRNXA_231004_1_B1,404,9,14.78,BR_PXA_240220_1,SI-TT-C6_i7,SI-TT-C6_b(i5),SI-NA-B1,5206,2715,0.014051578938961,Callithrix jacchus,CS20250428_GROUP_0005,Interneuron,,LAMP5|LHX6|GABA,25,,LAMP5,,"LAMP5, LHX6",#00af88,,CS20250428_SUBCL_0003,,CN|LAMP5|LHX6|GABA,17,#f48d44,,CS20250428_CLASS_0005,,CN|MGE|GABA,7,#ce4c27,,CS20250428_NEIGH_0002,,Subpallium|GABA,3,#19613b,,ATATGCTCAATTAAGG,P0005_1,240822,Princeton
ATTTGCGCACACTAAT-P0005_1,Nonneuron,OPC-Oligo,Oligodendrocyte,Oligo OPALIN,Marmoset-3,Marmoset-3,CL:0000003,P0005_1,cjCroissant,10x multiome,EFO:0030059,Marmoset,NCBI:txid9483,Adult,Brain,Brain,unknown,unknown,unknown,unknown,unknown,unknown,normal,PATO:0000461,nucleus,True,231010,LPRNXR_231010_1,LPRNXR_231010_1_C6,487,16,476,BR_PXR_240604_1,231004,LPRNXA_231004_1,LPRNXA_231004_1_B1,404,9,14.78,BR_PXA_240220_1,SI-TT-C6_i7,SI-TT-C6_b(i5),SI-NA-B1,4980,2097,0.0121576506644487,Callithrix jacchus,CS20250428_GROUP_0025,Nonneuron,CL:0000128,Oligo|OPALIN,9,Siletti et al. 2023,,,,#488edc,,CS20250428_SUBCL_0022,CL:0000128,Oligodendrocyte,7,#def476,,CS20250428_CLASS_0010,CL:0000095,OPC|Oligo,3,#8605d4,,CS20250428_NEIGH_0001,CL:0000000,Nonneuron,1,#f2ca7d,,ATTTGCGCACACTAAT,P0005_1,240822,Princeton
CATATCGCACGAACAG-P0005_1,Subpallium GABA,CN CGE GABA,CN VIP GABA,VIP GABA,Marmoset-297,Marmoset-297,CL:0000003,P0005_1,cjCroissant,10x multiome,EFO:0030059,Marmoset,NCBI:txid9483,Adult,Brain,Brain,unknown,unknown,unknown,unknown,unknown,unknown,normal,PATO:0000461,nucleus,True,231010,LPRNXR_231010_1,LPRNXR_231010_1_C6,487,16,476,BR_PXR_240604_1,231004,LPRNXA_231004_1,LPRNXA_231004_1_B1,404,9,14.78,BR_PXA_240220_1,SI-TT-C6_i7,SI-TT-C6_b(i5),SI-NA-B1,4823,2497,0.0389405339956284,Callithrix jacchus,CS20250428_GROUP_0047,Interneuron,Need to Create a PR,VIP|GABA,37,Krienen et al. 2020,VIP,,VIP,#fc2b80,,CS20250428_SUBCL_0009,,CN|VIP|GABA,24,#1bc06a,,CS20250428_CLASS_0001,,CN|CGE|GABA,8,#26e8bb,,CS20250428_NEIGH_0002,,Subpallium|GABA,3,#19613b,,CATATCGCACGAACAG,P0005_1,240822,Princeton
AGCACTTAGCATTTCT-P0005_1,Subpallium GABA,CN LGE GABA,STR D1 MSN,STRd D1 Matrix MSN,Marmoset-202,Marmoset-202,CL:0000003,P0005_1,cjCroissant,10x multiome,EFO:0030059,Marmoset,NCBI:txid9483,Adult,Brain,Brain,unknown,unknown,unknown,unknown,unknown,unknown,normal,PATO:0000461,nucleus,True,231010,LPRNXR_231010_1,LPRNXR_231010_1_C6,487,16,476,BR_PXR_240604_1,231004,LPRNXA_231004_1,LPRNXA_231004_1_B1,404,9,14.78,BR_PXA_240220_1,SI-TT-C6_i7,SI-TT-C6_b(i5),SI-NA-B1,4621,2282,0.0024875269737094,Callithrix jacchus,CS20250428_GROUP_0049,LGE,CL:4030043,STRd|D1 Matrix MSN,50,He et al. 2021,D1-Matrix,,STXBP6,#1f77b4,,CS20250428_SUBCL_0028,CL:4023026,STR|D1 MSN,31,#1655f2,,CS20250428_CLASS_0003,,CN|LGE|GABA,10,#d0b83c,,CS20250428_NEIGH_0002,,Subpallium|GABA,3,#19613b,,AGCACTTAGCATTTCT,P0005_1,240822,Princeton
CTGTTGGAGAGGGACT-P0005_1,Subpallium GABA,CN LGE GABA,STR Hybrid MSN,STRv D1 NUDAP MSN,Marmoset-215,Marmoset-215,CL:0000003,P0005_1,cjCroissant,10x multiome,EFO:0030059,Marmoset,NCBI:txid9483,Adult,Brain,Brain,unknown,unknown,unknown,unknown,unknown,unknown,normal,PATO:0000461,nucleus,True,231010,LPRNXR_231010_1,LPRNXR_231010_1_C6,487,16,476,BR_PXR_240604_1,231004,LPRNXA_231004_1,LPRNXA_231004_1_B1,404,9,14.78,BR_PXA_240220_1,SI-TT-C6_i7,SI-TT-C6_b(i5),SI-NA-B1,4578,2182,0.153415203094482,Callithrix jacchus,CS20250428_GROUP_0057,LGE,CL:4030054,STRv|D1 NUDAP MSN,57,He et al. 2021,D1-NUDAP,,GRIA4,#e377c2,,CS20250428_SUBCL_0030,CL:4030050,STR|Hybrid MSN,33,#79bdf4,,CS20250428_CLASS_0003,,CN|LGE|GABA,10,#d0b83c,,CS20250428_NEIGH_0002,,Subpallium|GABA,3,#19613b,,CTGTTGGAGAGGGACT,P0005_1,240822,Princeton
GTATTCAAGCATGTTA-P0005_1,Nonneuron,OPC-Oligo,Oligodendrocyte,Oligo OPALIN,Marmoset-16,Marmoset-16,CL:0000003,P0005_1,cjCroissant,10x multiome,EFO:0030059,Marmoset,NCBI:txid9483,Adult,Brain,Brain,unknown,unknown,unknown,unknown,unknown,unknown,normal,PATO:0000461,nucleus,True,231010,LPRNXR_231010_1,LPRNXR_231010_1_C6,487,16,476,BR_PXR_240604_1,231004,LPRNXA_231004_1,LPRNXA_231004_1_B1,404,9,14.78,BR_PXA_240220_1,SI-TT-C6_i7,SI-TT-C6_b(i5),SI-NA-B1,4424,2108,0.0019839345477521,Callithrix jacchus,CS20250428_GROUP_0025,Nonneuron,CL:0000128,Oligo|OPALIN,9,Siletti et al. 2023,,,,#488edc,,CS20250428_SUBCL_0022,CL:0000128,Oligodendrocyte,7,#def476,,CS20250428_CLASS_0010,CL:0000095,OPC|Oligo,3,#8605d4,,CS20250428_NEIGH_0001,CL:0000000,Nonneuron,1,#f2ca7d,,GTATTCAAGCATGTTA,P0005_1,240822,Princeton
AAAGCTTGTTCCGGCT-P0005_1,Nonneuron,OPC-Oligo,Oligodendrocyte,Oligo PLEKHG1,Marmoset-11,Marmoset-11,CL:0000003,P0005_1,cjCroissant,10x multiome,EFO:0030059,Marmoset,NCBI:txid9483,Adult,Brain,Brain,unknown,unknown,unknown,unknown,unknown,unknown,normal,PATO:0000461,nucleus,True,231010,LPRNXR_231010_1,LPRNXR_231010_1_C6,487,16,476,BR_PXR_240604_1,231004,LPRNXA_231004_1,LPRNXA_231004_1_B1,404,9,14.78,BR_PXA_240220_1,SI-TT-C6_i7,SI-TT-C6_b(i5),SI-NA-B1,4090,2370,0.0297587309032679,Callithrix jacchus,CS20250428_GROUP_0026,Nonneuron,CL:0000128,Oligo|PLEKHG1,10,Siletti et al. 2023,,,,#401e66,,CS20250428_SUBCL_0022,CL:0000128,Oligodendrocyte,7,#def476,,CS20250428_CLASS_0010,CL:0000095,OPC|Oligo,3,#8605d4,,CS20250428_NEIGH_0001,CL:0000000,Nonneuron,1,#f2ca7d,,AAAGCTTGTTCCGGCT,P0005_1,240822,Princeton
GGGTTTGTCCGTGACA-P0005_1,Subpallium GABA,CN MGE GABA,CN ST18 GABA,STR TAC3-PLPP4 GABA,Marmoset-280,Marmoset-280,CL:0000003,P0005_1,cjCroissant,10x multiome,EFO:0030059,Marmoset,NCBI:txid9483,Adult,Brain,Brain,unknown,unknown,unknown,unknown,unknown,unknown,normal,PATO:0000461,nucleus,True,231010,LPRNXR_231010_1,LPRNXR_231010_1_C6,487,16,476,BR_PXR_240604_1,231004,LPRNXA_231004_1,LPRNXA_231004_1_B1,404,9,14.78,BR_PXA_240220_1,SI-TT-C6_i7,SI-TT-C6_b(i5),SI-NA-B1,4209,2475,0.0638681352138519,Callithrix jacchus,CS20250428_GROUP_0045,Interneuron,CL:4042001,STR|TAC3|PLPP4|GABA,27,Krienen et al. 2020,LHX6 TAC3,,ST18,#ffff00,,CS20250428_SUBCL_0008,,CN|ST18|GABA,18,#5fd989,,CS20250428_CLASS_0005,,CN|MGE|GABA,7,#ce4c27,,CS20250428_NEIGH_0002,,Subpallium|GABA,3,#19613b,,GGGTTTGTCCGTGACA,P0005_1,240822,Princeton
GGCCTTCGTGCGCGTA-P0005_1,Subpallium GABA,CN CGE GABA,CN LAMP5-CXCL14 GABA,LAMP5-CXCL14 GABA,Marmoset-427,Marmoset-427,CL:0000003,P0005_1,cjCroissant,10x multiome,EFO:0030059,Marmoset,NCBI:txid9483,Adult,Brain,Brain,unknown,unknown,unknown,unknown,unknown,unknown,normal,PATO:0000461,nucleus,True,231010,LPRNXR_231010_1,LPRNXR_231010_1_C6,487,16,476,BR_PXR_240604_1,231004,LPRNXA_231004_1,LPRNXA_231004_1_B1,404,9,14.78,BR_PXA_240220_1,SI-TT-C6_i7,SI-TT-C6_b(i5),SI-NA-B1,4102,2090,0.0053126108832657,Callithrix jacchus,CS20250428_GROUP_0004,Interneuron,,LAMP5|CXCL14|GABA,36,,LAMP5,,"LAMP5, CXCL14",#f6b5d1,,CS20250428_SUBCL_0002,,CN|LAMP5|CXCL14|GABA,23,#e5b672,,CS20250428_CLASS_0001,,CN|CGE|GABA,8,#26e8bb,,CS20250428_NEIGH_0002,,Subpallium|GABA,3,#19613b,,GGCCTTCGTGCGCGTA,P0005_1,240822,Princeton
GATCAGTTCGAGCAAA-P0005_1,Nonneuron,OPC-Oligo,Oligodendrocyte,Oligo OPALIN,Marmoset-7,Marmoset-7,CL:0000003,P0005_1,cjCroissant,10x multiome,EFO:0030059,Marmoset,NCBI:txid9483,Adult,Brain,Brain,unknown,unknown,unknown,unknown,unknown,unknown,normal,PATO:0000461,nucleus,True,231010,LPRNXR_231010_1,LPRNXR_231010_1_C6,487,16,476,BR_PXR_240604_1,231004,LPRNXA_231004_1,LPRNXA_231004_1_B1,404,9,14.78,BR_PXA_240220_1,SI-TT-C6_i7,SI-TT-C6_b(i5),SI-NA-B1,3828,1715,0.0021058795973658,Callithrix jacchus,CS20250428_GROUP_0025,Nonneuron,CL:0000128,Oligo|OPALIN,9,Siletti et al. 2023,,,,#488edc,,CS20250428_SUBCL_0022,CL:0000128,Oligodendrocyte,7,#def476,,CS20250428_CLASS_0010,CL:0000095,OPC|Oligo,3,#8605d4,,CS20250428_NEIGH_0001,CL:0000000,Nonneuron,1,#f2ca7d,,GATCAGTTCGAGCAAA,P0005_1,240822,Princeton
TTAAAGGCAGCACGAA-P0005_1,Subpallium GABA,CN LGE GABA,STR Hybrid MSN,STRv D1 NUDAP MSN,Marmoset-216,Marmoset-216,CL:0000003,P0005_1,cjCroissant,10x multiome,EFO:0030059,Marmoset,NCBI:txid9483,Adult,Brain,Brain,unknown,unknown,unknown,unknown,unknown,unknown,normal,PATO:0000461,nucleus,True,231010,LPRNXR_231010_1,LPRNXR_231010_1_C6,487,16,476,BR_PXR_240604_1,231004,LPRNXA_231004_1,LPRNXA_231004_1_B1,404,9,14.78,BR_PXA_240220_1,SI-TT-C6_i7,SI-TT-C6_b(i5),SI-NA-B1,3264,2002,0.0214982088655233,Callithrix jacchus,CS20250428_GROUP_0057,LGE,CL:4030054,STRv|D1 NUDAP MSN,57,He et al. 2021,D1-NUDAP,,GRIA4,#e377c2,,CS20250428_SUBCL_0030,CL:4030050,STR|Hybrid MSN,33,#79bdf4,,CS20250428_CLASS_0003,,CN|LGE|GABA,10,#d0b83c,,CS20250428_NEIGH_0002,,Subpallium|GABA,3,#19613b,,TTAAAGGCAGCACGAA,P0005_1,240822,Princeton
CGGAGTCTCACAGCGC-P0005_1,Nonneuron,OPC-Oligo,Oligodendrocyte,Oligo OPALIN,Marmoset-18,Marmoset-18,CL:0000003,P0005_1,cjCroissant,10x multiome,EFO:0030059,Marmoset,NCBI:txid9483,Adult,Brain,Brain,unknown,unknown,unknown,unknown,unknown,unknown,normal,PATO:0000461,nucleus,True,231010,LPRNXR_231010_1,LPRNXR_231010_1_C6,487,16,476,BR_PXR_240604_1,231004,LPRNXA_231004_1,LPRNXA_231004_1_B1,404,9,14.78,BR_PXA_240220_1,SI-TT-C6_i7,SI-TT-C6_b(i5),SI-NA-B1,3035,1725,0.0016849939711391,Callithrix jacchus,CS20250428_GROUP_0025,Nonneuron,CL:0000128,Oligo|OPALIN,9,Siletti et al. 2023,,,,#488edc,,CS20250428_SUBCL_0022,CL:0000128,Oligodendrocyte,7,#def476,,CS20250428_CLASS_0010,CL:0000095,OPC|Oligo,3,#8605d4,,CS20250428_NEIGH_0001,CL:0000000,Nonneuron,1,#f2ca7d,,CGGAGTCTCACAGCGC,P0005_1,240822,Princeton
CACAAGCGTATCTGGA-P0005_1,Nonneuron,OPC-Oligo,Oligodendrocyte,Oligo PLEKHG1,Marmoset-12,Marmoset-12,CL:0000003,P0005_1,cjCroissant,10x multiome,EFO:0030059,Marmoset,NCBI:txid9483,Adult,Brain,Brain,unknown,unknown,unknown,unknown,unknown,unknown,normal,PATO:0000461,nucleus,True,231010,LPRNXR_231010_1,LPRNXR_231010_1_C6,487,16,476,BR_PXR_240604_1,231004,LPRNXA_231004_1,LPRNXA_231004_1_B1,404,9,14.78,BR_PXA_240220_1,SI-TT-C6_i7,SI-TT-C6_b(i5),SI-NA-B1,3002,1594,0.0012277067871764,Callithrix jacchus,CS20250428_GROUP_0026,Nonneuron,CL:0000128,Oligo|PLEKHG1,10,Siletti et al. 2023,,,,#401e66,,CS20250428_SUBCL_0022,CL:0000128,Oligodendrocyte,7,#def476,,CS20250428_CLASS_0010,CL:0000095,OPC|Oligo,3,#8605d4,,CS20250428_NEIGH_0001,CL:0000000,Nonneuron,1,#f2ca7d,,CACAAGCGTATCTGGA,P0005_1,240822,Princeton
ATTCCGGAGGCTACAT-P0005_1,Nonneuron,Astro-Epen,Astrocyte,Astrocyte,Marmoset-511,Marmoset-511,CL:0000003,P0005_1,cjCroissant,10x multiome,EFO:0030059,Marmoset,NCBI:txid9483,Adult,Brain,Brain,unknown,unknown,unknown,unknown,unknown,unknown,normal,PATO:0000461,nucleus,True,231010,LPRNXR_231010_1,LPRNXR_231010_1_C6,487,16,476,BR_PXR_240604_1,231004,LPRNXA_231004_1,LPRNXA_231004_1_B1,404,9,14.78,BR_PXA_240220_1,SI-TT-C6_i7,SI-TT-C6_b(i5),SI-NA-B1,2991,1739,0.0152664603665471,Callithrix jacchus,CS20250428_GROUP_0039,Nonneuron,CL:0000127,Astrocyte,1,Yao et al. 2023,,,,#e16c95,,CS20250428_SUBCL_0000,CL:0000127,Astrocyte,1,#604f15,,CS20250428_CLASS_0000,CL:0000125,Astro|Epen,1,#6ec0da,,CS20250428_NEIGH_0001,CL:0000000,Nonneuron,1,#f2ca7d,,ATTCCGGAGGCTACAT,P0005_1,240822,Princeton
GTTCTCATCTTAAGTG-P0005_1,Subpallium GABA,CN CGE GABA,CN LAMP5-CXCL14 GABA,LAMP5-CXCL14 GABA,Marmoset-431,Marmoset-431,CL:0000003,P0005_1,cjCroissant,10x multiome,EFO:0030059,Marmoset,NCBI:txid9483,Adult,Brain,Brain,unknown,unknown,unknown,unknown,unknown,unknown,normal,PATO:0000461,nucleus,True,231010,LPRNXR_231010_1,LPRNXR_231010_1_C6,487,16,476,BR_PXR_240604_1,231004,LPRNXA_231004_1,LPRNXA_231004_1_B1,404,9,14.78,BR_PXA_240220_1,SI-TT-C6_i7,SI-TT-C6_b(i5),SI-NA-B1,2815,1660,0.0108690019696951,Callithrix jacchus,CS20250428_GROUP_0004,Interneuron,,LAMP5|CXCL14|GABA,36,,LAMP5,,"LAMP5, CXCL14",#f6b5d1,,CS20250428_SUBCL_0002,,CN|LAMP5|CXCL14|GABA,23,#e5b672,,CS20250428_CLASS_0001,,CN|CGE|GABA,8,#26e8bb,,CS20250428_NEIGH_0002,,Subpallium|GABA,3,#19613b,,GTTCTCATCTTAAGTG,P0005_1,240822,Princeton
GCTAAGAAGTCATTAG-P0005_1,Subpallium GABA,CN LGE GABA,STR D2 MSN,STRd D2 StrioMat Hybrid MSN,Marmoset-240,Marmoset-240,CL:0000003,P0005_1,cjCroissant,10x multiome,EFO:0030059,Marmoset,NCBI:txid9483,Adult,Brain,Brain,unknown,unknown,unknown,unknown,unknown,unknown,normal,PATO:0000461,nucleus,True,231010,LPRNXR_231010_1,LPRNXR_231010_1_C6,487,16,476,BR_PXR_240604_1,231004,LPRNXA_231004_1,LPRNXA_231004_1_B1,404,9,14.78,BR_PXA_240220_1,SI-TT-C6_i7,SI-TT-C6_b(i5),SI-NA-B1,2666,1759,0.0027126083150506,Callithrix jacchus,CS20250428_GROUP_0053,LGE,,STRd|D2 StrioMat Hybrid MSN,56,Novel,,,,#9268ac,,CS20250428_SUBCL_0029,CL:4023029,STR|D2 MSN,32,#253c8c,,CS20250428_CLASS_0003,,CN|LGE|GABA,10,#d0b83c,,CS20250428_NEIGH_0002,,Subpallium|GABA,3,#19613b,,GCTAAGAAGTCATTAG,P0005_1,240822,Princeton
ACTTAGGGTTGCGTAA-P0005_1,Subpallium GABA,CN LGE GABA,STR Hybrid MSN,STRv D1 NUDAP MSN,Marmoset-218,Marmoset-218,CL:0000003,P0005_1,cjCroissant,10x multiome,EFO:0030059,Marmoset,NCBI:txid9483,Adult,Brain,Brain,unknown,unknown,unknown,unknown,unknown,unknown,normal,PATO:0000461,nucleus,True,231010,LPRNXR_231010_1,LPRNXR_231010_1_C6,487,16,476,BR_PXR_240604_1,231004,LPRNXA_231004_1,LPRNXA_231004_1_B1,404,9,14.78,BR_PXA_240220_1,SI-TT-C6_i7,SI-TT-C6_b(i5),SI-NA-B1,2547,1567,0.0957665517926216,Callithrix jacchus,CS20250428_GROUP_0057,LGE,CL:4030054,STRv|D1 NUDAP MSN,57,He et al. 2021,D1-NUDAP,,GRIA4,#e377c2,,CS20250428_SUBCL_0030,CL:4030050,STR|Hybrid MSN,33,#79bdf4,,CS20250428_CLASS_0003,,CN|LGE|GABA,10,#d0b83c,,CS20250428_NEIGH_0002,,Subpallium|GABA,3,#19613b,,ACTTAGGGTTGCGTAA,P0005_1,240822,Princeton
TTACGTTTCAAAGGCA-P0005_1,Nonneuron,Astro-Epen,Astrocyte,Astrocyte,Marmoset-507,Marmoset-507,CL:0000003,P0005_1,cjCroissant,10x multiome,EFO:0030059,Marmoset,NCBI:txid9483,Adult,Brain,Brain,unknown,unknown,unknown,unknown,unknown,unknown,normal,PATO:0000461,nucleus,True,231010,LPRNXR_231010_1,LPRNXR_231010_1_C6,487,16,476,BR_PXR_240604_1,231004,LPRNXA_231004_1,LPRNXA_231004_1_B1,404,9,14.78,BR_PXA_240220_1,SI-TT-C6_i7,SI-TT-C6_b(i5),SI-NA-B1,2598,1527,0.0067150555551052,Callithrix jacchus,CS20250428_GROUP_0039,Nonneuron,CL:0000127,Astrocyte,1,Yao et al. 2023,,,,#e16c95,,CS20250428_SUBCL_0000,CL:0000127,Astrocyte,1,#604f15,,CS20250428_CLASS_0000,CL:0000125,Astro|Epen,1,#6ec0da,,CS20250428_NEIGH_0001,CL:0000000,Nonneuron,1,#f2ca7d,,TTACGTTTCAAAGGCA,P0005_1,240822,Princeton
CATGCGGGTACGGGTT-P0005_1,Nonneuron,OPC-Oligo,OPC,OPC,Marmoset-625,Marmoset-625,CL:0000003,P0005_1,cjCroissant,10x multiome,EFO:0030059,Marmoset,NCBI:txid9483,Adult,Brain,Brain,unknown,unknown,unknown,unknown,unknown,unknown,normal,PATO:0000461,nucleus,True,231010,LPRNXR_231010_1,LPRNXR_231010_1_C6,487,16,476,BR_PXR_240604_1,231004,LPRNXA_231004_1,LPRNXA_231004_1_B1,404,9,14.78,BR_PXA_240220_1,SI-TT-C6_i7,SI-TT-C6_b(i5),SI-NA-B1,2316,1488,0.0111137880012393,Callithrix jacchus,CS20250428_GROUP_0023,Nonneuron,CL:0002453,OPC,12,Siletti et al. 2023,,,,#f5e689,,CS20250428_SUBCL_0020,CL:0002453,OPC,8,#c68ae4,,CS20250428_CLASS_0010,CL:0000095,OPC|Oligo,3,#8605d4,,CS20250428_NEIGH_0001,CL:0000000,Nonneuron,1,#f2ca7d,,CATGCGGGTACGGGTT,P0005_1,240822,Princeton
CTCATGACACTATGGC-P0005_1,Subpallium GABA,CN CGE GABA,CN VIP GABA,VIP GABA,Marmoset-299,Marmoset-299,CL:0000003,P0005_1,cjCroissant,10x multiome,EFO:0030059,Marmoset,NCBI:txid9483,Adult,Brain,Brain,unknown,unknown,unknown,unknown,unknown,unknown,normal,PATO:0000461,nucleus,True,231010,LPRNXR_231010_1,LPRNXR_231010_1_C6,487,16,476,BR_PXR_240604_1,231004,LPRNXA_231004_1,LPRNXA_231004_1_B1,404,9,14.78,BR_PXA_240220_1,SI-TT-C6_i7,SI-TT-C6_b(i5),SI-NA-B1,2074,1351,0.0017132512293756,Callithrix jacchus,CS20250428_GROUP_0047,Interneuron,Need to Create a PR,VIP|GABA,37,Krienen et al. 2020,VIP,,VIP,#fc2b80,,CS20250428_SUBCL_0009,,CN|VIP|GABA,24,#1bc06a,,CS20250428_CLASS_0001,,CN|CGE|GABA,8,#26e8bb,,CS20250428_NEIGH_0002,,Subpallium|GABA,3,#19613b,,CTCATGACACTATGGC,P0005_1,240822,Princeton
GGTTACCCAGTAGGTG-P0005_1,Subpallium GABA,CN CGE GABA,CN VIP GABA,VIP GABA,Marmoset-302,Marmoset-302,CL:0000003,P0005_1,cjCroissant,10x multiome,EFO:0030059,Marmoset,NCBI:txid9483,Adult,Brain,Brain,unknown,unknown,unknown,unknown,unknown,unknown,normal,PATO:0000461,nucleus,True,231010,LPRNXR_231010_1,LPRNXR_231010_1_C6,487,16,476,BR_PXR_240604_1,231004,LPRNXA_231004_1,LPRNXA_231004_1_B1,404,9,14.78,BR_PXA_240220_1,SI-TT-C6_i7,SI-TT-C6_b(i5),SI-NA-B1,2122,1502,0.0025830592494458,Callithrix jacchus,CS20250428_GROUP_0047,Interneuron,Need to Create a PR,VIP|GABA,37,Krienen et al. 2020,VIP,,VIP,#fc2b80,,CS20250428_SUBCL_0009,,CN|VIP|GABA,24,#1bc06a,,CS20250428_CLASS_0001,,CN|CGE|GABA,8,#26e8bb,,CS20250428_NEIGH_0002,,Subpallium|GABA,3,#19613b,,GGTTACCCAGTAGGTG,P0005_1,240822,Princeton
ATGGCTGTCTTCAATC-P0005_2,Nonneuron,OPC-Oligo,OPC,OPC,Marmoset-235,Marmoset-235,CL:0000003,P0005_2,cjCroissant,10x multiome,EFO:0030059,Marmoset,NCBI:txid9483,Adult,Brain,Brain,unknown,unknown,unknown,unknown,unknown,unknown,normal,PATO:0000461,nucleus,True,231010,LPRNXR_231010_1,LPRNXR_231010_1_D6,467,16,923,BR_PXR_240604_1,231004,LPRNXA_231004_1,LPRNXA_231004_1_C1,426,7,69.7,BR_PXA_240220_1,SI-TT-D6_i7,SI-TT-D6_b(i5),SI-NA-C1,27064,6231,0.0102883735671639,Callithrix jacchus,CS20250428_GROUP_0023,Nonneuron,CL:0002453,OPC,12,Siletti et al. 2023,,,,#f5e689,,CS20250428_SUBCL_0020,CL:0002453,OPC,8,#c68ae4,,CS20250428_CLASS_0010,CL:0000095,OPC|Oligo,3,#8605d4,,CS20250428_NEIGH_0001,CL:0000000,Nonneuron,1,#f2ca7d,,ATGGCTGTCTTCAATC,P0005_2,240822,Princeton
CGGACCTAGTCATTAG-P0005_2,Subpallium GABA,CN CGE GABA,CN VIP GABA,VIP GABA,Marmoset-304,Marmoset-304,CL:0000003,P0005_2,cjCroissant,10x multiome,EFO:0030059,Marmoset,NCBI:txid9483,Adult,Brain,Brain,unknown,unknown,unknown,unknown,unknown,unknown,normal,PATO:0000461,nucleus,True,231010,LPRNXR_231010_1,LPRNXR_231010_1_D6,467,16,923,BR_PXR_240604_1,231004,LPRNXA_231004_1,LPRNXA_231004_1_C1,426,7,69.7,BR_PXA_240220_1,SI-TT-D6_i7,SI-TT-D6_b(i5),SI-NA-C1,25487,6017,0.0392707400023937,Callithrix jacchus,CS20250428_GROUP_0047,Interneuron,Need to Create a PR,VIP|GABA,37,Krienen et al. 2020,VIP,,VIP,#fc2b80,,CS20250428_SUBCL_0009,,CN|VIP|GABA,24,#1bc06a,,CS20250428_CLASS_0001,,CN|CGE|GABA,8,#26e8bb,,CS20250428_NEIGH_0002,,Subpallium|GABA,3,#19613b,,CGGACCTAGTCATTAG,P0005_2,240822,Princeton
AGCGGATAGCTTAACA-P0005_2,Nonneuron,OPC-Oligo,Oligodendrocyte,ImOligo,Marmoset-100,Marmoset-100,CL:0000003,P0005_2,cjCroissant,10x multiome,EFO:0030059,Marmoset,NCBI:txid9483,Adult,Brain,Brain,unknown,unknown,unknown,unknown,unknown,unknown,normal,PATO:0000461,nucleus,True,231010,LPRNXR_231010_1,LPRNXR_231010_1_D6,467,16,923,BR_PXR_240604_1,231004,LPRNXA_231004_1,LPRNXA_231004_1_C1,426,7,69.7,BR_PXA_240220_1,SI-TT-D6_i7,SI-TT-D6_b(i5),SI-NA-C1,24698,5963,0.0188671629875898,Callithrix jacchus,CS20250428_GROUP_0018,Nonneuron,CL:4042031,ImOligo,11,Jäkel et al. 2019,,,,#711c24,,CS20250428_SUBCL_0022,CL:0000128,Oligodendrocyte,7,#def476,,CS20250428_CLASS_0010,CL:0000095,OPC|Oligo,3,#8605d4,,CS20250428_NEIGH_0001,CL:0000000,Nonneuron,1,#f2ca7d,,AGCGGATAGCTTAACA,P0005_2,240822,Princeton
ATTAGTCCACAGAAAC-P0005_2,Subpallium GABA,CN LGE GABA,STR D2 MSN,STRd D2 Matrix MSN,Marmoset-79,Marmoset-79,CL:0000003,P0005_2,cjCroissant,10x multiome,EFO:0030059,Marmoset,NCBI:txid9483,Adult,Brain,Brain,unknown,unknown,unknown,unknown,unknown,unknown,normal,PATO:0000461,nucleus,True,231010,LPRNXR_231010_1,LPRNXR_231010_1_D6,467,16,923,BR_PXR_240604_1,231004,LPRNXA_231004_1,LPRNXA_231004_1_C1,426,7,69.7,BR_PXA_240220_1,SI-TT-D6_i7,SI-TT-D6_b(i5),SI-NA-C1,22278,5762,0.000561413471587,Callithrix jacchus,CS20250428_GROUP_0052,LGE,CL:4030047,STRd|D2 Matrix MSN,53,He et al. 2021,D2-Matrix,,STXBP6,#aec7e8,,CS20250428_SUBCL_0029,CL:4023029,STR|D2 MSN,32,#253c8c,,CS20250428_CLASS_0003,,CN|LGE|GABA,10,#d0b83c,,CS20250428_NEIGH_0002,,Subpallium|GABA,3,#19613b,,ATTAGTCCACAGAAAC,P0005_2,240822,Princeton
ATTGTCCGTCTTACTA-P0005_2,Nonneuron,OPC-Oligo,Oligodendrocyte,ImOligo,Marmoset-101,Marmoset-101,CL:0000003,P0005_2,cjCroissant,10x multiome,EFO:0030059,Marmoset,NCBI:txid9483,Adult,Brain,Brain,unknown,unknown,unknown,unknown,unknown,unknown,normal,PATO:0000461,nucleus,True,231010,LPRNXR_231010_1,LPRNXR_231010_1_D6,467,16,923,BR_PXR_240604_1,231004,LPRNXA_231004_1,LPRNXA_231004_1_C1,426,7,69.7,BR_PXA_240220_1,SI-TT-D6_i7,SI-TT-D6_b(i5),SI-NA-C1,21305,6319,0.0248477887362242,Callithrix jacchus,CS20250428_GROUP_0018,Nonneuron,CL:4042031,ImOligo,11,Jäkel et al. 2019,,,,#711c24,,CS20250428_SUBCL_0022,CL:0000128,Oligodendrocyte,7,#def476,,CS20250428_CLASS_0010,CL:0000095,OPC|Oligo,3,#8605d4,,CS20250428_NEIGH_0001,CL:0000000,Nonneuron,1,#f2ca7d,,ATTGTCCGTCTTACTA,P0005_2,240822,Princeton
GCTGCAATCTACCTAT-P0005_2,Subpallium GABA,CN LGE GABA,STR D1 MSN,STRd D1 Matrix MSN,Marmoset-87,Marmoset-87,CL:0000003,P0005_2,cjCroissant,10x multiome,EFO:0030059,Marmoset,NCBI:txid9483,Adult,Brain,Brain,unknown,unknown,unknown,unknown,unknown,unknown,normal,PATO:0000461,nucleus,True,231010,LPRNXR_231010_1,LPRNXR_231010_1_D6,467,16,923,BR_PXR_240604_1,231004,LPRNXA_231004_1,LPRNXA_231004_1_C1,426,7,69.7,BR_PXA_240220_1,SI-TT-D6_i7,SI-TT-D6_b(i5),SI-NA-C1,21352,6002,0.0004580850945785,Callithrix jacchus,CS20250428_GROUP_0049,LGE,CL:4030043,STRd|D1 Matrix MSN,50,He et al. 2021,D1-Matrix,,STXBP6,#1f77b4,,CS20250428_SUBCL_0028,CL:4023026,STR|D1 MSN,31,#1655f2,,CS20250428_CLASS_0003,,CN|LGE|GABA,10,#d0b83c,,CS20250428_NEIGH_0002,,Subpallium|GABA,3,#19613b,,GCTGCAATCTACCTAT,P0005_2,240822,Princeton
TACCTGCTCGGTTAGT-P0005_2,Nonneuron,OPC-Oligo,Oligodendrocyte,ImOligo,Marmoset-98,Marmoset-98,CL:0000003,P0005_2,cjCroissant,10x multiome,EFO:0030059,Marmoset,NCBI:txid9483,Adult,Brain,Brain,unknown,unknown,unknown,unknown,unknown,unknown,normal,PATO:0000461,nucleus,True,231010,LPRNXR_231010_1,LPRNXR_231010_1_D6,467,16,923,BR_PXR_240604_1,231004,LPRNXA_231004_1,LPRNXA_231004_1_C1,426,7,69.7,BR_PXA_240220_1,SI-TT-D6_i7,SI-TT-D6_b(i5),SI-NA-C1,17988,5401,0.210857838392258,Callithrix jacchus,CS20250428_GROUP_0018,Nonneuron,CL:4042031,ImOligo,11,Jäkel et al. 2019,,,,#711c24,,CS20250428_SUBCL_0022,CL:0000128,Oligodendrocyte,7,#def476,,CS20250428_CLASS_0010,CL:0000095,OPC|Oligo,3,#8605d4,,CS20250428_NEIGH_0001,CL:0000000,Nonneuron,1,#f2ca7d,,TACCTGCTCGGTTAGT,P0005_2,240822,Princeton
CGAACAAAGCACCACA-P0005_2,Subpallium GABA,CN LGE GABA,STR D1 MSN,STRv D1 MSN,Marmoset-133,Marmoset-133,CL:0000003,P0005_2,cjCroissant,10x multiome,EFO:0030059,Marmoset,NCBI:txid9483,Adult,Brain,Brain,unknown,unknown,unknown,unknown,unknown,unknown,normal,PATO:0000461,nucleus,True,231010,LPRNXR_231010_1,LPRNXR_231010_1_D6,467,16,923,BR_PXR_240604_1,231004,LPRNXA_231004_1,LPRNXA_231004_1_C1,426,7,69.7,BR_PXA_240220_1,SI-TT-D6_i7,SI-TT-D6_b(i5),SI-NA-C1,17030,4943,0.0013521990040317,Callithrix jacchus,CS20250428_GROUP_0056,LGE,CL:4030051,STRv|D1 MSN,51,He et al. 2021,D1-Shell/OT,,ARHGAP6,#339933,,CS20250428_SUBCL_0028,CL:4023026,STR|D1 MSN,31,#1655f2,,CS20250428_CLASS_0003,,CN|LGE|GABA,10,#d0b83c,,CS20250428_NEIGH_0002,,Subpallium|GABA,3,#19613b,,CGAACAAAGCACCACA,P0005_2,240822,Princeton
GCCTACTTCCTCGATC-P0005_2,Subpallium GABA,CN LGE GABA,STR Hybrid MSN,STR D1D2 Hybrid MSN,Marmoset-212,Marmoset-212,CL:0000003,P0005_2,cjCroissant,10x multiome,EFO:0030059,Marmoset,NCBI:txid9483,Adult,Brain,Brain,unknown,unknown,unknown,unknown,unknown,unknown,normal,PATO:0000461,nucleus,True,231010,LPRNXR_231010_1,LPRNXR_231010_1_D6,467,16,923,BR_PXR_240604_1,231004,LPRNXA_231004_1,LPRNXA_231004_1_C1,426,7,69.7,BR_PXA_240220_1,SI-TT-D6_i7,SI-TT-D6_b(i5),SI-NA-C1,16593,4893,0.299949318170547,Callithrix jacchus,CS20250428_GROUP_0051,LGE,CL:4030050,STR|D1D2 Hybrid MSN,58,He et al. 2021,D1/D2 Hybrid,,"CRHR2, GRIK1",#9467bd,,CS20250428_SUBCL_0030,CL:4030050,STR|Hybrid MSN,33,#79bdf4,,CS20250428_CLASS_0003,,CN|LGE|GABA,10,#d0b83c,,CS20250428_NEIGH_0002,,Subpallium|GABA,3,#19613b,,GCCTACTTCCTCGATC,P0005_2,240822,Princeton
ACACTAATCGTTTCTG-P0005_2,Subpallium GABA,CN MGE GABA,CN ST18 GABA,STR FS PTHLH-PVALB GABA,Marmoset-145,Marmoset-145,CL:0000003,P0005_2,cjCroissant,10x multiome,EFO:0030059,Marmoset,NCBI:txid9483,Adult,Brain,Brain,unknown,unknown,unknown,unknown,unknown,unknown,normal,PATO:0000461,nucleus,True,231010,LPRNXR_231010_1,LPRNXR_231010_1_D6,467,16,923,BR_PXR_240604_1,231004,LPRNXA_231004_1,LPRNXA_231004_1_C1,426,7,69.7,BR_PXA_240220_1,SI-TT-D6_i7,SI-TT-D6_b(i5),SI-NA-C1,16581,5229,0.371489405632019,Callithrix jacchus,CS20250428_GROUP_0040,Interneuron,CL:4042023,STR|FS|PTHLH|PVALB|GABA,28,Muñoz-Manchado et al. 2018,Pvalb Pthlh | FS,,"ST18, PTHLH, COL19A1",#800000,,CS20250428_SUBCL_0008,,CN|ST18|GABA,18,#5fd989,,CS20250428_CLASS_0005,,CN|MGE|GABA,7,#ce4c27,,CS20250428_NEIGH_0002,,Subpallium|GABA,3,#19613b,,ACACTAATCGTTTCTG,P0005_2,240822,Princeton
CTTACCTCACAAGCCT-P0005_2,Nonneuron,OPC-Oligo,Oligodendrocyte,ImOligo,Marmoset-103,Marmoset-103,CL:0000003,P0005_2,cjCroissant,10x multiome,EFO:0030059,Marmoset,NCBI:txid9483,Adult,Brain,Brain,unknown,unknown,unknown,unknown,unknown,unknown,normal,PATO:0000461,nucleus,True,231010,LPRNXR_231010_1,LPRNXR_231010_1_D6,467,16,923,BR_PXR_240604_1,231004,LPRNXA_231004_1,LPRNXA_231004_1_C1,426,7,69.7,BR_PXA_240220_1,SI-TT-D6_i7,SI-TT-D6_b(i5),SI-NA-C1,14708,4600,0.0877422019839287,Callithrix jacchus,CS20250428_GROUP_0018,Nonneuron,CL:4042031,ImOligo,11,Jäkel et al. 2019,,,,#711c24,,CS20250428_SUBCL_0022,CL:0000128,Oligodendrocyte,7,#def476,,CS20250428_CLASS_0010,CL:0000095,OPC|Oligo,3,#8605d4,,CS20250428_NEIGH_0001,CL:0000000,Nonneuron,1,#f2ca7d,,CTTACCTCACAAGCCT,P0005_2,240822,Princeton
CATTATCTCAGCACGC-P0005_2,Nonneuron,Astro-Epen,Astrocyte,Astrocyte,Marmoset-510,Marmoset-510,CL:0000003,P0005_2,cjCroissant,10x multiome,EFO:0030059,Marmoset,NCBI:txid9483,Adult,Brain,Brain,unknown,unknown,unknown,unknown,unknown,unknown,normal,PATO:0000461,nucleus,True,231010,LPRNXR_231010_1,LPRNXR_231010_1_D6,467,16,923,BR_PXR_240604_1,231004,LPRNXA_231004_1,LPRNXA_231004_1_C1,426,7,69.7,BR_PXA_240220_1,SI-TT-D6_i7,SI-TT-D6_b(i5),SI-NA-C1,12925,4477,0.138338208198547,Callithrix jacchus,CS20250428_GROUP_0039,Nonneuron,CL:0000127,Astrocyte,1,Yao et al. 2023,,,,#e16c95,,CS20250428_SUBCL_0000,CL:0000127,Astrocyte,1,#604f15,,CS20250428_CLASS_0000,CL:0000125,Astro|Epen,1,#6ec0da,,CS20250428_NEIGH_0001,CL:0000000,Nonneuron,1,#f2ca7d,,CATTATCTCAGCACGC,P0005_2,240822,Princeton
GGCCTTCGTTGGCGTG-P0005_2,Subpallium GABA,CN LGE GABA,STR D1 MSN,STRd D1 Striosome MSN,Marmoset-201,Marmoset-201,CL:0000003,P0005_2,cjCroissant,10x multiome,EFO:0030059,Marmoset,NCBI:txid9483,Adult,Brain,Brain,unknown,unknown,unknown,unknown,unknown,unknown,normal,PATO:0000461,nucleus,True,231010,LPRNXR_231010_1,LPRNXR_231010_1_D6,467,16,923,BR_PXR_240604_1,231004,LPRNXA_231004_1,LPRNXA_231004_1_C1,426,7,69.7,BR_PXA_240220_1,SI-TT-D6_i7,SI-TT-D6_b(i5),SI-NA-C1,12903,4513,0.0643026977777481,Callithrix jacchus,CS20250428_GROUP_0050,LGE,CL:4030048,STRd|D1 Striosome MSN,52,He et al. 2021,D1-Striosome,,KCNIP1,#d62728,,CS20250428_SUBCL_0028,CL:4023026,STR|D1 MSN,31,#1655f2,,CS20250428_CLASS_0003,,CN|LGE|GABA,10,#d0b83c,,CS20250428_NEIGH_0002,,Subpallium|GABA,3,#19613b,,GGCCTTCGTTGGCGTG,P0005_2,240822,Princeton
TACTAAGTCAACCAAC-P0005_2,Nonneuron,Astro-Epen,Astrocyte,Astrocyte,Marmoset-512,Marmoset-512,CL:0000003,P0005_2,cjCroissant,10x multiome,EFO:0030059,Marmoset,NCBI:txid9483,Adult,Brain,Brain,unknown,unknown,unknown,unknown,unknown,unknown,normal,PATO:0000461,nucleus,True,231010,LPRNXR_231010_1,LPRNXR_231010_1_D6,467,16,923,BR_PXR_240604_1,231004,LPRNXA_231004_1,LPRNXA_231004_1_C1,426,7,69.7,BR_PXA_240220_1,SI-TT-D6_i7,SI-TT-D6_b(i5),SI-NA-C1,12244,3592,0.0208667349070311,Callithrix jacchus,CS20250428_GROUP_0039,Nonneuron,CL:0000127,Astrocyte,1,Yao et al. 2023,,,,#e16c95,,CS20250428_SUBCL_0000,CL:0000127,Astrocyte,1,#604f15,,CS20250428_CLASS_0000,CL:0000125,Astro|Epen,1,#6ec0da,,CS20250428_NEIGH_0001,CL:0000000,Nonneuron,1,#f2ca7d,,TACTAAGTCAACCAAC,P0005_2,240822,Princeton
GCCACTAAGGATCCGC-P0005_2,Nonneuron,OPC-Oligo,Oligodendrocyte,Oligo PLEKHG1,Marmoset-9,Marmoset-9,CL:0000003,P0005_2,cjCroissant,10x multiome,EFO:0030059,Marmoset,NCBI:txid9483,Adult,Brain,Brain,unknown,unknown,unknown,unknown,unknown,unknown,normal,PATO:0000461,nucleus,True,231010,LPRNXR_231010_1,LPRNXR_231010_1_D6,467,16,923,BR_PXR_240604_1,231004,LPRNXA_231004_1,LPRNXA_231004_1_C1,426,7,69.7,BR_PXA_240220_1,SI-TT-D6_i7,SI-TT-D6_b(i5),SI-NA-C1,9756,3037,0.0013841742184013,Callithrix jacchus,CS20250428_GROUP_0026,Nonneuron,CL:0000128,Oligo|PLEKHG1,10,Siletti et al. 2023,,,,#401e66,,CS20250428_SUBCL_0022,CL:0000128,Oligodendrocyte,7,#def476,,CS20250428_CLASS_0010,CL:0000095,OPC|Oligo,3,#8605d4,,CS20250428_NEIGH_0001,CL:0000000,Nonneuron,1,#f2ca7d,,GCCACTAAGGATCCGC,P0005_2,240822,Princeton
AGGTTAACAAATACCT-P0005_2,Nonneuron,OPC-Oligo,Oligodendrocyte,Oligo PLEKHG1,Marmoset-8,Marmoset-8,CL:0000003,P0005_2,cjCroissant,10x multiome,EFO:0030059,Marmoset,NCBI:txid9483,Adult,Brain,Brain,unknown,unknown,unknown,unknown,unknown,unknown,normal,PATO:0000461,nucleus,True,231010,LPRNXR_231010_1,LPRNXR_231010_1_D6,467,16,923,BR_PXR_240604_1,231004,LPRNXA_231004_1,LPRNXA_231004_1_C1,426,7,69.7,BR_PXA_240220_1,SI-TT-D6_i7,SI-TT-D6_b(i5),SI-NA-C1,8560,2977,0.0361531488597393,Callithrix jacchus,CS20250428_GROUP_0026,Nonneuron,CL:0000128,Oligo|PLEKHG1,10,Siletti et al. 2023,,,,#401e66,,CS20250428_SUBCL_0022,CL:0000128,Oligodendrocyte,7,#def476,,CS20250428_CLASS_0010,CL:0000095,OPC|Oligo,3,#8605d4,,CS20250428_NEIGH_0001,CL:0000000,Nonneuron,1,#f2ca7d,,AGGTTAACAAATACCT,P0005_2,240822,Princeton
TCTCCTCGTTAGCATG-P0005_2,Nonneuron,OPC-Oligo,OPC,OPC,Marmoset-626,Marmoset-626,CL:0000003,P0005_2,cjCroissant,10x multiome,EFO:0030059,Marmoset,NCBI:txid9483,Adult,Brain,Brain,unknown,unknown,unknown,unknown,unknown,unknown,normal,PATO:0000461,nucleus,True,231010,LPRNXR_231010_1,LPRNXR_231010_1_D6,467,16,923,BR_PXR_240604_1,231004,LPRNXA_231004_1,LPRNXA_231004_1_C1,426,7,69.7,BR_PXA_240220_1,SI-TT-D6_i7,SI-TT-D6_b(i5),SI-NA-C1,7913,3032,0.047537550330162,Callithrix jacchus,CS20250428_GROUP_0023,Nonneuron,CL:0002453,OPC,12,Siletti et al. 2023,,,,#f5e689,,CS20250428_SUBCL_0020,CL:0002453,OPC,8,#c68ae4,,CS20250428_CLASS_0010,CL:0000095,OPC|Oligo,3,#8605d4,,CS20250428_NEIGH_0001,CL:0000000,Nonneuron,1,#f2ca7d,,TCTCCTCGTTAGCATG,P0005_2,240822,Princeton
GTAGCGCTCCAGGTTG-P0005_2,Nonneuron,OPC-Oligo,OPC,OPC,Marmoset-627,Marmoset-627,CL:0000003,P0005_2,cjCroissant,10x multiome,EFO:0030059,Marmoset,NCBI:txid9483,Adult,Brain,Brain,unknown,unknown,unknown,unknown,unknown,unknown,normal,PATO:0000461,nucleus,True,231010,LPRNXR_231010_1,LPRNXR_231010_1_D6,467,16,923,BR_PXR_240604_1,231004,LPRNXA_231004_1,LPRNXA_231004_1_C1,426,7,69.7,BR_PXA_240220_1,SI-TT-D6_i7,SI-TT-D6_b(i5),SI-NA-C1,6408,2406,0.0766648277640343,Callithrix jacchus,CS20250428_GROUP_0023,Nonneuron,CL:0002453,OPC,12,Siletti et al. 2023,,,,#f5e689,,CS20250428_SUBCL_0020,CL:0002453,OPC,8,#c68ae4,,CS20250428_CLASS_0010,CL:0000095,OPC|Oligo,3,#8605d4,,CS20250428_NEIGH_0001,CL:0000000,Nonneuron,1,#f2ca7d,,GTAGCGCTCCAGGTTG,P0005_2,240822,Princeton
CGGGTATGTTAAGGTT-P0005_2,Nonneuron,OPC-Oligo,Oligodendrocyte,ImOligo,Marmoset-105,Marmoset-105,CL:0000003,P0005_2,cjCroissant,10x multiome,EFO:0030059,Marmoset,NCBI:txid9483,Adult,Brain,Brain,unknown,unknown,unknown,unknown,unknown,unknown,normal,PATO:0000461,nucleus,True,231010,LPRNXR_231010_1,LPRNXR_231010_1_D6,467,16,923,BR_PXR_240604_1,231004,LPRNXA_231004_1,LPRNXA_231004_1_C1,426,7,69.7,BR_PXA_240220_1,SI-TT-D6_i7,SI-TT-D6_b(i5),SI-NA-C1,5936,2792,0.179876387119293,Callithrix jacchus,CS20250428_GROUP_0018,Nonneuron,CL:4042031,ImOligo,11,Jäkel et al. 2019,,,,#711c24,,CS20250428_SUBCL_0022,CL:0000128,Oligodendrocyte,7,#def476,,CS20250428_CLASS_0010,CL:0000095,OPC|Oligo,3,#8605d4,,CS20250428_NEIGH_0001,CL:0000000,Nonneuron,1,#f2ca7d,,CGGGTATGTTAAGGTT,P0005_2,240822,Princeton
GAGGGAGCACATAGCC-P0005_2,Nonneuron,Astro-Epen,Astrocyte,Astrocyte,Marmoset-508,Marmoset-508,CL:0000003,P0005_2,cjCroissant,10x multiome,EFO:0030059,Marmoset,NCBI:txid9483,Adult,Brain,Brain,unknown,unknown,unknown,unknown,unknown,unknown,normal,PATO:0000461,nucleus,True,231010,LPRNXR_231010_1,LPRNXR_231010_1_D6,467,16,923,BR_PXR_240604_1,231004,LPRNXA_231004_1,LPRNXA_231004_1_C1,426,7,69.7,BR_PXA_240220_1,SI-TT-D6_i7,SI-TT-D6_b(i5),SI-NA-C1,5181,2420,0.0022318284027278,Callithrix jacchus,CS20250428_GROUP_0039,Nonneuron,CL:0000127,Astrocyte,1,Yao et al. 2023,,,,#e16c95,,CS20250428_SUBCL_0000,CL:0000127,Astrocyte,1,#604f15,,CS20250428_CLASS_0000,CL:0000125,Astro|Epen,1,#6ec0da,,CS20250428_NEIGH_0001,CL:0000000,Nonneuron,1,#f2ca7d,,GAGGGAGCACATAGCC,P0005_2,240822,Princeton
TGGCGGTTCTCACATT-P0005_2,Nonneuron,Astro-Epen,Astrocyte,Astrocyte,Marmoset-669,Marmoset-669,CL:0000003,P0005_2,cjCroissant,10x multiome,EFO:0030059,Marmoset,NCBI:txid9483,Adult,Brain,Brain,unknown,unknown,unknown,unknown,unknown,unknown,normal,PATO:0000461,nucleus,True,231010,LPRNXR_231010_1,LPRNXR_231010_1_D6,467,16,923,BR_PXR_240604_1,231004,LPRNXA_231004_1,LPRNXA_231004_1_C1,426,7,69.7,BR_PXA_240220_1,SI-TT-D6_i7,SI-TT-D6_b(i5),SI-NA-C1,5008,2629,0.138736844062805,Callithrix jacchus,CS20250428_GROUP_0039,Nonneuron,CL:0000127,Astrocyte,1,Yao et al. 2023,,,,#e16c95,,CS20250428_SUBCL_0000,CL:0000127,Astrocyte,1,#604f15,,CS20250428_CLASS_0000,CL:0000125,Astro|Epen,1,#6ec0da,,CS20250428_NEIGH_0001,CL:0000000,Nonneuron,1,#f2ca7d,,TGGCGGTTCTCACATT,P0005_2,240822,Princeton
TTGCTTAGTTACTAGG-P0005_2,Nonneuron,OPC-Oligo,OPC,OPC,Marmoset-628,Marmoset-628,CL:0000003,P0005_2,cjCroissant,10x multiome,EFO:0030059,Marmoset,NCBI:txid9483,Adult,Brain,Brain,unknown,unknown,unknown,unknown,unknown,unknown,normal,PATO:0000461,nucleus,True,231010,LPRNXR_231010_1,LPRNXR_231010_1_D6,467,16,923,BR_PXR_240604_1,231004,LPRNXA_231004_1,LPRNXA_231004_1_C1,426,7,69.7,BR_PXA_240220_1,SI-TT-D6_i7,SI-TT-D6_b(i5),SI-NA-C1,4790,2175,0.0014376896433532,Callithrix jacchus,CS20250428_GROUP_0023,Nonneuron,CL:0002453,OPC,12,Siletti et al. 2023,,,,#f5e689,,CS20250428_SUBCL_0020,CL:0002453,OPC,8,#c68ae4,,CS20250428_CLASS_0010,CL:0000095,OPC|Oligo,3,#8605d4,,CS20250428_NEIGH_0001,CL:0000000,Nonneuron,1,#f2ca7d,,TTGCTTAGTTACTAGG,P0005_2,240822,Princeton
GCCGTGAGTTTACGTC-P0005_2,Nonneuron,Vascular,Endo,Endo,Marmoset-685,Marmoset-685,CL:0000003,P0005_2,cjCroissant,10x multiome,EFO:0030059,Marmoset,NCBI:txid9483,Adult,Brain,Brain,unknown,unknown,unknown,unknown,unknown,unknown,normal,PATO:0000461,nucleus,True,231010,LPRNXR_231010_1,LPRNXR_231010_1_D6,467,16,923,BR_PXR_240604_1,231004,LPRNXA_231004_1,LPRNXA_231004_1_C1,426,7,69.7,BR_PXA_240220_1,SI-TT-D6_i7,SI-TT-D6_b(i5),SI-NA-C1,4406,2327,0.0417359136044979,Callithrix jacchus,CS20250428_GROUP_0011,Nonneuron,CL:0000115,Endo,14,Yao et al. 2023,,,PECAM1,#361d61,,CS20250428_SUBCL_0011,CL:0000115,Endo,10,#f6390c,,CS20250428_CLASS_0011,CL:0002320,Vascular,4,#cba5ec,,CS20250428_NEIGH_0001,CL:0000000,Nonneuron,1,#f2ca7d,,GCCGTGAGTTTACGTC,P0005_2,240822,Princeton
TTACGTTTCTTGATGA-P0005_2,Nonneuron,OPC-Oligo,Oligodendrocyte,Oligo PLEKHG1,Marmoset-17,Marmoset-17,CL:0000003,P0005_2,cjCroissant,10x multiome,EFO:0030059,Marmoset,NCBI:txid9483,Adult,Brain,Brain,unknown,unknown,unknown,unknown,unknown,unknown,normal,PATO:0000461,nucleus,True,231010,LPRNXR_231010_1,LPRNXR_231010_1_D6,467,16,923,BR_PXR_240604_1,231004,LPRNXA_231004_1,LPRNXA_231004_1_C1,426,7,69.7,BR_PXA_240220_1,SI-TT-D6_i7,SI-TT-D6_b(i5),SI-NA-C1,3966,2015,0.0004673652292694,Callithrix jacchus,CS20250428_GROUP_0026,Nonneuron,CL:0000128,Oligo|PLEKHG1,10,Siletti et al. 2023,,,,#401e66,,CS20250428_SUBCL_0022,CL:0000128,Oligodendrocyte,7,#def476,,CS20250428_CLASS_0010,CL:0000095,OPC|Oligo,3,#8605d4,,CS20250428_NEIGH_0001,CL:0000000,Nonneuron,1,#f2ca7d,,TTACGTTTCTTGATGA,P0005_2,240822,Princeton
CATGCGGGTCCTCCAA-P0005_2,Nonneuron,OPC-Oligo,Oligodendrocyte,Oligo OPALIN,Marmoset-4,Marmoset-4,CL:0000003,P0005_2,cjCroissant,10x multiome,EFO:0030059,Marmoset,NCBI:txid9483,Adult,Brain,Brain,unknown,unknown,unknown,unknown,unknown,unknown,normal,PATO:0000461,nucleus,True,231010,LPRNXR_231010_1,LPRNXR_231010_1_D6,467,16,923,BR_PXR_240604_1,231004,LPRNXA_231004_1,LPRNXA_231004_1_C1,426,7,69.7,BR_PXA_240220_1,SI-TT-D6_i7,SI-TT-D6_b(i5),SI-NA-C1,4024,1794,0.0019754553213715,Callithrix jacchus,CS20250428_GROUP_0025,Nonneuron,CL:0000128,Oligo|OPALIN,9,Siletti et al. 2023,,,,#488edc,,CS20250428_SUBCL_0022,CL:0000128,Oligodendrocyte,7,#def476,,CS20250428_CLASS_0010,CL:0000095,OPC|Oligo,3,#8605d4,,CS20250428_NEIGH_0001,CL:0000000,Nonneuron,1,#f2ca7d,,CATGCGGGTCCTCCAA,P0005_2,240822,Princeton
AGGATGTCACTGGCTG-P0005_2,Nonneuron,OPC-Oligo,Oligodendrocyte,Oligo OPALIN,Marmoset-19,Marmoset-19,CL:0000003,P0005_2,cjCroissant,10x multiome,EFO:0030059,Marmoset,NCBI:txid9483,Adult,Brain,Brain,unknown,unknown,unknown,unknown,unknown,unknown,normal,PATO:0000461,nucleus,True,231010,LPRNXR_231010_1,LPRNXR_231010_1_D6,467,16,923,BR_PXR_240604_1,231004,LPRNXA_231004_1,LPRNXA_231004_1_C1,426,7,69.7,BR_PXA_240220_1,SI-TT-D6_i7,SI-TT-D6_b(i5),SI-NA-C1,3721,2030,0.281795263290405,Callithrix jacchus,CS20250428_GROUP_0025,Nonneuron,CL:0000128,Oligo|OPALIN,9,Siletti et al. 2023,,,,#488edc,,CS20250428_SUBCL_0022,CL:0000128,Oligodendrocyte,7,#def476,,CS20250428_CLASS_0010,CL:0000095,OPC|Oligo,3,#8605d4,,CS20250428_NEIGH_0001,CL:0000000,Nonneuron,1,#f2ca7d,,AGGATGTCACTGGCTG,P0005_2,240822,Princeton
TCTTTGTAGCGATAGA-P0005_2,Nonneuron,OPC-Oligo,Oligodendrocyte,ImOligo,Marmoset-99,Marmoset-99,CL:0000003,P0005_2,cjCroissant,10x multiome,EFO:0030059,Marmoset,NCBI:txid9483,Adult,Brain,Brain,unknown,unknown,unknown,unknown,unknown,unknown,normal,PATO:0000461,nucleus,True,231010,LPRNXR_231010_1,LPRNXR_231010_1_D6,467,16,923,BR_PXR_240604_1,231004,LPRNXA_231004_1,LPRNXA_231004_1_C1,426,7,69.7,BR_PXA_240220_1,SI-TT-D6_i7,SI-TT-D6_b(i5),SI-NA-C1,3382,2047,0.306456804275513,Callithrix jacchus,CS20250428_GROUP_0018,Nonneuron,CL:4042031,ImOligo,11,Jäkel et al. 2019,,,,#711c24,,CS20250428_SUBCL_0022,CL:0000128,Oligodendrocyte,7,#def476,,CS20250428_CLASS_0010,CL:0000095,OPC|Oligo,3,#8605d4,,CS20250428_NEIGH_0001,CL:0000000,Nonneuron,1,#f2ca7d,,TCTTTGTAGCGATAGA,P0005_2,240822,Princeton
GGTCAAGCAACACCTA-P0005_2,Nonneuron,Immune,Microglia,Microglia,Marmoset-708,Marmoset-708,CL:0000003,P0005_2,cjCroissant,10x multiome,EFO:0030059,Marmoset,NCBI:txid9483,Adult,Brain,Brain,unknown,unknown,unknown,unknown,unknown,unknown,normal,PATO:0000461,nucleus,True,231010,LPRNXR_231010_1,LPRNXR_231010_1_D6,467,16,923,BR_PXR_240604_1,231004,LPRNXA_231004_1,LPRNXA_231004_1_C1,426,7,69.7,BR_PXA_240220_1,SI-TT-D6_i7,SI-TT-D6_b(i5),SI-NA-C1,2909,1856,0.0009905635379254,Callithrix jacchus,CS20250428_GROUP_0019,Nonneuron,CL:0000129,Microglia,4,Yao et al. 2023,,,,#cbfc1e,,CS20250428_SUBCL_0019,CL:0000129,Microglia,3,#761646,,CS20250428_CLASS_0008,CL:0000842,Immune,2,#aa6dec,,CS20250428_NEIGH_0001,CL:0000000,Nonneuron,1,#f2ca7d,,GGTCAAGCAACACCTA,P0005_2,240822,Princeton
TCTCAAGCACAGCCTG-P0005_2,Nonneuron,Immune,Microglia,Microglia,Marmoset-709,Marmoset-709,CL:0000003,P0005_2,cjCroissant,10x multiome,EFO:0030059,Marmoset,NCBI:txid9483,Adult,Brain,Brain,unknown,unknown,unknown,unknown,unknown,unknown,normal,PATO:0000461,nucleus,True,231010,LPRNXR_231010_1,LPRNXR_231010_1_D6,467,16,923,BR_PXR_240604_1,231004,LPRNXA_231004_1,LPRNXA_231004_1_C1,426,7,69.7,BR_PXA_240220_1,SI-TT-D6_i7,SI-TT-D6_b(i5),SI-NA-C1,2693,1596,7.23702614777721e-05,Callithrix jacchus,CS20250428_GROUP_0019,Nonneuron,CL:0000129,Microglia,4,Yao et al. 2023,,,,#cbfc1e,,CS20250428_SUBCL_0019,CL:0000129,Microglia,3,#761646,,CS20250428_CLASS_0008,CL:0000842,Immune,2,#aa6dec,,CS20250428_NEIGH_0001,CL:0000000,Nonneuron,1,#f2ca7d,,TCTCAAGCACAGCCTG,P0005_2,240822,Princeton
CCTTCAATCCTAATAG-P0005_2,Nonneuron,Astro-Epen,Ependymal,Ependymal,Marmoset-662,Marmoset-662,CL:0000003,P0005_2,cjCroissant,10x multiome,EFO:0030059,Marmoset,NCBI:txid9483,Adult,Brain,Brain,unknown,unknown,unknown,unknown,unknown,unknown,normal,PATO:0000461,nucleus,True,231010,LPRNXR_231010_1,LPRNXR_231010_1_D6,467,16,923,BR_PXR_240604_1,231004,LPRNXA_231004_1,LPRNXA_231004_1_C1,426,7,69.7,BR_PXA_240220_1,SI-TT-D6_i7,SI-TT-D6_b(i5),SI-NA-C1,3114,1921,0.0014343945076689,Callithrix jacchus,CS20250428_GROUP_0012,Nonneuron,CL:0000065,Ependymal,3,Yao et al. 2023,,,,#c96e0a,,CS20250428_SUBCL_0012,CL:0000065,Ependymal,2,#7f207a,,CS20250428_CLASS_0000,CL:0000125,Astro|Epen,1,#6ec0da,,CS20250428_NEIGH_0001,CL:0000000,Nonneuron,1,#f2ca7d,,CCTTCAATCCTAATAG,P0005_2,240822,Princeton
GGATAACCAAGACTCC-P0005_2,Nonneuron,Vascular,Endo,Endo,Marmoset-689,Marmoset-689,CL:0000003,P0005_2,cjCroissant,10x multiome,EFO:0030059,Marmoset,NCBI:txid9483,Adult,Brain,Brain,unknown,unknown,unknown,unknown,unknown,unknown,normal,PATO:0000461,nucleus,True,231010,LPRNXR_231010_1,LPRNXR_231010_1_D6,467,16,923,BR_PXR_240604_1,231004,LPRNXA_231004_1,LPRNXA_231004_1_C1,426,7,69.7,BR_PXA_240220_1,SI-TT-D6_i7,SI-TT-D6_b(i5),SI-NA-C1,2674,1812,0.0020773990545421,Callithrix jacchus,CS20250428_GROUP_0011,Nonneuron,CL:0000115,Endo,14,Yao et al. 2023,,,PECAM1,#361d61,,CS20250428_SUBCL_0011,CL:0000115,Endo,10,#f6390c,,CS20250428_CLASS_0011,CL:0002320,Vascular,4,#cba5ec,,CS20250428_NEIGH_0001,CL:0000000,Nonneuron,1,#f2ca7d,,GGATAACCAAGACTCC,P0005_2,240822,Princeton
TTTAGGATCAATCATG-P0005_2,Subpallium GABA,CN MGE GABA,CN Cholinergic GABA,STRd Cholinergic GABA,Marmoset-720,Marmoset-720,CL:0000003,P0005_2,cjCroissant,10x multiome,EFO:0030059,Marmoset,NCBI:txid9483,Adult,Brain,Brain,unknown,unknown,unknown,unknown,unknown,unknown,normal,PATO:0000461,nucleus,True,231010,LPRNXR_231010_1,LPRNXR_231010_1_D6,467,16,923,BR_PXR_240604_1,231004,LPRNXA_231004_1,LPRNXA_231004_1_C1,426,7,69.7,BR_PXA_240220_1,SI-TT-D6_i7,SI-TT-D6_b(i5),SI-NA-C1,2790,1639,0.32747682929039,Callithrix jacchus,CS20250428_GROUP_0048,Interneuron,,STRd|Cholinergic|GABA,33,,,,,#6fc7b2,,CS20250428_SUBCL_0001,,CN|Cholinergic|GABA,22,#b1f081,,CS20250428_CLASS_0005,,CN|MGE|GABA,7,#ce4c27,,CS20250428_NEIGH_0002,,Subpallium|GABA,3,#19613b,,TTTAGGATCAATCATG,P0005_2,240822,Princeton
AATGCAACACCTGCCT-P0005_2,Nonneuron,Immune,Microglia,Microglia,Marmoset-712,Marmoset-712,CL:0000003,P0005_2,cjCroissant,10x multiome,EFO:0030059,Marmoset,NCBI:txid9483,Adult,Brain,Brain,unknown,unknown,unknown,unknown,unknown,unknown,normal,PATO:0000461,nucleus,True,231010,LPRNXR_231010_1,LPRNXR_231010_1_D6,467,16,923,BR_PXR_240604_1,231004,LPRNXA_231004_1,LPRNXA_231004_1_C1,426,7,69.7,BR_PXA_240220_1,SI-TT-D6_i7,SI-TT-D6_b(i5),SI-NA-C1,2601,1492,0.0001621156552573,Callithrix jacchus,CS20250428_GROUP_0019,Nonneuron,CL:0000129,Microglia,4,Yao et al. 2023,,,,#cbfc1e,,CS20250428_SUBCL_0019,CL:0000129,Microglia,3,#761646,,CS20250428_CLASS_0008,CL:0000842,Immune,2,#aa6dec,,CS20250428_NEIGH_0001,CL:0000000,Nonneuron,1,#f2ca7d,,AATGCAACACCTGCCT,P0005_2,240822,Princeton
TTTCCGGGTGGGTGAA-P0005_2,Nonneuron,Vascular,VLMC,VLMC,Marmoset-692,Marmoset-692,CL:0000003,P0005_2,cjCroissant,10x multiome,EFO:0030059,Marmoset,NCBI:txid9483,Adult,Brain,Brain,unknown,unknown,unknown,unknown,unknown,unknown,normal,PATO:0000461,nucleus,True,231010,LPRNXR_231010_1,LPRNXR_231010_1_D6,467,16,923,BR_PXR_240604_1,231004,LPRNXA_231004_1,LPRNXA_231004_1_C1,426,7,69.7,BR_PXA_240220_1,SI-TT-D6_i7,SI-TT-D6_b(i5),SI-NA-C1,2678,1609,0.0367290489375591,Callithrix jacchus,CS20250428_GROUP_0062,Nonneuron,CL:4023051,VLMC,17,Yao et al. 2023,,,"PDGFRA, DCN",#c3ec86,,CS20250428_SUBCL_0035,CL:4023051,VLMC,13,#226a65,,CS20250428_CLASS_0011,CL:0000192,Vascular,4,#cba5ec,,CS20250428_NEIGH_0001,CL:0000000,Nonneuron,1,#f2ca7d,,TTTCCGGGTGGGTGAA,P0005_2,240822,Princeton
AATCCCTGTGTTAAAC-P0005_2,Nonneuron,OPC-Oligo,Oligodendrocyte,Oligo OPALIN,Marmoset-20,Marmoset-20,CL:0000003,P0005_2,cjCroissant,10x multiome,EFO:0030059,Marmoset,NCBI:txid9483,Adult,Brain,Brain,unknown,unknown,unknown,unknown,unknown,unknown,normal,PATO:0000461,nucleus,True,231010,LPRNXR_231010_1,LPRNXR_231010_1_D6,467,16,923,BR_PXR_240604_1,231004,LPRNXA_231004_1,LPRNXA_231004_1_C1,426,7,69.7,BR_PXA_240220_1,SI-TT-D6_i7,SI-TT-D6_b(i5),SI-NA-C1,2108,1158,0.0061121671460568,Callithrix jacchus,CS20250428_GROUP_0025,Nonneuron,CL:0000128,Oligo|OPALIN,9,Siletti et al. 2023,,,,#488edc,,CS20250428_SUBCL_0022,CL:0000128,Oligodendrocyte,7,#def476,,CS20250428_CLASS_0010,CL:0000095,OPC|Oligo,3,#8605d4,,CS20250428_NEIGH_0001,CL:0000000,Nonneuron,1,#f2ca7d,,AATCCCTGTGTTAAAC,P0005_2,240822,Princeton
GCAGCTATCTCGACCT-P0008_1,Subpallium GABA,CN MGE GABA,STR SST-CHODL GABA,STR SST-CHODL GABA,Marmoset-726,Marmoset-726,CL:0000003,P0008_1,cjCroissant,10x multiome,EFO:0030059,Marmoset,NCBI:txid9483,Adult,Brain,Brain,unknown,unknown,unknown,unknown,unknown,unknown,normal,PATO:0000461,nucleus,True,231025,LPLCXR_231025_1,LPLCXR_231025_1_H6,477,16,2247,BR_PXR_231108_1,231030,LPLCXA_231030_1,LPLCXA_231030_1_B2,398,7,79.9,BR_PXA_231120_1,SI-TT-H6_i7,SI-TT-H6_b(i5),SI-NA-B2,24709,5796,0.224391162395477,Callithrix jacchus,CS20250428_GROUP_0043,Interneuron,Need to create a PR,STR|SST|CHODL|GABA,29,Krienen et al. 2020,Sst Chodl | LTS,,NPY,#708297,,CS20250428_SUBCL_0033,,STR|SST|CHODL|GABA,19,#eea495,,CS20250428_CLASS_0005,,CN|MGE|GABA,7,#ce4c27,,CS20250428_NEIGH_0002,,Subpallium|GABA,3,#19613b,,GCAGCTATCTCGACCT,P0008_1,231224,Princeton
ACGGTTAGTAACCAGC-P0008_1,Subpallium GABA,F M GABA,CN LHX8 GABA,GPe SOX6-CTXND1 GABA,Marmoset-775,Marmoset-775,CL:0000003,P0008_1,cjCroissant,10x multiome,EFO:0030059,Marmoset,NCBI:txid9483,Adult,Brain,Brain,unknown,unknown,unknown,unknown,unknown,unknown,normal,PATO:0000461,nucleus,True,231025,LPLCXR_231025_1,LPLCXR_231025_1_H6,477,16,2247,BR_PXR_231108_1,231030,LPLCXA_231030_1,LPLCXA_231030_1_B2,398,7,79.9,BR_PXA_231120_1,SI-TT-H6_i7,SI-TT-H6_b(i5),SI-NA-B2,19819,5441,0.0024636397138238,Callithrix jacchus,CS20250428_GROUP_0014,Interneuron,,GPe|SOX6|CTXND1|GABA,38,,,,"SOX6, KCNA1",#e9dc4d,,CS20250428_SUBCL_0005,,CN|LHX8|GABA,25,#caf28b,,CS20250428_CLASS_0006,,F|M|GABA,9,#cd0f13,,CS20250428_NEIGH_0002,,Subpallium|GABA,3,#19613b,,ACGGTTAGTAACCAGC,P0008_1,231224,Princeton
CTCCGGACAACCTGGT-P0008_1,Subpallium GABA,F M GABA,CN LHX8 GABA,GPe-NDB-SI LHX6-LHX8-GBX1 GABA,Marmoset-777,Marmoset-777,CL:0000003,P0008_1,cjCroissant,10x multiome,EFO:0030059,Marmoset,NCBI:txid9483,Adult,Brain,Brain,unknown,unknown,unknown,unknown,unknown,unknown,normal,PATO:0000461,nucleus,True,231025,LPLCXR_231025_1,LPLCXR_231025_1_H6,477,16,2247,BR_PXR_231108_1,231030,LPLCXA_231030_1,LPLCXA_231030_1_B2,398,7,79.9,BR_PXA_231120_1,SI-TT-H6_i7,SI-TT-H6_b(i5),SI-NA-B2,15110,5147,0.0004930719733238,Callithrix jacchus,CS20250428_GROUP_0020,Interneuron,,GPe|NDB|SI|LHX6|LHX8|GBX1|GABA,39,,,,,#653614,,CS20250428_SUBCL_0005,,CN|LHX8|GABA,25,#caf28b,,CS20250428_CLASS_0006,,F|M|GABA,9,#cd0f13,,CS20250428_NEIGH_0002,,Subpallium|GABA,3,#19613b,,CTCCGGACAACCTGGT,P0008_1,231224,Princeton
ACCCTGTTCCGTTAAA-P0008_1,Subpallium GABA,CN MGE GABA,STR SST-CHODL GABA,STR SST-CHODL GABA,Marmoset-727,Marmoset-727,CL:0000003,P0008_1,cjCroissant,10x multiome,EFO:0030059,Marmoset,NCBI:txid9483,Adult,Brain,Brain,unknown,unknown,unknown,unknown,unknown,unknown,normal,PATO:0000461,nucleus,True,231025,LPLCXR_231025_1,LPLCXR_231025_1_H6,477,16,2247,BR_PXR_231108_1,231030,LPLCXA_231030_1,LPLCXA_231030_1_B2,398,7,79.9,BR_PXA_231120_1,SI-TT-H6_i7,SI-TT-H6_b(i5),SI-NA-B2,12853,4286,0.0016154728364199,Callithrix jacchus,CS20250428_GROUP_0043,Interneuron,Need to create a PR,STR|SST|CHODL|GABA,29,Krienen et al. 2020,Sst Chodl | LTS,,NPY,#708297,,CS20250428_SUBCL_0033,,STR|SST|CHODL|GABA,19,#eea495,,CS20250428_CLASS_0005,,CN|MGE|GABA,7,#ce4c27,,CS20250428_NEIGH_0002,,Subpallium|GABA,3,#19613b,,ACCCTGTTCCGTTAAA,P0008_1,231224,Princeton
GCGGTTATCCATTACT-P0008_1,Subpallium GABA,CN CGE GABA,CN VIP GABA,VIP GABA,Marmoset-305,Marmoset-305,CL:0000003,P0008_1,cjCroissant,10x multiome,EFO:0030059,Marmoset,NCBI:txid9483,Adult,Brain,Brain,unknown,unknown,unknown,unknown,unknown,unknown,normal,PATO:0000461,nucleus,True,231025,LPLCXR_231025_1,LPLCXR_231025_1_H6,477,16,2247,BR_PXR_231108_1,231030,LPLCXA_231030_1,LPLCXA_231030_1_B2,398,7,79.9,BR_PXA_231120_1,SI-TT-H6_i7,SI-TT-H6_b(i5),SI-NA-B2,12640,4069,0.0140357846394181,Callithrix jacchus,CS20250428_GROUP_0047,Interneuron,Need to Create a PR,VIP|GABA,37,Krienen et al. 2020,VIP,,VIP,#fc2b80,,CS20250428_SUBCL_0009,,CN|VIP|GABA,24,#1bc06a,,CS20250428_CLASS_0001,,CN|CGE|GABA,8,#26e8bb,,CS20250428_NEIGH_0002,,Subpallium|GABA,3,#19613b,,GCGGTTATCCATTACT,P0008_1,231224,Princeton
GGTTATGGTAGCTAGC-P0008_1,Subpallium GABA,CN LGE GABA,STR D2 MSN,STRd D2 Matrix MSN,Marmoset-81,Marmoset-81,CL:0000003,P0008_1,cjCroissant,10x multiome,EFO:0030059,Marmoset,NCBI:txid9483,Adult,Brain,Brain,unknown,unknown,unknown,unknown,unknown,unknown,normal,PATO:0000461,nucleus,True,231025,LPLCXR_231025_1,LPLCXR_231025_1_H6,477,16,2247,BR_PXR_231108_1,231030,LPLCXA_231030_1,LPLCXA_231030_1_B2,398,7,79.9,BR_PXA_231120_1,SI-TT-H6_i7,SI-TT-H6_b(i5),SI-NA-B2,11906,3778,0.001501714810729,Callithrix jacchus,CS20250428_GROUP_0052,LGE,CL:4030047,STRd|D2 Matrix MSN,53,He et al. 2021,D2-Matrix,,STXBP6,#aec7e8,,CS20250428_SUBCL_0029,CL:4023029,STR|D2 MSN,32,#253c8c,,CS20250428_CLASS_0003,,CN|LGE|GABA,10,#d0b83c,,CS20250428_NEIGH_0002,,Subpallium|GABA,3,#19613b,,GGTTATGGTAGCTAGC,P0008_1,231224,Princeton
GAGGCTACAATCCTGA-P0008_1,Subpallium GABA,CN LGE GABA,STR D1 MSN,STRv D1 MSN,Marmoset-131,Marmoset-131,CL:0000003,P0008_1,cjCroissant,10x multiome,EFO:0030059,Marmoset,NCBI:txid9483,Adult,Brain,Brain,unknown,unknown,unknown,unknown,unknown,unknown,normal,PATO:0000461,nucleus,True,231025,LPLCXR_231025_1,LPLCXR_231025_1_H6,477,16,2247,BR_PXR_231108_1,231030,LPLCXA_231030_1,LPLCXA_231030_1_B2,398,7,79.9,BR_PXA_231120_1,SI-TT-H6_i7,SI-TT-H6_b(i5),SI-NA-B2,10943,4125,0.0066324458457529,Callithrix jacchus,CS20250428_GROUP_0056,LGE,CL:4030051,STRv|D1 MSN,51,He et al. 2021,D1-Shell/OT,,ARHGAP6,#339933,,CS20250428_SUBCL_0028,CL:4023026,STR|D1 MSN,31,#1655f2,,CS20250428_CLASS_0003,,CN|LGE|GABA,10,#d0b83c,,CS20250428_NEIGH_0002,,Subpallium|GABA,3,#19613b,,GAGGCTACAATCCTGA,P0008_1,231224,Princeton
GAGAACCAGACTCGCA-P0008_1,Subpallium GABA,CN MGE GABA,STR RSPO2 GABA,STR SST-RSPO2 GABA,Marmoset-911,Marmoset-911,CL:0000003,P0008_1,cjCroissant,10x multiome,EFO:0030059,Marmoset,NCBI:txid9483,Adult,Brain,Brain,unknown,unknown,unknown,unknown,unknown,unknown,normal,PATO:0000461,nucleus,True,231025,LPLCXR_231025_1,LPLCXR_231025_1_H6,477,16,2247,BR_PXR_231108_1,231030,LPLCXA_231030_1,LPLCXA_231030_1_B2,398,7,79.9,BR_PXA_231120_1,SI-TT-H6_i7,SI-TT-H6_b(i5),SI-NA-B2,9960,3558,0.0024360199458897,Callithrix jacchus,CS20250428_GROUP_0044,Interneuron,,STR|SST|RSPO2|GABA,31,,,,,#7f7f7f,,CS20250428_SUBCL_0031,,STR|RSPO2|GABA,21,#5b0e63,,CS20250428_CLASS_0005,,CN|MGE|GABA,7,#ce4c27,,CS20250428_NEIGH_0002,,Subpallium|GABA,3,#19613b,,GAGAACCAGACTCGCA,P0008_1,231224,Princeton
ATATGCATCCAAGTTA-P0008_1,Subpallium GABA,CN MGE GABA,STR SST-CHODL GABA,STR SST-CHODL GABA,Marmoset-728,Marmoset-728,CL:0000003,P0008_1,cjCroissant,10x multiome,EFO:0030059,Marmoset,NCBI:txid9483,Adult,Brain,Brain,unknown,unknown,unknown,unknown,unknown,unknown,normal,PATO:0000461,nucleus,True,231025,LPLCXR_231025_1,LPLCXR_231025_1_H6,477,16,2247,BR_PXR_231108_1,231030,LPLCXA_231030_1,LPLCXA_231030_1_B2,398,7,79.9,BR_PXA_231120_1,SI-TT-H6_i7,SI-TT-H6_b(i5),SI-NA-B2,9558,3812,0.421059399843216,Callithrix jacchus,CS20250428_GROUP_0043,Interneuron,Need to create a PR,STR|SST|CHODL|GABA,29,Krienen et al. 2020,Sst Chodl | LTS,,NPY,#708297,,CS20250428_SUBCL_0033,,STR|SST|CHODL|GABA,19,#eea495,,CS20250428_CLASS_0005,,CN|MGE|GABA,7,#ce4c27,,CS20250428_NEIGH_0002,,Subpallium|GABA,3,#19613b,,ATATGCATCCAAGTTA,P0008_1,231224,Princeton
TCCATGCTCTGGTCCT-P0008_1,Nonneuron,OPC-Oligo,Oligodendrocyte,Oligo PLEKHG1,Marmoset-13,Marmoset-13,CL:0000003,P0008_1,cjCroissant,10x multiome,EFO:0030059,Marmoset,NCBI:txid9483,Adult,Brain,Brain,unknown,unknown,unknown,unknown,unknown,unknown,normal,PATO:0000461,nucleus,True,231025,LPLCXR_231025_1,LPLCXR_231025_1_H6,477,16,2247,BR_PXR_231108_1,231030,LPLCXA_231030_1,LPLCXA_231030_1_B2,398,7,79.9,BR_PXA_231120_1,SI-TT-H6_i7,SI-TT-H6_b(i5),SI-NA-B2,9025,3165,0.149878159165382,Callithrix jacchus,CS20250428_GROUP_0026,Nonneuron,CL:0000128,Oligo|PLEKHG1,10,Siletti et al. 2023,,,,#401e66,,CS20250428_SUBCL_0022,CL:0000128,Oligodendrocyte,7,#def476,,CS20250428_CLASS_0010,CL:0000095,OPC|Oligo,3,#8605d4,,CS20250428_NEIGH_0001,CL:0000000,Nonneuron,1,#f2ca7d,,TCCATGCTCTGGTCCT,P0008_1,231224,Princeton
TGTTCATTCTTGTCCA-P0008_1,Nonneuron,OPC-Oligo,Oligodendrocyte,Oligo PLEKHG1,Marmoset-15,Marmoset-15,CL:0000003,P0008_1,cjCroissant,10x multiome,EFO:0030059,Marmoset,NCBI:txid9483,Adult,Brain,Brain,unknown,unknown,unknown,unknown,unknown,unknown,normal,PATO:0000461,nucleus,True,231025,LPLCXR_231025_1,LPLCXR_231025_1_H6,477,16,2247,BR_PXR_231108_1,231030,LPLCXA_231030_1,LPLCXA_231030_1_B2,398,7,79.9,BR_PXA_231120_1,SI-TT-H6_i7,SI-TT-H6_b(i5),SI-NA-B2,8720,3652,0.200851574540138,Callithrix jacchus,CS20250428_GROUP_0026,Nonneuron,CL:0000128,Oligo|PLEKHG1,10,Siletti et al. 2023,,,,#401e66,,CS20250428_SUBCL_0022,CL:0000128,Oligodendrocyte,7,#def476,,CS20250428_CLASS_0010,CL:0000095,OPC|Oligo,3,#8605d4,,CS20250428_NEIGH_0001,CL:0000000,Nonneuron,1,#f2ca7d,,TGTTCATTCTTGTCCA,P0008_1,231224,Princeton
CCGTTATGTTCAAGCA-P0008_1,Subpallium GABA,CN LGE GABA,STR D1 MSN,STRd D1 Matrix MSN,Marmoset-91,Marmoset-91,CL:0000003,P0008_1,cjCroissant,10x multiome,EFO:0030059,Marmoset,NCBI:txid9483,Adult,Brain,Brain,unknown,unknown,unknown,unknown,unknown,unknown,normal,PATO:0000461,nucleus,True,231025,LPLCXR_231025_1,LPLCXR_231025_1_H6,477,16,2247,BR_PXR_231108_1,231030,LPLCXA_231030_1,LPLCXA_231030_1_B2,398,7,79.9,BR_PXA_231120_1,SI-TT-H6_i7,SI-TT-H6_b(i5),SI-NA-B2,8458,3235,9.52150439843535e-05,Callithrix jacchus,CS20250428_GROUP_0049,LGE,CL:4030043,STRd|D1 Matrix MSN,50,He et al. 2021,D1-Matrix,,STXBP6,#1f77b4,,CS20250428_SUBCL_0028,CL:4023026,STR|D1 MSN,31,#1655f2,,CS20250428_CLASS_0003,,CN|LGE|GABA,10,#d0b83c,,CS20250428_NEIGH_0002,,Subpallium|GABA,3,#19613b,,CCGTTATGTTCAAGCA,P0008_1,231224,Princeton
TCTACCTCATTGTTGG-P0008_1,Subpallium GABA,CN MGE GABA,CN LAMP5-LHX6 GABA,LAMP5-LHX6 GABA,Marmoset-354,Marmoset-354,CL:0000003,P0008_1,cjCroissant,10x multiome,EFO:0030059,Marmoset,NCBI:txid9483,Adult,Brain,Brain,unknown,unknown,unknown,unknown,unknown,unknown,normal,PATO:0000461,nucleus,True,231025,LPLCXR_231025_1,LPLCXR_231025_1_H6,477,16,2247,BR_PXR_231108_1,231030,LPLCXA_231030_1,LPLCXA_231030_1_B2,398,7,79.9,BR_PXA_231120_1,SI-TT-H6_i7,SI-TT-H6_b(i5),SI-NA-B2,8423,3247,0.0001081464506569,Callithrix jacchus,CS20250428_GROUP_0005,Interneuron,,LAMP5|LHX6|GABA,25,,LAMP5,,"LAMP5, LHX6",#00af88,,CS20250428_SUBCL_0003,,CN|LAMP5|LHX6|GABA,17,#f48d44,,CS20250428_CLASS_0005,,CN|MGE|GABA,7,#ce4c27,,CS20250428_NEIGH_0002,,Subpallium|GABA,3,#19613b,,TCTACCTCATTGTTGG,P0008_1,231224,Princeton
CTCACAACACCATATG-P0008_1,Nonneuron,Astro-Epen,Ependymal,Ependymal,Marmoset-664,Marmoset-664,CL:0000003,P0008_1,cjCroissant,10x multiome,EFO:0030059,Marmoset,NCBI:txid9483,Adult,Brain,Brain,unknown,unknown,unknown,unknown,unknown,unknown,normal,PATO:0000461,nucleus,True,231025,LPLCXR_231025_1,LPLCXR_231025_1_H6,477,16,2247,BR_PXR_231108_1,231030,LPLCXA_231030_1,LPLCXA_231030_1_B2,398,7,79.9,BR_PXA_231120_1,SI-TT-H6_i7,SI-TT-H6_b(i5),SI-NA-B2,7508,3340,0.163459286093712,Callithrix jacchus,CS20250428_GROUP_0012,Nonneuron,CL:0000065,Ependymal,3,Yao et al. 2023,,,,#c96e0a,,CS20250428_SUBCL_0012,CL:0000065,Ependymal,2,#7f207a,,CS20250428_CLASS_0000,CL:0000125,Astro|Epen,1,#6ec0da,,CS20250428_NEIGH_0001,CL:0000000,Nonneuron,1,#f2ca7d,,CTCACAACACCATATG,P0008_1,231224,Princeton
AGAGAAGCAACCTAAT-P0008_1,Subpallium GABA,CN MGE GABA,CN LAMP5-LHX6 GABA,LAMP5-LHX6 GABA,Marmoset-355,Marmoset-355,CL:0000003,P0008_1,cjCroissant,10x multiome,EFO:0030059,Marmoset,NCBI:txid9483,Adult,Brain,Brain,unknown,unknown,unknown,unknown,unknown,unknown,normal,PATO:0000461,nucleus,True,231025,LPLCXR_231025_1,LPLCXR_231025_1_H6,477,16,2247,BR_PXR_231108_1,231030,LPLCXA_231030_1,LPLCXA_231030_1_B2,398,7,79.9,BR_PXA_231120_1,SI-TT-H6_i7,SI-TT-H6_b(i5),SI-NA-B2,6597,2938,0.0003423207090236,Callithrix jacchus,CS20250428_GROUP_0005,Interneuron,,LAMP5|LHX6|GABA,25,,LAMP5,,"LAMP5, LHX6",#00af88,,CS20250428_SUBCL_0003,,CN|LAMP5|LHX6|GABA,17,#f48d44,,CS20250428_CLASS_0005,,CN|MGE|GABA,7,#ce4c27,,CS20250428_NEIGH_0002,,Subpallium|GABA,3,#19613b,,AGAGAAGCAACCTAAT,P0008_1,231224,Princeton
CTAATGTCACCAACCG-P0008_1,Nonneuron,OPC-Oligo,Oligodendrocyte,Oligo PLEKHG1,Marmoset-10,Marmoset-10,CL:0000003,P0008_1,cjCroissant,10x multiome,EFO:0030059,Marmoset,NCBI:txid9483,Adult,Brain,Brain,unknown,unknown,unknown,unknown,unknown,unknown,normal,PATO:0000461,nucleus,True,231025,LPLCXR_231025_1,LPLCXR_231025_1_H6,477,16,2247,BR_PXR_231108_1,231030,LPLCXA_231030_1,LPLCXA_231030_1_B2,398,7,79.9,BR_PXA_231120_1,SI-TT-H6_i7,SI-TT-H6_b(i5),SI-NA-B2,6388,2557,0.0094996793195605,Callithrix jacchus,CS20250428_GROUP_0026,Nonneuron,CL:0000128,Oligo|PLEKHG1,10,Siletti et al. 2023,,,,#401e66,,CS20250428_SUBCL_0022,CL:0000128,Oligodendrocyte,7,#def476,,CS20250428_CLASS_0010,CL:0000095,OPC|Oligo,3,#8605d4,,CS20250428_NEIGH_0001,CL:0000000,Nonneuron,1,#f2ca7d,,CTAATGTCACCAACCG,P0008_1,231224,Princeton
AAACAGCCAATAACGA-P0008_1,Subpallium GABA,CN CGE GABA,CN LAMP5-CXCL14 GABA,LAMP5-CXCL14 GABA,Marmoset-434,Marmoset-434,CL:0000003,P0008_1,cjCroissant,10x multiome,EFO:0030059,Marmoset,NCBI:txid9483,Adult,Brain,Brain,unknown,unknown,unknown,unknown,unknown,unknown,normal,PATO:0000461,nucleus,True,231025,LPLCXR_231025_1,LPLCXR_231025_1_H6,477,16,2247,BR_PXR_231108_1,231030,LPLCXA_231030_1,LPLCXA_231030_1_B2,398,7,79.9,BR_PXA_231120_1,SI-TT-H6_i7,SI-TT-H6_b(i5),SI-NA-B2,6190,2585,0.0004780105664394,Callithrix jacchus,CS20250428_GROUP_0004,Interneuron,,LAMP5|CXCL14|GABA,36,,LAMP5,,"LAMP5, CXCL14",#f6b5d1,,CS20250428_SUBCL_0002,,CN|LAMP5|CXCL14|GABA,23,#e5b672,,CS20250428_CLASS_0001,,CN|CGE|GABA,8,#26e8bb,,CS20250428_NEIGH_0002,,Subpallium|GABA,3,#19613b,,AAACAGCCAATAACGA,P0008_1,231224,Princeton
CATAATGTCTTACTCG-P0008_1,Nonneuron,OPC-Oligo,Oligodendrocyte,Oligo PLEKHG1,Marmoset-14,Marmoset-14,CL:0000003,P0008_1,cjCroissant,10x multiome,EFO:0030059,Marmoset,NCBI:txid9483,Adult,Brain,Brain,unknown,unknown,unknown,unknown,unknown,unknown,normal,PATO:0000461,nucleus,True,231025,LPLCXR_231025_1,LPLCXR_231025_1_H6,477,16,2247,BR_PXR_231108_1,231030,LPLCXA_231030_1,LPLCXA_231030_1_B2,398,7,79.9,BR_PXA_231120_1,SI-TT-H6_i7,SI-TT-H6_b(i5),SI-NA-B2,6002,2624,0.0056877131573855,Callithrix jacchus,CS20250428_GROUP_0026,Nonneuron,CL:0000128,Oligo|PLEKHG1,10,Siletti et al. 2023,,,,#401e66,,CS20250428_SUBCL_0022,CL:0000128,Oligodendrocyte,7,#def476,,CS20250428_CLASS_0010,CL:0000095,OPC|Oligo,3,#8605d4,,CS20250428_NEIGH_0001,CL:0000000,Nonneuron,1,#f2ca7d,,CATAATGTCTTACTCG,P0008_1,231224,Princeton
GGACTAAAGCAGGTTT-P0008_1,Subpallium GABA,CN CGE GABA,CN VIP GABA,VIP GABA,Marmoset-310,Marmoset-310,CL:0000003,P0008_1,cjCroissant,10x multiome,EFO:0030059,Marmoset,NCBI:txid9483,Adult,Brain,Brain,unknown,unknown,unknown,unknown,unknown,unknown,normal,PATO:0000461,nucleus,True,231025,LPLCXR_231025_1,LPLCXR_231025_1_H6,477,16,2247,BR_PXR_231108_1,231030,LPLCXA_231030_1,LPLCXA_231030_1_B2,398,7,79.9,BR_PXA_231120_1,SI-TT-H6_i7,SI-TT-H6_b(i5),SI-NA-B2,5754,2843,0.0068083209916949,Callithrix jacchus,CS20250428_GROUP_0047,Interneuron,Need to Create a PR,VIP|GABA,37,Krienen et al. 2020,VIP,,VIP,#fc2b80,,CS20250428_SUBCL_0009,,CN|VIP|GABA,24,#1bc06a,,CS20250428_CLASS_0001,,CN|CGE|GABA,8,#26e8bb,,CS20250428_NEIGH_0002,,Subpallium|GABA,3,#19613b,,GGACTAAAGCAGGTTT,P0008_1,231224,Princeton
TCTCGCCCAGAAATGC-P0008_1,Subpallium GABA,CN LGE GABA,STR Hybrid MSN,STRv D1 NUDAP MSN,Marmoset-219,Marmoset-219,CL:0000003,P0008_1,cjCroissant,10x multiome,EFO:0030059,Marmoset,NCBI:txid9483,Adult,Brain,Brain,unknown,unknown,unknown,unknown,unknown,unknown,normal,PATO:0000461,nucleus,True,231025,LPLCXR_231025_1,LPLCXR_231025_1_H6,477,16,2247,BR_PXR_231108_1,231030,LPLCXA_231030_1,LPLCXA_231030_1_B2,398,7,79.9,BR_PXA_231120_1,SI-TT-H6_i7,SI-TT-H6_b(i5),SI-NA-B2,5704,2694,0.0154308388009667,Callithrix jacchus,CS20250428_GROUP_0057,LGE,CL:4030054,STRv|D1 NUDAP MSN,57,He et al. 2021,D1-NUDAP,,GRIA4,#e377c2,,CS20250428_SUBCL_0030,CL:4030050,STR|Hybrid MSN,33,#79bdf4,,CS20250428_CLASS_0003,,CN|LGE|GABA,10,#d0b83c,,CS20250428_NEIGH_0002,,Subpallium|GABA,3,#19613b,,TCTCGCCCAGAAATGC,P0008_1,231224,Princeton
TGTCATAAGTCACGAT-P0008_1,Subpallium GABA,CN MGE GABA,STR SST-CHODL GABA,STR SST-CHODL GABA,Marmoset-729,Marmoset-729,CL:0000003,P0008_1,cjCroissant,10x multiome,EFO:0030059,Marmoset,NCBI:txid9483,Adult,Brain,Brain,unknown,unknown,unknown,unknown,unknown,unknown,normal,PATO:0000461,nucleus,True,231025,LPLCXR_231025_1,LPLCXR_231025_1_H6,477,16,2247,BR_PXR_231108_1,231030,LPLCXA_231030_1,LPLCXA_231030_1_B2,398,7,79.9,BR_PXA_231120_1,SI-TT-H6_i7,SI-TT-H6_b(i5),SI-NA-B2,5653,2646,0.00138399831485,Callithrix jacchus,CS20250428_GROUP_0043,Interneuron,Need to create a PR,STR|SST|CHODL|GABA,29,Krienen et al. 2020,Sst Chodl | LTS,,NPY,#708297,,CS20250428_SUBCL_0033,,STR|SST|CHODL|GABA,19,#eea495,,CS20250428_CLASS_0005,,CN|MGE|GABA,7,#ce4c27,,CS20250428_NEIGH_0002,,Subpallium|GABA,3,#19613b,,TGTCATAAGTCACGAT,P0008_1,231224,Princeton
TCCTTTACAATTAAGG-P0008_1,Subpallium GABA,CN MGE GABA,STR RSPO2 GABA,STR LYPD6-RSPO2 GABA,Marmoset-912,Marmoset-912,CL:0000003,P0008_1,cjCroissant,10x multiome,EFO:0030059,Marmoset,NCBI:txid9483,Adult,Brain,Brain,unknown,unknown,unknown,unknown,unknown,unknown,normal,PATO:0000461,nucleus,True,231025,LPLCXR_231025_1,LPLCXR_231025_1_H6,477,16,2247,BR_PXR_231108_1,231030,LPLCXA_231030_1,LPLCXA_231030_1_B2,398,7,79.9,BR_PXA_231120_1,SI-TT-H6_i7,SI-TT-H6_b(i5),SI-NA-B2,5468,2556,0.0039873267523944,Callithrix jacchus,CS20250428_GROUP_0041,Interneuron,,STR|LYPD6|RSPO2|GABA,32,,,,,#a9f266,,CS20250428_SUBCL_0031,,STR|RSPO2|GABA,21,#5b0e63,,CS20250428_CLASS_0005,,CN|MGE|GABA,7,#ce4c27,,CS20250428_NEIGH_0002,,Subpallium|GABA,3,#19613b,,TCCTTTACAATTAAGG,P0008_1,231224,Princeton
AACCTCACAGATTCAT-P0008_1,Nonneuron,Astro-Epen,Astrocyte,Astrocyte,Marmoset-515,Marmoset-515,CL:0000003,P0008_1,cjCroissant,10x multiome,EFO:0030059,Marmoset,NCBI:txid9483,Adult,Brain,Brain,unknown,unknown,unknown,unknown,unknown,unknown,normal,PATO:0000461,nucleus,True,231025,LPLCXR_231025_1,LPLCXR_231025_1_H6,477,16,2247,BR_PXR_231108_1,231030,LPLCXA_231030_1,LPLCXA_231030_1_B2,398,7,79.9,BR_PXA_231120_1,SI-TT-H6_i7,SI-TT-H6_b(i5),SI-NA-B2,5363,2549,0.0048163053579628,Callithrix jacchus,CS20250428_GROUP_0039,Nonneuron,CL:0000127,Astrocyte,1,Yao et al. 2023,,,,#e16c95,,CS20250428_SUBCL_0000,CL:0000127,Astrocyte,1,#604f15,,CS20250428_CLASS_0000,CL:0000125,Astro|Epen,1,#6ec0da,,CS20250428_NEIGH_0001,CL:0000000,Nonneuron,1,#f2ca7d,,AACCTCACAGATTCAT,P0008_1,231224,Princeton
ATCACACAGCTATATG-P0008_1,Subpallium GABA,CN LGE GABA,STR Hybrid MSN,STRv D1 NUDAP MSN,Marmoset-217,Marmoset-217,CL:0000003,P0008_1,cjCroissant,10x multiome,EFO:0030059,Marmoset,NCBI:txid9483,Adult,Brain,Brain,unknown,unknown,unknown,unknown,unknown,unknown,normal,PATO:0000461,nucleus,True,231025,LPLCXR_231025_1,LPLCXR_231025_1_H6,477,16,2247,BR_PXR_231108_1,231030,LPLCXA_231030_1,LPLCXA_231030_1_B2,398,7,79.9,BR_PXA_231120_1,SI-TT-H6_i7,SI-TT-H6_b(i5),SI-NA-B2,5162,2431,0.0092537030577659,Callithrix jacchus,CS20250428_GROUP_0057,LGE,CL:4030054,STRv|D1 NUDAP MSN,57,He et al. 2021,D1-NUDAP,,GRIA4,#e377c2,,CS20250428_SUBCL_0030,CL:4030050,STR|Hybrid MSN,33,#79bdf4,,CS20250428_CLASS_0003,,CN|LGE|GABA,10,#d0b83c,,CS20250428_NEIGH_0002,,Subpallium|GABA,3,#19613b,,ATCACACAGCTATATG,P0008_1,231224,Princeton
TTTGTGGCAGTATGTT-P0008_1,Subpallium GABA,CN CGE GABA,CN VIP GABA,VIP GABA,Marmoset-315,Marmoset-315,CL:0000003,P0008_1,cjCroissant,10x multiome,EFO:0030059,Marmoset,NCBI:txid9483,Adult,Brain,Brain,unknown,unknown,unknown,unknown,unknown,unknown,normal,PATO:0000461,nucleus,True,231025,LPLCXR_231025_1,LPLCXR_231025_1_H6,477,16,2247,BR_PXR_231108_1,231030,LPLCXA_231030_1,LPLCXA_231030_1_B2,398,7,79.9,BR_PXA_231120_1,SI-TT-H6_i7,SI-TT-H6_b(i5),SI-NA-B2,4614,2425,0.0015438065165653,Callithrix jacchus,CS20250428_GROUP_0047,Interneuron,Need to Create a PR,VIP|GABA,37,Krienen et al. 2020,VIP,,VIP,#fc2b80,,CS20250428_SUBCL_0009,,CN|VIP|GABA,24,#1bc06a,,CS20250428_CLASS_0001,,CN|CGE|GABA,8,#26e8bb,,CS20250428_NEIGH_0002,,Subpallium|GABA,3,#19613b,,TTTGTGGCAGTATGTT,P0008_1,231224,Princeton
TTTGCGGAGCGATAGA-P0008_1,Subpallium GABA,CN MGE GABA,STR SST-CHODL GABA,STR SST-CHODL GABA,Marmoset-730,Marmoset-730,CL:0000003,P0008_1,cjCroissant,10x multiome,EFO:0030059,Marmoset,NCBI:txid9483,Adult,Brain,Brain,unknown,unknown,unknown,unknown,unknown,unknown,normal,PATO:0000461,nucleus,True,231025,LPLCXR_231025_1,LPLCXR_231025_1_H6,477,16,2247,BR_PXR_231108_1,231030,LPLCXA_231030_1,LPLCXA_231030_1_B2,398,7,79.9,BR_PXA_231120_1,SI-TT-H6_i7,SI-TT-H6_b(i5),SI-NA-B2,4446,2377,0.0001463822845835,Callithrix jacchus,CS20250428_GROUP_0043,Interneuron,Need to create a PR,STR|SST|CHODL|GABA,29,Krienen et al. 2020,Sst Chodl | LTS,,NPY,#708297,,CS20250428_SUBCL_0033,,STR|SST|CHODL|GABA,19,#eea495,,CS20250428_CLASS_0005,,CN|MGE|GABA,7,#ce4c27,,CS20250428_NEIGH_0002,,Subpallium|GABA,3,#19613b,,TTTGCGGAGCGATAGA,P0008_1,231224,Princeton
GAACACAAGTTCCTCA-P0008_1,Nonneuron,OPC-Oligo,COP,COP,Marmoset-237,Marmoset-237,CL:0000003,P0008_1,cjCroissant,10x multiome,EFO:0030059,Marmoset,NCBI:txid9483,Adult,Brain,Brain,unknown,unknown,unknown,unknown,unknown,unknown,normal,PATO:0000461,nucleus,True,231025,LPLCXR_231025_1,LPLCXR_231025_1_H6,477,16,2247,BR_PXR_231108_1,231030,LPLCXA_231030_1,LPLCXA_231030_1_B2,398,7,79.9,BR_PXA_231120_1,SI-TT-H6_i7,SI-TT-H6_b(i5),SI-NA-B2,3296,1782,0.0001913247542688,Callithrix jacchus,CS20250428_GROUP_0009,Nonneuron,CL:4023059,COP,13,Marques et al. 2016,,,,#922047,,CS20250428_SUBCL_0010,CL:4023059,COP,9,#e3cba4,,CS20250428_CLASS_0010,CL:0000095,OPC|Oligo,3,#8605d4,,CS20250428_NEIGH_0001,CL:0000000,Nonneuron,1,#f2ca7d,,GAACACAAGTTCCTCA,P0008_1,231224,Princeton
TGGTCAGTCCCATAGG-P0008_1,Subpallium GABA,CN MGE GABA,CN ST18 GABA,STR-BF TAC3-PLPP4-LHX8 GABA,Marmoset-281,Marmoset-281,CL:0000003,P0008_1,cjCroissant,10x multiome,EFO:0030059,Marmoset,NCBI:txid9483,Adult,Brain,Brain,unknown,unknown,unknown,unknown,unknown,unknown,normal,PATO:0000461,nucleus,True,231025,LPLCXR_231025_1,LPLCXR_231025_1_H6,477,16,2247,BR_PXR_231108_1,231030,LPLCXA_231030_1,LPLCXA_231030_1_B2,398,7,79.9,BR_PXA_231120_1,SI-TT-H6_i7,SI-TT-H6_b(i5),SI-NA-B2,3132,1977,6.98689691489562e-05,Callithrix jacchus,CS20250428_GROUP_0046,Interneuron,,STR|BF|TAC3|PLPP4|LHX8|GABA,26,,,,,#9d3b4f,,CS20250428_SUBCL_0008,,CN|ST18|GABA,18,#5fd989,,CS20250428_CLASS_0005,,CN|MGE|GABA,7,#ce4c27,,CS20250428_NEIGH_0002,,Subpallium|GABA,3,#19613b,,TGGTCAGTCCCATAGG,P0008_1,231224,Princeton
CTGGATGTCCCGTTTA-P0008_1,Nonneuron,Astro-Epen,Astrocyte,Astrocyte,Marmoset-670,Marmoset-670,CL:0000003,P0008_1,cjCroissant,10x multiome,EFO:0030059,Marmoset,NCBI:txid9483,Adult,Brain,Brain,unknown,unknown,unknown,unknown,unknown,unknown,normal,PATO:0000461,nucleus,True,231025,LPLCXR_231025_1,LPLCXR_231025_1_H6,477,16,2247,BR_PXR_231108_1,231030,LPLCXA_231030_1,LPLCXA_231030_1_B2,398,7,79.9,BR_PXA_231120_1,SI-TT-H6_i7,SI-TT-H6_b(i5),SI-NA-B2,3064,1696,0.0001604917779332,Callithrix jacchus,CS20250428_GROUP_0039,Nonneuron,CL:0000127,Astrocyte,1,Yao et al. 2023,,,,#e16c95,,CS20250428_SUBCL_0000,CL:0000127,Astrocyte,1,#604f15,,CS20250428_CLASS_0000,CL:0000125,Astro|Epen,1,#6ec0da,,CS20250428_NEIGH_0001,CL:0000000,Nonneuron,1,#f2ca7d,,CTGGATGTCCCGTTTA,P0008_1,231224,Princeton
TAGCGGACATAGCTGC-P0008_1,Subpallium GABA,CN LGE GABA,STR Hybrid MSN,STRv D1 NUDAP MSN,Marmoset-224,Marmoset-224,CL:0000003,P0008_1,cjCroissant,10x multiome,EFO:0030059,Marmoset,NCBI:txid9483,Adult,Brain,Brain,unknown,unknown,unknown,unknown,unknown,unknown,normal,PATO:0000461,nucleus,True,231025,LPLCXR_231025_1,LPLCXR_231025_1_H6,477,16,2247,BR_PXR_231108_1,231030,LPLCXA_231030_1,LPLCXA_231030_1_B2,398,7,79.9,BR_PXA_231120_1,SI-TT-H6_i7,SI-TT-H6_b(i5),SI-NA-B2,2948,1736,0.0013958439230918,Callithrix jacchus,CS20250428_GROUP_0057,LGE,CL:4030054,STRv|D1 NUDAP MSN,57,He et al. 2021,D1-NUDAP,,GRIA4,#e377c2,,CS20250428_SUBCL_0030,CL:4030050,STR|Hybrid MSN,33,#79bdf4,,CS20250428_CLASS_0003,,CN|LGE|GABA,10,#d0b83c,,CS20250428_NEIGH_0002,,Subpallium|GABA,3,#19613b,,TAGCGGACATAGCTGC,P0008_1,231224,Princeton
ACCAAGTTCGTTAGTA-P0008_1,Subpallium GABA,F M GABA,CN LHX8 GABA,GPe-NDB-SI LHX6-LHX8-GBX1 GABA,Marmoset-778,Marmoset-778,CL:0000003,P0008_1,cjCroissant,10x multiome,EFO:0030059,Marmoset,NCBI:txid9483,Adult,Brain,Brain,unknown,unknown,unknown,unknown,unknown,unknown,normal,PATO:0000461,nucleus,True,231025,LPLCXR_231025_1,LPLCXR_231025_1_H6,477,16,2247,BR_PXR_231108_1,231030,LPLCXA_231030_1,LPLCXA_231030_1_B2,398,7,79.9,BR_PXA_231120_1,SI-TT-H6_i7,SI-TT-H6_b(i5),SI-NA-B2,2883,1908,0.000525887007825,Callithrix jacchus,CS20250428_GROUP_0020,Interneuron,,GPe|NDB|SI|LHX6|LHX8|GBX1|GABA,39,,,,,#653614,,CS20250428_SUBCL_0005,,CN|LHX8|GABA,25,#caf28b,,CS20250428_CLASS_0006,,F|M|GABA,9,#cd0f13,,CS20250428_NEIGH_0002,,Subpallium|GABA,3,#19613b,,ACCAAGTTCGTTAGTA,P0008_1,231224,Princeton
ATATGTCCAAGCTAAA-P0008_1,Nonneuron,Immune,Macrophage,BAM,Marmoset-993,Marmoset-993,CL:0000003,P0008_1,cjCroissant,10x multiome,EFO:0030059,Marmoset,NCBI:txid9483,Adult,Brain,Brain,unknown,unknown,unknown,unknown,unknown,unknown,normal,PATO:0000461,nucleus,True,231025,LPLCXR_231025_1,LPLCXR_231025_1_H6,477,16,2247,BR_PXR_231108_1,231030,LPLCXA_231030_1,LPLCXA_231030_1_B2,398,7,79.9,BR_PXA_231120_1,SI-TT-H6_i7,SI-TT-H6_b(i5),SI-NA-B2,2887,1589,0.0009360241238027,Callithrix jacchus,CS20250428_GROUP_0001,Nonneuron,CL:4042003,BAM,5,Yao et al. 2023,BAM,Border-associated macrophages,"CD163, MRC1",#195f8d,,CS20250428_SUBCL_0018,CL:0000235,Macrophage,4,#566c21,,CS20250428_CLASS_0008,CL:0000842,Immune,2,#aa6dec,,CS20250428_NEIGH_0001,CL:0000000,Nonneuron,1,#f2ca7d,,ATATGTCCAAGCTAAA,P0008_1,231224,Princeton
CCATATTTCATGCTTT-P0008_1,Nonneuron,Vascular,VLMC,VLMC,Marmoset-696,Marmoset-696,CL:0000003,P0008_1,cjCroissant,10x multiome,EFO:0030059,Marmoset,NCBI:txid9483,Adult,Brain,Brain,unknown,unknown,unknown,unknown,unknown,unknown,normal,PATO:0000461,nucleus,True,231025,LPLCXR_231025_1,LPLCXR_231025_1_H6,477,16,2247,BR_PXR_231108_1,231030,LPLCXA_231030_1,LPLCXA_231030_1_B2,398,7,79.9,BR_PXA_231120_1,SI-TT-H6_i7,SI-TT-H6_b(i5),SI-NA-B2,2832,1724,0.143810376524925,Callithrix jacchus,CS20250428_GROUP_0062,Nonneuron,CL:4023051,VLMC,17,Yao et al. 2023,,,"PDGFRA, DCN",#c3ec86,,CS20250428_SUBCL_0035,CL:4023051,VLMC,13,#226a65,,CS20250428_CLASS_0011,CL:0000192,Vascular,4,#cba5ec,,CS20250428_NEIGH_0001,CL:0000000,Nonneuron,1,#f2ca7d,,CCATATTTCATGCTTT,P0008_1,231224,Princeton
AGGTGAGGTTAAGTGT-P0008_1,Subpallium GABA,CN MGE GABA,STR RSPO2 GABA,STR LYPD6-RSPO2 GABA,Marmoset-913,Marmoset-913,CL:0000003,P0008_1,cjCroissant,10x multiome,EFO:0030059,Marmoset,NCBI:txid9483,Adult,Brain,Brain,unknown,unknown,unknown,unknown,unknown,unknown,normal,PATO:0000461,nucleus,True,231025,LPLCXR_231025_1,LPLCXR_231025_1_H6,477,16,2247,BR_PXR_231108_1,231030,LPLCXA_231030_1,LPLCXA_231030_1_B2,398,7,79.9,BR_PXA_231120_1,SI-TT-H6_i7,SI-TT-H6_b(i5),SI-NA-B2,2819,1701,0.0003824045415967,Callithrix jacchus,CS20250428_GROUP_0041,Interneuron,,STR|LYPD6|RSPO2|GABA,32,,,,,#a9f266,,CS20250428_SUBCL_0031,,STR|RSPO2|GABA,21,#5b0e63,,CS20250428_CLASS_0005,,CN|MGE|GABA,7,#ce4c27,,CS20250428_NEIGH_0002,,Subpallium|GABA,3,#19613b,,AGGTGAGGTTAAGTGT,P0008_1,231224,Princeton
TTATCCTAGTTATTCC-P0008_1,Nonneuron,Immune,Microglia,Microglia,Marmoset-718,Marmoset-718,CL:0000003,P0008_1,cjCroissant,10x multiome,EFO:0030059,Marmoset,NCBI:txid9483,Adult,Brain,Brain,unknown,unknown,unknown,unknown,unknown,unknown,normal,PATO:0000461,nucleus,True,231025,LPLCXR_231025_1,LPLCXR_231025_1_H6,477,16,2247,BR_PXR_231108_1,231030,LPLCXA_231030_1,LPLCXA_231030_1_B2,398,7,79.9,BR_PXA_231120_1,SI-TT-H6_i7,SI-TT-H6_b(i5),SI-NA-B2,2561,1480,0.0002423580590402,Callithrix jacchus,CS20250428_GROUP_0019,Nonneuron,CL:0000129,Microglia,4,Yao et al. 2023,,,,#cbfc1e,,CS20250428_SUBCL_0019,CL:0000129,Microglia,3,#761646,,CS20250428_CLASS_0008,CL:0000842,Immune,2,#aa6dec,,CS20250428_NEIGH_0001,CL:0000000,Nonneuron,1,#f2ca7d,,TTATCCTAGTTATTCC,P0008_1,231224,Princeton
GGTCGGTTCGACCTGA-P0008_1,Subpallium GABA,Cx GABA,ACx MEIS2 GABA,OB FRMD7 GABA,Marmoset-245,Marmoset-245,CL:0000003,P0008_1,cjCroissant,10x multiome,EFO:0030059,Marmoset,NCBI:txid9483,Adult,Brain,Brain,unknown,unknown,unknown,unknown,unknown,unknown,normal,PATO:0000461,nucleus,True,231025,LPLCXR_231025_1,LPLCXR_231025_1_H6,477,16,2247,BR_PXR_231108_1,231030,LPLCXA_231030_1,LPLCXA_231030_1_B2,398,7,79.9,BR_PXA_231120_1,SI-TT-H6_i7,SI-TT-H6_b(i5),SI-NA-B2,2015,1252,0.020996855571866,Callithrix jacchus,CS20250428_GROUP_0068,Interneuron,,OB|FRMD7|GABA,60,,,,,#cd0753,,CS20250428_SUBCL_0036,,ACx|MEIS2|GABA,35,#3636ed,,CS20250428_CLASS_0012,,Cx|GABA,11,#ebb3a7,,CS20250428_NEIGH_0002,,Subpallium|GABA,3,#19613b,,GGTCGGTTCGACCTGA,P0008_1,231224,Princeton
GTTAACCAGTAGCGCC-P0008_2,Subpallium GABA,CN CGE GABA,CN VIP GABA,VIP GABA,Marmoset-316,Marmoset-316,CL:0000003,P0008_2,cjCroissant,10x multiome,EFO:0030059,Marmoset,NCBI:txid9483,Adult,Brain,Brain,unknown,unknown,unknown,unknown,unknown,unknown,normal,PATO:0000461,nucleus,True,231024,LPLCXR_231024_1,LPLCXR_231024_1_G6,416,16,1718.5,BR_PXR_231108_1,231030,LPLCXA_231030_1,LPLCXA_231030_1_C2,390,7,164.16,BR_PXA_231120_1,SI-TT-G6_i7,SI-TT-G6_b(i5),SI-NA-C2,31260,6948,0.0408288985490799,Callithrix jacchus,CS20250428_GROUP_0047,Interneuron,Need to Create a PR,VIP|GABA,37,Krienen et al. 2020,VIP,,VIP,#fc2b80,,CS20250428_SUBCL_0009,,CN|VIP|GABA,24,#1bc06a,,CS20250428_CLASS_0001,,CN|CGE|GABA,8,#26e8bb,,CS20250428_NEIGH_0002,,Subpallium|GABA,3,#19613b,,GTTAACCAGTAGCGCC,P0008_2,231224,Princeton
GACTATTCAATTTAGC-P0008_2,Subpallium GABA,CN LGE GABA,STR D2 MSN,STRv D2 MSN,Marmoset-994,Marmoset-994,CL:0000003,P0008_2,cjCroissant,10x multiome,EFO:0030059,Marmoset,NCBI:txid9483,Adult,Brain,Brain,unknown,unknown,unknown,unknown,unknown,unknown,normal,PATO:0000461,nucleus,True,231024,LPLCXR_231024_1,LPLCXR_231024_1_G6,416,16,1718.5,BR_PXR_231108_1,231030,LPLCXA_231030_1,LPLCXA_231030_1_C2,390,7,164.16,BR_PXA_231120_1,SI-TT-G6_i7,SI-TT-G6_b(i5),SI-NA-C2,21196,4966,0.358333379030228,Callithrix jacchus,CS20250428_GROUP_0058,LGE,CL:4030052,STRv|D2 MSN,54,He et al. 2021,D2-Shell/OT,,ARHGAP6,#98df8a,,CS20250428_SUBCL_0029,CL:4023029,STR|D2 MSN,32,#253c8c,,CS20250428_CLASS_0003,,CN|LGE|GABA,10,#d0b83c,,CS20250428_NEIGH_0002,,Subpallium|GABA,3,#19613b,,GACTATTCAATTTAGC,P0008_2,231224,Princeton
ATATGGTGTTCCATTA-P0008_2,Subpallium GABA,CN LGE GABA,STR D1 MSN,STRd D1 Matrix MSN,Marmoset-136,Marmoset-136,CL:0000003,P0008_2,cjCroissant,10x multiome,EFO:0030059,Marmoset,NCBI:txid9483,Adult,Brain,Brain,unknown,unknown,unknown,unknown,unknown,unknown,normal,PATO:0000461,nucleus,True,231024,LPLCXR_231024_1,LPLCXR_231024_1_G6,416,16,1718.5,BR_PXR_231108_1,231030,LPLCXA_231030_1,LPLCXA_231030_1_C2,390,7,164.16,BR_PXA_231120_1,SI-TT-G6_i7,SI-TT-G6_b(i5),SI-NA-C2,18053,5189,0.0015876565594226,Callithrix jacchus,CS20250428_GROUP_0049,LGE,CL:4030043,STRd|D1 Matrix MSN,50,He et al. 2021,D1-Matrix,,STXBP6,#1f77b4,,CS20250428_SUBCL_0028,CL:4023026,STR|D1 MSN,31,#1655f2,,CS20250428_CLASS_0003,,CN|LGE|GABA,10,#d0b83c,,CS20250428_NEIGH_0002,,Subpallium|GABA,3,#19613b,,ATATGGTGTTCCATTA,P0008_2,231224,Princeton
CACCAACCACGGTTTA-P0008_2,Subpallium GABA,CN CGE GABA,CN VIP GABA,VIP GABA,Marmoset-306,Marmoset-306,CL:0000003,P0008_2,cjCroissant,10x multiome,EFO:0030059,Marmoset,NCBI:txid9483,Adult,Brain,Brain,unknown,unknown,unknown,unknown,unknown,unknown,normal,PATO:0000461,nucleus,True,231024,LPLCXR_231024_1,LPLCXR_231024_1_G6,416,16,1718.5,BR_PXR_231108_1,231030,LPLCXA_231030_1,LPLCXA_231030_1_C2,390,7,164.16,BR_PXA_231120_1,SI-TT-G6_i7,SI-TT-G6_b(i5),SI-NA-C2,18062,5257,0.0011730024125427,Callithrix jacchus,CS20250428_GROUP_0047,Interneuron,Need to Create a PR,VIP|GABA,37,Krienen et al. 2020,VIP,,VIP,#fc2b80,,CS20250428_SUBCL_0009,,CN|VIP|GABA,24,#1bc06a,,CS20250428_CLASS_0001,,CN|CGE|GABA,8,#26e8bb,,CS20250428_NEIGH_0002,,Subpallium|GABA,3,#19613b,,CACCAACCACGGTTTA,P0008_2,231224,Princeton
AGGACTAAGGCCTAAT-P0008_2,Subpallium GABA,F M GABA,CN LHX8 GABA,GPe SOX6-CTXND1 GABA,Marmoset-782,Marmoset-782,CL:0000003,P0008_2,cjCroissant,10x multiome,EFO:0030059,Marmoset,NCBI:txid9483,Adult,Brain,Brain,unknown,unknown,unknown,unknown,unknown,unknown,normal,PATO:0000461,nucleus,True,231024,LPLCXR_231024_1,LPLCXR_231024_1_G6,416,16,1718.5,BR_PXR_231108_1,231030,LPLCXA_231030_1,LPLCXA_231030_1_C2,390,7,164.16,BR_PXA_231120_1,SI-TT-G6_i7,SI-TT-G6_b(i5),SI-NA-C2,17090,5228,0.398720532655716,Callithrix jacchus,CS20250428_GROUP_0014,Interneuron,,GPe|SOX6|CTXND1|GABA,38,,,,"SOX6, KCNA1",#e9dc4d,,CS20250428_SUBCL_0005,,CN|LHX8|GABA,25,#caf28b,,CS20250428_CLASS_0006,,F|M|GABA,9,#cd0f13,,CS20250428_NEIGH_0002,,Subpallium|GABA,3,#19613b,,AGGACTAAGGCCTAAT,P0008_2,231224,Princeton
AAGCGTTTCCGCCTCA-P0008_2,Subpallium GABA,CN LGE GABA,STR D2 MSN,STRd D2 Matrix MSN,Marmoset-68,Marmoset-68,CL:0000003,P0008_2,cjCroissant,10x multiome,EFO:0030059,Marmoset,NCBI:txid9483,Adult,Brain,Brain,unknown,unknown,unknown,unknown,unknown,unknown,normal,PATO:0000461,nucleus,True,231024,LPLCXR_231024_1,LPLCXR_231024_1_G6,416,16,1718.5,BR_PXR_231108_1,231030,LPLCXA_231030_1,LPLCXA_231030_1_C2,390,7,164.16,BR_PXA_231120_1,SI-TT-G6_i7,SI-TT-G6_b(i5),SI-NA-C2,16140,4500,0.0003742882399819,Callithrix jacchus,CS20250428_GROUP_0052,LGE,CL:4030047,STRd|D2 Matrix MSN,53,He et al. 2021,D2-Matrix,,STXBP6,#aec7e8,,CS20250428_SUBCL_0029,CL:4023029,STR|D2 MSN,32,#253c8c,,CS20250428_CLASS_0003,,CN|LGE|GABA,10,#d0b83c,,CS20250428_NEIGH_0002,,Subpallium|GABA,3,#19613b,,AAGCGTTTCCGCCTCA,P0008_2,231224,Princeton
GCGATATTCTAATCCT-P0008_2,Subpallium GABA,CN CGE GABA,CN VIP GABA,VIP GABA,Marmoset-322,Marmoset-322,CL:0000003,P0008_2,cjCroissant,10x multiome,EFO:0030059,Marmoset,NCBI:txid9483,Adult,Brain,Brain,unknown,unknown,unknown,unknown,unknown,unknown,normal,PATO:0000461,nucleus,True,231024,LPLCXR_231024_1,LPLCXR_231024_1_G6,416,16,1718.5,BR_PXR_231108_1,231030,LPLCXA_231030_1,LPLCXA_231030_1_C2,390,7,164.16,BR_PXA_231120_1,SI-TT-G6_i7,SI-TT-G6_b(i5),SI-NA-C2,14314,4594,0.0010675264056772,Callithrix jacchus,CS20250428_GROUP_0047,Interneuron,Need to Create a PR,VIP|GABA,37,Krienen et al. 2020,VIP,,VIP,#fc2b80,,CS20250428_SUBCL_0009,,CN|VIP|GABA,24,#1bc06a,,CS20250428_CLASS_0001,,CN|CGE|GABA,8,#26e8bb,,CS20250428_NEIGH_0002,,Subpallium|GABA,3,#19613b,,GCGATATTCTAATCCT,P0008_2,231224,Princeton
CTCTGTTCAAATATCC-P0008_2,Subpallium GABA,CN CGE GABA,CN LAMP5-CXCL14 GABA,LAMP5-CXCL14 GABA,Marmoset-428,Marmoset-428,CL:0000003,P0008_2,cjCroissant,10x multiome,EFO:0030059,Marmoset,NCBI:txid9483,Adult,Brain,Brain,unknown,unknown,unknown,unknown,unknown,unknown,normal,PATO:0000461,nucleus,True,231024,LPLCXR_231024_1,LPLCXR_231024_1_G6,416,16,1718.5,BR_PXR_231108_1,231030,LPLCXA_231030_1,LPLCXA_231030_1_C2,390,7,164.16,BR_PXA_231120_1,SI-TT-G6_i7,SI-TT-G6_b(i5),SI-NA-C2,13241,4031,0.000479038717458,Callithrix jacchus,CS20250428_GROUP_0004,Interneuron,,LAMP5|CXCL14|GABA,36,,LAMP5,,"LAMP5, CXCL14",#f6b5d1,,CS20250428_SUBCL_0002,,CN|LAMP5|CXCL14|GABA,23,#e5b672,,CS20250428_CLASS_0001,,CN|CGE|GABA,8,#26e8bb,,CS20250428_NEIGH_0002,,Subpallium|GABA,3,#19613b,,CTCTGTTCAAATATCC,P0008_2,231224,Princeton
TCGTTAGCATGAGTTT-P0008_2,Subpallium GABA,CN LGE GABA,STR D2 MSN,STRd D2 Matrix MSN,Marmoset-63,Marmoset-63,CL:0000003,P0008_2,cjCroissant,10x multiome,EFO:0030059,Marmoset,NCBI:txid9483,Adult,Brain,Brain,unknown,unknown,unknown,unknown,unknown,unknown,normal,PATO:0000461,nucleus,True,231024,LPLCXR_231024_1,LPLCXR_231024_1_G6,416,16,1718.5,BR_PXR_231108_1,231030,LPLCXA_231030_1,LPLCXA_231030_1_C2,390,7,164.16,BR_PXA_231120_1,SI-TT-G6_i7,SI-TT-G6_b(i5),SI-NA-C2,12215,3781,0.0003573365102056,Callithrix jacchus,CS20250428_GROUP_0052,LGE,CL:4030047,STRd|D2 Matrix MSN,53,He et al. 2021,D2-Matrix,,STXBP6,#aec7e8,,CS20250428_SUBCL_0029,CL:4023029,STR|D2 MSN,32,#253c8c,,CS20250428_CLASS_0003,,CN|LGE|GABA,10,#d0b83c,,CS20250428_NEIGH_0002,,Subpallium|GABA,3,#19613b,,TCGTTAGCATGAGTTT,P0008_2,231224,Princeton
TGATCACAGCTGGAAA-P0008_2,Nonneuron,Astro-Epen,Ependymal,Ependymal,Marmoset-663,Marmoset-663,CL:0000003,P0008_2,cjCroissant,10x multiome,EFO:0030059,Marmoset,NCBI:txid9483,Adult,Brain,Brain,unknown,unknown,unknown,unknown,unknown,unknown,normal,PATO:0000461,nucleus,True,231024,LPLCXR_231024_1,LPLCXR_231024_1_G6,416,16,1718.5,BR_PXR_231108_1,231030,LPLCXA_231030_1,LPLCXA_231030_1_C2,390,7,164.16,BR_PXA_231120_1,SI-TT-G6_i7,SI-TT-G6_b(i5),SI-NA-C2,10623,4526,0.255924373865128,Callithrix jacchus,CS20250428_GROUP_0012,Nonneuron,CL:0000065,Ependymal,3,Yao et al. 2023,,,,#c96e0a,,CS20250428_SUBCL_0012,CL:0000065,Ependymal,2,#7f207a,,CS20250428_CLASS_0000,CL:0000125,Astro|Epen,1,#6ec0da,,CS20250428_NEIGH_0001,CL:0000000,Nonneuron,1,#f2ca7d,,TGATCACAGCTGGAAA,P0008_2,231224,Princeton
AGGTTTGGTCATCATC-P0008_2,Nonneuron,Astro-Epen,Astrocyte,Astrocyte,Marmoset-520,Marmoset-520,CL:0000003,P0008_2,cjCroissant,10x multiome,EFO:0030059,Marmoset,NCBI:txid9483,Adult,Brain,Brain,unknown,unknown,unknown,unknown,unknown,unknown,normal,PATO:0000461,nucleus,True,231024,LPLCXR_231024_1,LPLCXR_231024_1_G6,416,16,1718.5,BR_PXR_231108_1,231030,LPLCXA_231030_1,LPLCXA_231030_1_C2,390,7,164.16,BR_PXA_231120_1,SI-TT-G6_i7,SI-TT-G6_b(i5),SI-NA-C2,8520,3626,0.0596317015588284,Callithrix jacchus,CS20250428_GROUP_0039,Nonneuron,CL:0000127,Astrocyte,1,Yao et al. 2023,,,,#e16c95,,CS20250428_SUBCL_0000,CL:0000127,Astrocyte,1,#604f15,,CS20250428_CLASS_0000,CL:0000125,Astro|Epen,1,#6ec0da,,CS20250428_NEIGH_0001,CL:0000000,Nonneuron,1,#f2ca7d,,AGGTTTGGTCATCATC,P0008_2,231224,Princeton
TACCAGGTCTTGTCCA-P0008_2,Subpallium GABA,CN LGE GABA,STR Hybrid MSN,STRv D1 NUDAP MSN,Marmoset-213,Marmoset-213,CL:0000003,P0008_2,cjCroissant,10x multiome,EFO:0030059,Marmoset,NCBI:txid9483,Adult,Brain,Brain,unknown,unknown,unknown,unknown,unknown,unknown,normal,PATO:0000461,nucleus,True,231024,LPLCXR_231024_1,LPLCXR_231024_1_G6,416,16,1718.5,BR_PXR_231108_1,231030,LPLCXA_231030_1,LPLCXA_231030_1_C2,390,7,164.16,BR_PXA_231120_1,SI-TT-G6_i7,SI-TT-G6_b(i5),SI-NA-C2,8308,3256,0.0003095875727012,Callithrix jacchus,CS20250428_GROUP_0057,LGE,CL:4030054,STRv|D1 NUDAP MSN,57,He et al. 2021,D1-NUDAP,,GRIA4,#e377c2,,CS20250428_SUBCL_0030,CL:4030050,STR|Hybrid MSN,33,#79bdf4,,CS20250428_CLASS_0003,,CN|LGE|GABA,10,#d0b83c,,CS20250428_NEIGH_0002,,Subpallium|GABA,3,#19613b,,TACCAGGTCTTGTCCA,P0008_2,231224,Princeton
TACCGAAGTGATCATG-P0008_2,Subpallium GABA,CN CGE GABA,CN VIP GABA,VIP GABA,Marmoset-323,Marmoset-323,CL:0000003,P0008_2,cjCroissant,10x multiome,EFO:0030059,Marmoset,NCBI:txid9483,Adult,Brain,Brain,unknown,unknown,unknown,unknown,unknown,unknown,normal,PATO:0000461,nucleus,True,231024,LPLCXR_231024_1,LPLCXR_231024_1_G6,416,16,1718.5,BR_PXR_231108_1,231030,LPLCXA_231030_1,LPLCXA_231030_1_C2,390,7,164.16,BR_PXA_231120_1,SI-TT-G6_i7,SI-TT-G6_b(i5),SI-NA-C2,6929,2857,0.0007294087554328,Callithrix jacchus,CS20250428_GROUP_0047,Interneuron,Need to Create a PR,VIP|GABA,37,Krienen et al. 2020,VIP,,VIP,#fc2b80,,CS20250428_SUBCL_0009,,CN|VIP|GABA,24,#1bc06a,,CS20250428_CLASS_0001,,CN|CGE|GABA,8,#26e8bb,,CS20250428_NEIGH_0002,,Subpallium|GABA,3,#19613b,,TACCGAAGTGATCATG,P0008_2,231224,Princeton
AGGTAACCAAATTGCT-P0008_2,Subpallium GABA,CN MGE GABA,STR RSPO2 GABA,STR LYPD6-RSPO2 GABA,Marmoset-916,Marmoset-916,CL:0000003,P0008_2,cjCroissant,10x multiome,EFO:0030059,Marmoset,NCBI:txid9483,Adult,Brain,Brain,unknown,unknown,unknown,unknown,unknown,unknown,normal,PATO:0000461,nucleus,True,231024,LPLCXR_231024_1,LPLCXR_231024_1_G6,416,16,1718.5,BR_PXR_231108_1,231030,LPLCXA_231030_1,LPLCXA_231030_1_C2,390,7,164.16,BR_PXA_231120_1,SI-TT-G6_i7,SI-TT-G6_b(i5),SI-NA-C2,6822,2923,0.0004781618481501,Callithrix jacchus,CS20250428_GROUP_0041,Interneuron,,STR|LYPD6|RSPO2|GABA,32,,,,,#a9f266,,CS20250428_SUBCL_0031,,STR|RSPO2|GABA,21,#5b0e63,,CS20250428_CLASS_0005,,CN|MGE|GABA,7,#ce4c27,,CS20250428_NEIGH_0002,,Subpallium|GABA,3,#19613b,,AGGTAACCAAATTGCT,P0008_2,231224,Princeton
GAGGGAGCATCCTGAA-P0008_2,Subpallium GABA,CN MGE GABA,CN ST18 GABA,STR FS PTHLH-PVALB GABA,Marmoset-142,Marmoset-142,CL:0000003,P0008_2,cjCroissant,10x multiome,EFO:0030059,Marmoset,NCBI:txid9483,Adult,Brain,Brain,unknown,unknown,unknown,unknown,unknown,unknown,normal,PATO:0000461,nucleus,True,231024,LPLCXR_231024_1,LPLCXR_231024_1_G6,416,16,1718.5,BR_PXR_231108_1,231030,LPLCXA_231030_1,LPLCXA_231030_1_C2,390,7,164.16,BR_PXA_231120_1,SI-TT-G6_i7,SI-TT-G6_b(i5),SI-NA-C2,6541,3230,0.0109762838110328,Callithrix jacchus,CS20250428_GROUP_0040,Interneuron,CL:4042023,STR|FS|PTHLH|PVALB|GABA,28,Muñoz-Manchado et al. 2018,Pvalb Pthlh | FS,,"ST18, PTHLH, COL19A1",#800000,,CS20250428_SUBCL_0008,,CN|ST18|GABA,18,#5fd989,,CS20250428_CLASS_0005,,CN|MGE|GABA,7,#ce4c27,,CS20250428_NEIGH_0002,,Subpallium|GABA,3,#19613b,,GAGGGAGCATCCTGAA,P0008_2,231224,Princeton
TAACCTAAGTATTGCA-P0008_2,Subpallium GABA,CN MGE GABA,STR RSPO2 GABA,STR SST-RSPO2 GABA,Marmoset-917,Marmoset-917,CL:0000003,P0008_2,cjCroissant,10x multiome,EFO:0030059,Marmoset,NCBI:txid9483,Adult,Brain,Brain,unknown,unknown,unknown,unknown,unknown,unknown,normal,PATO:0000461,nucleus,True,231024,LPLCXR_231024_1,LPLCXR_231024_1_G6,416,16,1718.5,BR_PXR_231108_1,231030,LPLCXA_231030_1,LPLCXA_231030_1_C2,390,7,164.16,BR_PXA_231120_1,SI-TT-G6_i7,SI-TT-G6_b(i5),SI-NA-C2,6477,3056,0.247392371296883,Callithrix jacchus,CS20250428_GROUP_0044,Interneuron,,STR|SST|RSPO2|GABA,31,,,,,#7f7f7f,,CS20250428_SUBCL_0031,,STR|RSPO2|GABA,21,#5b0e63,,CS20250428_CLASS_0005,,CN|MGE|GABA,7,#ce4c27,,CS20250428_NEIGH_0002,,Subpallium|GABA,3,#19613b,,TAACCTAAGTATTGCA,P0008_2,231224,Princeton
TTGTTGTTCAAACACC-P0008_2,Subpallium GABA,CN MGE GABA,STR RSPO2 GABA,STR SST-RSPO2 GABA,Marmoset-919,Marmoset-919,CL:0000003,P0008_2,cjCroissant,10x multiome,EFO:0030059,Marmoset,NCBI:txid9483,Adult,Brain,Brain,unknown,unknown,unknown,unknown,unknown,unknown,normal,PATO:0000461,nucleus,True,231024,LPLCXR_231024_1,LPLCXR_231024_1_G6,416,16,1718.5,BR_PXR_231108_1,231030,LPLCXA_231030_1,LPLCXA_231030_1_C2,390,7,164.16,BR_PXA_231120_1,SI-TT-G6_i7,SI-TT-G6_b(i5),SI-NA-C2,6385,2951,0.0004916873876936,Callithrix jacchus,CS20250428_GROUP_0044,Interneuron,,STR|SST|RSPO2|GABA,31,,,,,#7f7f7f,,CS20250428_SUBCL_0031,,STR|RSPO2|GABA,21,#5b0e63,,CS20250428_CLASS_0005,,CN|MGE|GABA,7,#ce4c27,,CS20250428_NEIGH_0002,,Subpallium|GABA,3,#19613b,,TTGTTGTTCAAACACC,P0008_2,231224,Princeton
TATGCATCAAGCTTAT-P0008_2,Subpallium GABA,Cx GABA,ACx MEIS2 GABA,OB Dopa-GABA,Marmoset-246,Marmoset-246,CL:0000003,P0008_2,cjCroissant,10x multiome,EFO:0030059,Marmoset,NCBI:txid9483,Adult,Brain,Brain,unknown,unknown,unknown,unknown,unknown,unknown,normal,PATO:0000461,nucleus,True,231024,LPLCXR_231024_1,LPLCXR_231024_1_G6,416,16,1718.5,BR_PXR_231108_1,231030,LPLCXA_231030_1,LPLCXA_231030_1_C2,390,7,164.16,BR_PXA_231120_1,SI-TT-G6_i7,SI-TT-G6_b(i5),SI-NA-C2,5606,2816,0.0004006072995252,Callithrix jacchus,CS20250428_GROUP_0067,Interneuron,,OB|Dopa|GABA,61,,,,,#902f6b,,CS20250428_SUBCL_0036,,ACx|MEIS2|GABA,35,#3636ed,,CS20250428_CLASS_0012,,Cx|GABA,11,#ebb3a7,,CS20250428_NEIGH_0002,,Subpallium|GABA,3,#19613b,,TATGCATCAAGCTTAT,P0008_2,231224,Princeton
ATCCGTGAGGCAGGTG-P0008_2,Subpallium GABA,CN CGE GABA,CN LAMP5-CXCL14 GABA,LAMP5-CXCL14 GABA,Marmoset-433,Marmoset-433,CL:0000003,P0008_2,cjCroissant,10x multiome,EFO:0030059,Marmoset,NCBI:txid9483,Adult,Brain,Brain,unknown,unknown,unknown,unknown,unknown,unknown,normal,PATO:0000461,nucleus,True,231024,LPLCXR_231024_1,LPLCXR_231024_1_G6,416,16,1718.5,BR_PXR_231108_1,231030,LPLCXA_231030_1,LPLCXA_231030_1_C2,390,7,164.16,BR_PXA_231120_1,SI-TT-G6_i7,SI-TT-G6_b(i5),SI-NA-C2,4532,2314,0.0001821099576773,Callithrix jacchus,CS20250428_GROUP_0004,Interneuron,,LAMP5|CXCL14|GABA,36,,LAMP5,,"LAMP5, CXCL14",#f6b5d1,,CS20250428_SUBCL_0002,,CN|LAMP5|CXCL14|GABA,23,#e5b672,,CS20250428_CLASS_0001,,CN|CGE|GABA,8,#26e8bb,,CS20250428_NEIGH_0002,,Subpallium|GABA,3,#19613b,,ATCCGTGAGGCAGGTG,P0008_2,231224,Princeton
AGGAGCTAGCCTGACA-P0008_2,Nonneuron,Astro-Epen,Astrocyte,Astrocyte,Marmoset-517,Marmoset-517,CL:0000003,P0008_2,cjCroissant,10x multiome,EFO:0030059,Marmoset,NCBI:txid9483,Adult,Brain,Brain,unknown,unknown,unknown,unknown,unknown,unknown,normal,PATO:0000461,nucleus,True,231024,LPLCXR_231024_1,LPLCXR_231024_1_G6,416,16,1718.5,BR_PXR_231108_1,231030,LPLCXA_231030_1,LPLCXA_231030_1_C2,390,7,164.16,BR_PXA_231120_1,SI-TT-G6_i7,SI-TT-G6_b(i5),SI-NA-C2,4253,2400,0.102754078805447,Callithrix jacchus,CS20250428_GROUP_0039,Nonneuron,CL:0000127,Astrocyte,1,Yao et al. 2023,,,,#e16c95,,CS20250428_SUBCL_0000,CL:0000127,Astrocyte,1,#604f15,,CS20250428_CLASS_0000,CL:0000125,Astro|Epen,1,#6ec0da,,CS20250428_NEIGH_0001,CL:0000000,Nonneuron,1,#f2ca7d,,AGGAGCTAGCCTGACA,P0008_2,231224,Princeton
TTAGGATGTTATAGCG-P0008_2,Subpallium GABA,CN LGE GABA,STR D1 MSN,STRv D1 MSN,Marmoset-123,Marmoset-123,CL:0000003,P0008_2,cjCroissant,10x multiome,EFO:0030059,Marmoset,NCBI:txid9483,Adult,Brain,Brain,unknown,unknown,unknown,unknown,unknown,unknown,normal,PATO:0000461,nucleus,True,231024,LPLCXR_231024_1,LPLCXR_231024_1_G6,416,16,1718.5,BR_PXR_231108_1,231030,LPLCXA_231030_1,LPLCXA_231030_1_C2,390,7,164.16,BR_PXA_231120_1,SI-TT-G6_i7,SI-TT-G6_b(i5),SI-NA-C2,4296,2211,0.085480235517025,Callithrix jacchus,CS20250428_GROUP_0056,LGE,CL:4030051,STRv|D1 MSN,51,He et al. 2021,D1-Shell/OT,,ARHGAP6,#339933,,CS20250428_SUBCL_0028,CL:4023026,STR|D1 MSN,31,#1655f2,,CS20250428_CLASS_0003,,CN|LGE|GABA,10,#d0b83c,,CS20250428_NEIGH_0002,,Subpallium|GABA,3,#19613b,,TTAGGATGTTATAGCG,P0008_2,231224,Princeton
CGCATTACAGCATGTC-P0008_2,Nonneuron,OPC-Oligo,Oligodendrocyte,Oligo OPALIN,Marmoset-5,Marmoset-5,CL:0000003,P0008_2,cjCroissant,10x multiome,EFO:0030059,Marmoset,NCBI:txid9483,Adult,Brain,Brain,unknown,unknown,unknown,unknown,unknown,unknown,normal,PATO:0000461,nucleus,True,231024,LPLCXR_231024_1,LPLCXR_231024_1_G6,416,16,1718.5,BR_PXR_231108_1,231030,LPLCXA_231030_1,LPLCXA_231030_1_C2,390,7,164.16,BR_PXA_231120_1,SI-TT-G6_i7,SI-TT-G6_b(i5),SI-NA-C2,3147,1521,0.0022296728566288,Callithrix jacchus,CS20250428_GROUP_0025,Nonneuron,CL:0000128,Oligo|OPALIN,9,Siletti et al. 2023,,,,#488edc,,CS20250428_SUBCL_0022,CL:0000128,Oligodendrocyte,7,#def476,,CS20250428_CLASS_0010,CL:0000095,OPC|Oligo,3,#8605d4,,CS20250428_NEIGH_0001,CL:0000000,Nonneuron,1,#f2ca7d,,CGCATTACAGCATGTC,P0008_2,231224,Princeton
AATTGCCAGAGGAGGA-P0008_2,Subpallium GABA,CN MGE GABA,STR SST-CHODL GABA,STR SST-CHODL GABA,Marmoset-732,Marmoset-732,CL:0000003,P0008_2,cjCroissant,10x multiome,EFO:0030059,Marmoset,NCBI:txid9483,Adult,Brain,Brain,unknown,unknown,unknown,unknown,unknown,unknown,normal,PATO:0000461,nucleus,True,231024,LPLCXR_231024_1,LPLCXR_231024_1_G6,416,16,1718.5,BR_PXR_231108_1,231030,LPLCXA_231030_1,LPLCXA_231030_1_C2,390,7,164.16,BR_PXA_231120_1,SI-TT-G6_i7,SI-TT-G6_b(i5),SI-NA-C2,3170,2073,0.0013850952964276,Callithrix jacchus,CS20250428_GROUP_0043,Interneuron,Need to create a PR,STR|SST|CHODL|GABA,29,Krienen et al. 2020,Sst Chodl | LTS,,NPY,#708297,,CS20250428_SUBCL_0033,,STR|SST|CHODL|GABA,19,#eea495,,CS20250428_CLASS_0005,,CN|MGE|GABA,7,#ce4c27,,CS20250428_NEIGH_0002,,Subpallium|GABA,3,#19613b,,AATTGCCAGAGGAGGA,P0008_2,231224,Princeton
TAGTGGCGTTAATGAC-P0008_2,Subpallium GABA,CN CGE GABA,CN VIP GABA,VIP GABA,Marmoset-298,Marmoset-298,CL:0000003,P0008_2,cjCroissant,10x multiome,EFO:0030059,Marmoset,NCBI:txid9483,Adult,Brain,Brain,unknown,unknown,unknown,unknown,unknown,unknown,normal,PATO:0000461,nucleus,True,231024,LPLCXR_231024_1,LPLCXR_231024_1_G6,416,16,1718.5,BR_PXR_231108_1,231030,LPLCXA_231030_1,LPLCXA_231030_1_C2,390,7,164.16,BR_PXA_231120_1,SI-TT-G6_i7,SI-TT-G6_b(i5),SI-NA-C2,3047,1820,0.0006118118762969,Callithrix jacchus,CS20250428_GROUP_0047,Interneuron,Need to Create a PR,VIP|GABA,37,Krienen et al. 2020,VIP,,VIP,#fc2b80,,CS20250428_SUBCL_0009,,CN|VIP|GABA,24,#1bc06a,,CS20250428_CLASS_0001,,CN|CGE|GABA,8,#26e8bb,,CS20250428_NEIGH_0002,,Subpallium|GABA,3,#19613b,,TAGTGGCGTTAATGAC,P0008_2,231224,Princeton
AGAGATTAGTTGGATC-P0008_2,Subpallium GABA,CN CGE GABA,CN VIP GABA,VIP GABA,Marmoset-326,Marmoset-326,CL:0000003,P0008_2,cjCroissant,10x multiome,EFO:0030059,Marmoset,NCBI:txid9483,Adult,Brain,Brain,unknown,unknown,unknown,unknown,unknown,unknown,normal,PATO:0000461,nucleus,True,231024,LPLCXR_231024_1,LPLCXR_231024_1_G6,416,16,1718.5,BR_PXR_231108_1,231030,LPLCXA_231030_1,LPLCXA_231030_1_C2,390,7,164.16,BR_PXA_231120_1,SI-TT-G6_i7,SI-TT-G6_b(i5),SI-NA-C2,2958,1810,0.0002326837275177,Callithrix jacchus,CS20250428_GROUP_0047,Interneuron,Need to Create a PR,VIP|GABA,37,Krienen et al. 2020,VIP,,VIP,#fc2b80,,CS20250428_SUBCL_0009,,CN|VIP|GABA,24,#1bc06a,,CS20250428_CLASS_0001,,CN|CGE|GABA,8,#26e8bb,,CS20250428_NEIGH_0002,,Subpallium|GABA,3,#19613b,,AGAGATTAGTTGGATC,P0008_2,231224,Princeton
CCTTGCGTCATGCAAC-P0008_2,Nonneuron,Astro-Epen,Astrocyte,Astrocyte,Marmoset-518,Marmoset-518,CL:0000003,P0008_2,cjCroissant,10x multiome,EFO:0030059,Marmoset,NCBI:txid9483,Adult,Brain,Brain,unknown,unknown,unknown,unknown,unknown,unknown,normal,PATO:0000461,nucleus,True,231024,LPLCXR_231024_1,LPLCXR_231024_1_G6,416,16,1718.5,BR_PXR_231108_1,231030,LPLCXA_231030_1,LPLCXA_231030_1_C2,390,7,164.16,BR_PXA_231120_1,SI-TT-G6_i7,SI-TT-G6_b(i5),SI-NA-C2,2799,1721,0.0005070746410638,Callithrix jacchus,CS20250428_GROUP_0039,Nonneuron,CL:0000127,Astrocyte,1,Yao et al. 2023,,,,#e16c95,,CS20250428_SUBCL_0000,CL:0000127,Astrocyte,1,#604f15,,CS20250428_CLASS_0000,CL:0000125,Astro|Epen,1,#6ec0da,,CS20250428_NEIGH_0001,CL:0000000,Nonneuron,1,#f2ca7d,,CCTTGCGTCATGCAAC,P0008_2,231224,Princeton
TCTGTGACAGGAACTG-P0008_2,Nonneuron,Astro-Epen,Astrocyte,Astrocyte,Marmoset-672,Marmoset-672,CL:0000003,P0008_2,cjCroissant,10x multiome,EFO:0030059,Marmoset,NCBI:txid9483,Adult,Brain,Brain,unknown,unknown,unknown,unknown,unknown,unknown,normal,PATO:0000461,nucleus,True,231024,LPLCXR_231024_1,LPLCXR_231024_1_G6,416,16,1718.5,BR_PXR_231108_1,231030,LPLCXA_231030_1,LPLCXA_231030_1_C2,390,7,164.16,BR_PXA_231120_1,SI-TT-G6_i7,SI-TT-G6_b(i5),SI-NA-C2,2515,1506,0.0001966590934898,Callithrix jacchus,CS20250428_GROUP_0039,Nonneuron,CL:0000127,Astrocyte,1,Yao et al. 2023,,,,#e16c95,,CS20250428_SUBCL_0000,CL:0000127,Astrocyte,1,#604f15,,CS20250428_CLASS_0000,CL:0000125,Astro|Epen,1,#6ec0da,,CS20250428_NEIGH_0001,CL:0000000,Nonneuron,1,#f2ca7d,,TCTGTGACAGGAACTG,P0008_2,231224,Princeton
GAGAAACGTCAATGTG-P0008_2,Nonneuron,Astro-Epen,Astrocyte,Astrocyte,Marmoset-523,Marmoset-523,CL:0000003,P0008_2,cjCroissant,10x multiome,EFO:0030059,Marmoset,NCBI:txid9483,Adult,Brain,Brain,unknown,unknown,unknown,unknown,unknown,unknown,normal,PATO:0000461,nucleus,True,231024,LPLCXR_231024_1,LPLCXR_231024_1_G6,416,16,1718.5,BR_PXR_231108_1,231030,LPLCXA_231030_1,LPLCXA_231030_1_C2,390,7,164.16,BR_PXA_231120_1,SI-TT-G6_i7,SI-TT-G6_b(i5),SI-NA-C2,2257,1474,1.7805377865443e-05,Callithrix jacchus,CS20250428_GROUP_0039,Nonneuron,CL:0000127,Astrocyte,1,Yao et al. 2023,,,,#e16c95,,CS20250428_SUBCL_0000,CL:0000127,Astrocyte,1,#604f15,,CS20250428_CLASS_0000,CL:0000125,Astro|Epen,1,#6ec0da,,CS20250428_NEIGH_0001,CL:0000000,Nonneuron,1,#f2ca7d,,GAGAAACGTCAATGTG,P0008_2,231224,Princeton
CTATGACAGTCTATGA-P0009_1,Subpallium GABA,CN MGE GABA,STR RSPO2 GABA,STR SST-RSPO2 GABA,Marmoset-921,Marmoset-921,CL:0000003,P0009_1,cjCroissant,10x multiome,EFO:0030059,Marmoset,NCBI:txid9483,Adult,Brain,Brain,unknown,unknown,unknown,unknown,unknown,unknown,normal,PATO:0000461,nucleus,True,231026,LPLCXR_231026_1,LPLCXR_231026_1_A7,474,14,1648.5,BR_PXR_231108_1,231024,LPLCXA_231024_1,LPLCXA_231024_1_D1,453,7,257.32,BR_PXA_231120_1,SI-TT-A7_i7,SI-TT-A7_b(i5),SI-NA-D1,85470,9179,0.330353617668152,Callithrix jacchus,CS20250428_GROUP_0044,Interneuron,,STR|SST|RSPO2|GABA,31,,,,,#7f7f7f,,CS20250428_SUBCL_0031,,STR|RSPO2|GABA,21,#5b0e63,,CS20250428_CLASS_0005,,CN|MGE|GABA,7,#ce4c27,,CS20250428_NEIGH_0002,,Subpallium|GABA,3,#19613b,,CTATGACAGTCTATGA,P0009_1,231224,Princeton
TATATCCTCGCCTGTT-P0009_1,Glut Sero Dopa,F M Glut,F Glut,BF SKOR1 Glut,Marmoset-828,Marmoset-828,CL:0000003,P0009_1,cjCroissant,10x multiome,EFO:0030059,Marmoset,NCBI:txid9483,Adult,Brain,Brain,unknown,unknown,unknown,unknown,unknown,unknown,normal,PATO:0000461,nucleus,True,231026,LPLCXR_231026_1,LPLCXR_231026_1_A7,474,14,1648.5,BR_PXR_231108_1,231024,LPLCXA_231024_1,LPLCXA_231024_1_D1,453,7,257.32,BR_PXA_231120_1,SI-TT-A7_i7,SI-TT-A7_b(i5),SI-NA-D1,49845,8430,0.455900341272354,Callithrix jacchus,CS20250428_GROUP_0008,Interneuron,,BF|SKOR1|Glut,19,,,,,#eb0077,,CS20250428_SUBCL_0013,PR 2771,F|Glut,14,#39e1e2,,CS20250428_CLASS_0007,,F|M|Glut,5,#7d0f09,,CS20250428_NEIGH_0000,PR 2579,Glut|Sero|Dopa,2,#91f4bb,,TATATCCTCGCCTGTT,P0009_1,231224,Princeton
GAAGGATGTACTTAGG-P0009_1,Subpallium GABA,CN MGE GABA,STR RSPO2 GABA,STR SST-RSPO2 GABA,Marmoset-923,Marmoset-923,CL:0000003,P0009_1,cjCroissant,10x multiome,EFO:0030059,Marmoset,NCBI:txid9483,Adult,Brain,Brain,unknown,unknown,unknown,unknown,unknown,unknown,normal,PATO:0000461,nucleus,True,231026,LPLCXR_231026_1,LPLCXR_231026_1_A7,474,14,1648.5,BR_PXR_231108_1,231024,LPLCXA_231024_1,LPLCXA_231024_1_D1,453,7,257.32,BR_PXA_231120_1,SI-TT-A7_i7,SI-TT-A7_b(i5),SI-NA-D1,48912,6726,0.0007383923511952,Callithrix jacchus,CS20250428_GROUP_0044,Interneuron,,STR|SST|RSPO2|GABA,31,,,,,#7f7f7f,,CS20250428_SUBCL_0031,,STR|RSPO2|GABA,21,#5b0e63,,CS20250428_CLASS_0005,,CN|MGE|GABA,7,#ce4c27,,CS20250428_NEIGH_0002,,Subpallium|GABA,3,#19613b,,GAAGGATGTACTTAGG,P0009_1,231224,Princeton
CCCAGCACATGATTGT-P0009_1,Subpallium GABA,CN MGE GABA,STR RSPO2 GABA,STR SST-RSPO2 GABA,Marmoset-927,Marmoset-927,CL:0000003,P0009_1,cjCroissant,10x multiome,EFO:0030059,Marmoset,NCBI:txid9483,Adult,Brain,Brain,unknown,unknown,unknown,unknown,unknown,unknown,normal,PATO:0000461,nucleus,True,231026,LPLCXR_231026_1,LPLCXR_231026_1_A7,474,14,1648.5,BR_PXR_231108_1,231024,LPLCXA_231024_1,LPLCXA_231024_1_D1,453,7,257.32,BR_PXA_231120_1,SI-TT-A7_i7,SI-TT-A7_b(i5),SI-NA-D1,47172,6909,0.0018808766035363,Callithrix jacchus,CS20250428_GROUP_0044,Interneuron,,STR|SST|RSPO2|GABA,31,,,,,#7f7f7f,,CS20250428_SUBCL_0031,,STR|RSPO2|GABA,21,#5b0e63,,CS20250428_CLASS_0005,,CN|MGE|GABA,7,#ce4c27,,CS20250428_NEIGH_0002,,Subpallium|GABA,3,#19613b,,CCCAGCACATGATTGT,P0009_1,231224,Princeton
ACAGCCGGTGTTGCAA-P0009_1,Subpallium GABA,CN MGE GABA,STR RSPO2 GABA,STR LYPD6-RSPO2 GABA,Marmoset-931,Marmoset-931,CL:0000003,P0009_1,cjCroissant,10x multiome,EFO:0030059,Marmoset,NCBI:txid9483,Adult,Brain,Brain,unknown,unknown,unknown,unknown,unknown,unknown,normal,PATO:0000461,nucleus,True,231026,LPLCXR_231026_1,LPLCXR_231026_1_A7,474,14,1648.5,BR_PXR_231108_1,231024,LPLCXA_231024_1,LPLCXA_231024_1_D1,453,7,257.32,BR_PXA_231120_1,SI-TT-A7_i7,SI-TT-A7_b(i5),SI-NA-D1,44190,6957,0.0004596398794092,Callithrix jacchus,CS20250428_GROUP_0041,Interneuron,,STR|LYPD6|RSPO2|GABA,32,,,,,#a9f266,,CS20250428_SUBCL_0031,,STR|RSPO2|GABA,21,#5b0e63,,CS20250428_CLASS_0005,,CN|MGE|GABA,7,#ce4c27,,CS20250428_NEIGH_0002,,Subpallium|GABA,3,#19613b,,ACAGCCGGTGTTGCAA,P0009_1,231224,Princeton
AGTCAATGTCCTTAGT-P0009_1,Subpallium GABA,CN CGE GABA,CN VIP GABA,VIP GABA,Marmoset-328,Marmoset-328,CL:0000003,P0009_1,cjCroissant,10x multiome,EFO:0030059,Marmoset,NCBI:txid9483,Adult,Brain,Brain,unknown,unknown,unknown,unknown,unknown,unknown,normal,PATO:0000461,nucleus,True,231026,LPLCXR_231026_1,LPLCXR_231026_1_A7,474,14,1648.5,BR_PXR_231108_1,231024,LPLCXA_231024_1,LPLCXA_231024_1_D1,453,7,257.32,BR_PXA_231120_1,SI-TT-A7_i7,SI-TT-A7_b(i5),SI-NA-D1,42940,6443,0.0007389212842099,Callithrix jacchus,CS20250428_GROUP_0047,Interneuron,Need to Create a PR,VIP|GABA,37,Krienen et al. 2020,VIP,,VIP,#fc2b80,,CS20250428_SUBCL_0009,,CN|VIP|GABA,24,#1bc06a,,CS20250428_CLASS_0001,,CN|CGE|GABA,8,#26e8bb,,CS20250428_NEIGH_0002,,Subpallium|GABA,3,#19613b,,AGTCAATGTCCTTAGT,P0009_1,231224,Princeton
GATCGATTCTAAGGAG-P0009_1,Subpallium GABA,CN MGE GABA,STR RSPO2 GABA,STR SST-RSPO2 GABA,Marmoset-933,Marmoset-933,CL:0000003,P0009_1,cjCroissant,10x multiome,EFO:0030059,Marmoset,NCBI:txid9483,Adult,Brain,Brain,unknown,unknown,unknown,unknown,unknown,unknown,normal,PATO:0000461,nucleus,True,231026,LPLCXR_231026_1,LPLCXR_231026_1_A7,474,14,1648.5,BR_PXR_231108_1,231024,LPLCXA_231024_1,LPLCXA_231024_1_D1,453,7,257.32,BR_PXA_231120_1,SI-TT-A7_i7,SI-TT-A7_b(i5),SI-NA-D1,39034,6734,0.0007354035624302,Callithrix jacchus,CS20250428_GROUP_0044,Interneuron,,STR|SST|RSPO2|GABA,31,,,,,#7f7f7f,,CS20250428_SUBCL_0031,,STR|RSPO2|GABA,21,#5b0e63,,CS20250428_CLASS_0005,,CN|MGE|GABA,7,#ce4c27,,CS20250428_NEIGH_0002,,Subpallium|GABA,3,#19613b,,GATCGATTCTAAGGAG,P0009_1,231224,Princeton
ACCAGGCTCACTAATG-P0009_1,Subpallium GABA,CN MGE GABA,STR RSPO2 GABA,STR SST-RSPO2 GABA,Marmoset-932,Marmoset-932,CL:0000003,P0009_1,cjCroissant,10x multiome,EFO:0030059,Marmoset,NCBI:txid9483,Adult,Brain,Brain,unknown,unknown,unknown,unknown,unknown,unknown,normal,PATO:0000461,nucleus,True,231026,LPLCXR_231026_1,LPLCXR_231026_1_A7,474,14,1648.5,BR_PXR_231108_1,231024,LPLCXA_231024_1,LPLCXA_231024_1_D1,453,7,257.32,BR_PXA_231120_1,SI-TT-A7_i7,SI-TT-A7_b(i5),SI-NA-D1,36797,6222,0.0010923362569883,Callithrix jacchus,CS20250428_GROUP_0044,Interneuron,,STR|SST|RSPO2|GABA,31,,,,,#7f7f7f,,CS20250428_SUBCL_0031,,STR|RSPO2|GABA,21,#5b0e63,,CS20250428_CLASS_0005,,CN|MGE|GABA,7,#ce4c27,,CS20250428_NEIGH_0002,,Subpallium|GABA,3,#19613b,,ACCAGGCTCACTAATG,P0009_1,231224,Princeton
TTTAACCTCCCTGATC-P0009_1,Subpallium GABA,CN MGE GABA,STR RSPO2 GABA,STR LYPD6-RSPO2 GABA,Marmoset-934,Marmoset-934,CL:0000003,P0009_1,cjCroissant,10x multiome,EFO:0030059,Marmoset,NCBI:txid9483,Adult,Brain,Brain,unknown,unknown,unknown,unknown,unknown,unknown,normal,PATO:0000461,nucleus,True,231026,LPLCXR_231026_1,LPLCXR_231026_1_A7,474,14,1648.5,BR_PXR_231108_1,231024,LPLCXA_231024_1,LPLCXA_231024_1_D1,453,7,257.32,BR_PXA_231120_1,SI-TT-A7_i7,SI-TT-A7_b(i5),SI-NA-D1,34438,6500,0.0005733100115321,Callithrix jacchus,CS20250428_GROUP_0041,Interneuron,,STR|LYPD6|RSPO2|GABA,32,,,,,#a9f266,,CS20250428_SUBCL_0031,,STR|RSPO2|GABA,21,#5b0e63,,CS20250428_CLASS_0005,,CN|MGE|GABA,7,#ce4c27,,CS20250428_NEIGH_0002,,Subpallium|GABA,3,#19613b,,TTTAACCTCCCTGATC,P0009_1,231224,Princeton
TCCATTGTCCCTGACT-P0009_1,Subpallium GABA,CN CGE GABA,CN VIP GABA,VIP GABA,Marmoset-337,Marmoset-337,CL:0000003,P0009_1,cjCroissant,10x multiome,EFO:0030059,Marmoset,NCBI:txid9483,Adult,Brain,Brain,unknown,unknown,unknown,unknown,unknown,unknown,normal,PATO:0000461,nucleus,True,231026,LPLCXR_231026_1,LPLCXR_231026_1_A7,474,14,1648.5,BR_PXR_231108_1,231024,LPLCXA_231024_1,LPLCXA_231024_1_D1,453,7,257.32,BR_PXA_231120_1,SI-TT-A7_i7,SI-TT-A7_b(i5),SI-NA-D1,32293,6467,0.0021760063245892,Callithrix jacchus,CS20250428_GROUP_0047,Interneuron,Need to Create a PR,VIP|GABA,37,Krienen et al. 2020,VIP,,VIP,#fc2b80,,CS20250428_SUBCL_0009,,CN|VIP|GABA,24,#1bc06a,,CS20250428_CLASS_0001,,CN|CGE|GABA,8,#26e8bb,,CS20250428_NEIGH_0002,,Subpallium|GABA,3,#19613b,,TCCATTGTCCCTGACT,P0009_1,231224,Princeton
TCATTGTTCTAACCTT-P0009_1,Subpallium GABA,CN LGE GABA,STR D2 MSN,STRv D2 MSN,Marmoset-64,Marmoset-64,CL:0000003,P0009_1,cjCroissant,10x multiome,EFO:0030059,Marmoset,NCBI:txid9483,Adult,Brain,Brain,unknown,unknown,unknown,unknown,unknown,unknown,normal,PATO:0000461,nucleus,True,231026,LPLCXR_231026_1,LPLCXR_231026_1_A7,474,14,1648.5,BR_PXR_231108_1,231024,LPLCXA_231024_1,LPLCXA_231024_1_D1,453,7,257.32,BR_PXA_231120_1,SI-TT-A7_i7,SI-TT-A7_b(i5),SI-NA-D1,31196,4693,0.0020083943381905,Callithrix jacchus,CS20250428_GROUP_0058,LGE,CL:4030052,STRv|D2 MSN,54,He et al. 2021,D2-Shell/OT,,ARHGAP6,#98df8a,,CS20250428_SUBCL_0029,CL:4023029,STR|D2 MSN,32,#253c8c,,CS20250428_CLASS_0003,,CN|LGE|GABA,10,#d0b83c,,CS20250428_NEIGH_0002,,Subpallium|GABA,3,#19613b,,TCATTGTTCTAACCTT,P0009_1,231224,Princeton
CATCAGCCAAGGAATC-P0009_1,Subpallium GABA,CN LGE GABA,STR Hybrid MSN,STRv D1 NUDAP MSN,Marmoset-225,Marmoset-225,CL:0000003,P0009_1,cjCroissant,10x multiome,EFO:0030059,Marmoset,NCBI:txid9483,Adult,Brain,Brain,unknown,unknown,unknown,unknown,unknown,unknown,normal,PATO:0000461,nucleus,True,231026,LPLCXR_231026_1,LPLCXR_231026_1_A7,474,14,1648.5,BR_PXR_231108_1,231024,LPLCXA_231024_1,LPLCXA_231024_1_D1,453,7,257.32,BR_PXA_231120_1,SI-TT-A7_i7,SI-TT-A7_b(i5),SI-NA-D1,30980,5564,0.0024655200541019,Callithrix jacchus,CS20250428_GROUP_0057,LGE,CL:4030054,STRv|D1 NUDAP MSN,57,He et al. 2021,D1-NUDAP,,GRIA4,#e377c2,,CS20250428_SUBCL_0030,CL:4030050,STR|Hybrid MSN,33,#79bdf4,,CS20250428_CLASS_0003,,CN|LGE|GABA,10,#d0b83c,,CS20250428_NEIGH_0002,,Subpallium|GABA,3,#19613b,,CATCAGCCAAGGAATC,P0009_1,231224,Princeton
TCATGTTTCCTCATCA-P0009_1,Subpallium GABA,CN CGE GABA,CN VIP GABA,VIP GABA,Marmoset-325,Marmoset-325,CL:0000003,P0009_1,cjCroissant,10x multiome,EFO:0030059,Marmoset,NCBI:txid9483,Adult,Brain,Brain,unknown,unknown,unknown,unknown,unknown,unknown,normal,PATO:0000461,nucleus,True,231026,LPLCXR_231026_1,LPLCXR_231026_1_A7,474,14,1648.5,BR_PXR_231108_1,231024,LPLCXA_231024_1,LPLCXA_231024_1_D1,453,7,257.32,BR_PXA_231120_1,SI-TT-A7_i7,SI-TT-A7_b(i5),SI-NA-D1,30972,6077,0.0016180506208911,Callithrix jacchus,CS20250428_GROUP_0047,Interneuron,Need to Create a PR,VIP|GABA,37,Krienen et al. 2020,VIP,,VIP,#fc2b80,,CS20250428_SUBCL_0009,,CN|VIP|GABA,24,#1bc06a,,CS20250428_CLASS_0001,,CN|CGE|GABA,8,#26e8bb,,CS20250428_NEIGH_0002,,Subpallium|GABA,3,#19613b,,TCATGTTTCCTCATCA,P0009_1,231224,Princeton
CCAGCTAAGTCATCCC-P0009_1,Subpallium GABA,CN CGE GABA,CN VIP GABA,VIP GABA,Marmoset-339,Marmoset-339,CL:0000003,P0009_1,cjCroissant,10x multiome,EFO:0030059,Marmoset,NCBI:txid9483,Adult,Brain,Brain,unknown,unknown,unknown,unknown,unknown,unknown,normal,PATO:0000461,nucleus,True,231026,LPLCXR_231026_1,LPLCXR_231026_1_A7,474,14,1648.5,BR_PXR_231108_1,231024,LPLCXA_231024_1,LPLCXA_231024_1_D1,453,7,257.32,BR_PXA_231120_1,SI-TT-A7_i7,SI-TT-A7_b(i5),SI-NA-D1,30177,5628,0.0007966141565702,Callithrix jacchus,CS20250428_GROUP_0047,Interneuron,Need to Create a PR,VIP|GABA,37,Krienen et al. 2020,VIP,,VIP,#fc2b80,,CS20250428_SUBCL_0009,,CN|VIP|GABA,24,#1bc06a,,CS20250428_CLASS_0001,,CN|CGE|GABA,8,#26e8bb,,CS20250428_NEIGH_0002,,Subpallium|GABA,3,#19613b,,CCAGCTAAGTCATCCC,P0009_1,231224,Princeton
GATTATGTCACAGGAA-P0009_1,Subpallium GABA,CN LGE GABA,STR D1 MSN,STRv D1 MSN,Marmoset-130,Marmoset-130,CL:0000003,P0009_1,cjCroissant,10x multiome,EFO:0030059,Marmoset,NCBI:txid9483,Adult,Brain,Brain,unknown,unknown,unknown,unknown,unknown,unknown,normal,PATO:0000461,nucleus,True,231026,LPLCXR_231026_1,LPLCXR_231026_1_A7,474,14,1648.5,BR_PXR_231108_1,231024,LPLCXA_231024_1,LPLCXA_231024_1_D1,453,7,257.32,BR_PXA_231120_1,SI-TT-A7_i7,SI-TT-A7_b(i5),SI-NA-D1,30062,6371,0.425967812538147,Callithrix jacchus,CS20250428_GROUP_0056,LGE,CL:4030051,STRv|D1 MSN,51,He et al. 2021,D1-Shell/OT,,ARHGAP6,#339933,,CS20250428_SUBCL_0028,CL:4023026,STR|D1 MSN,31,#1655f2,,CS20250428_CLASS_0003,,CN|LGE|GABA,10,#d0b83c,,CS20250428_NEIGH_0002,,Subpallium|GABA,3,#19613b,,GATTATGTCACAGGAA,P0009_1,231224,Princeton
GAGTAACCACGTAATT-P0009_1,Subpallium GABA,CN MGE GABA,STR RSPO2 GABA,STR LYPD6-RSPO2 GABA,Marmoset-935,Marmoset-935,CL:0000003,P0009_1,cjCroissant,10x multiome,EFO:0030059,Marmoset,NCBI:txid9483,Adult,Brain,Brain,unknown,unknown,unknown,unknown,unknown,unknown,normal,PATO:0000461,nucleus,True,231026,LPLCXR_231026_1,LPLCXR_231026_1_A7,474,14,1648.5,BR_PXR_231108_1,231024,LPLCXA_231024_1,LPLCXA_231024_1_D1,453,7,257.32,BR_PXA_231120_1,SI-TT-A7_i7,SI-TT-A7_b(i5),SI-NA-D1,29278,5588,0.315630048513412,Callithrix jacchus,CS20250428_GROUP_0041,Interneuron,,STR|LYPD6|RSPO2|GABA,32,,,,,#a9f266,,CS20250428_SUBCL_0031,,STR|RSPO2|GABA,21,#5b0e63,,CS20250428_CLASS_0005,,CN|MGE|GABA,7,#ce4c27,,CS20250428_NEIGH_0002,,Subpallium|GABA,3,#19613b,,GAGTAACCACGTAATT,P0009_1,231224,Princeton
TTTGCGACAGTTGCGT-P0009_1,Subpallium GABA,CN LGE GABA,STR D2 MSN,STRv D2 MSN,Marmoset-996,Marmoset-996,CL:0000003,P0009_1,cjCroissant,10x multiome,EFO:0030059,Marmoset,NCBI:txid9483,Adult,Brain,Brain,unknown,unknown,unknown,unknown,unknown,unknown,normal,PATO:0000461,nucleus,True,231026,LPLCXR_231026_1,LPLCXR_231026_1_A7,474,14,1648.5,BR_PXR_231108_1,231024,LPLCXA_231024_1,LPLCXA_231024_1_D1,453,7,257.32,BR_PXA_231120_1,SI-TT-A7_i7,SI-TT-A7_b(i5),SI-NA-D1,29022,5748,0.0014446292771026,Callithrix jacchus,CS20250428_GROUP_0058,LGE,CL:4030052,STRv|D2 MSN,54,He et al. 2021,D2-Shell/OT,,ARHGAP6,#98df8a,,CS20250428_SUBCL_0029,CL:4023029,STR|D2 MSN,32,#253c8c,,CS20250428_CLASS_0003,,CN|LGE|GABA,10,#d0b83c,,CS20250428_NEIGH_0002,,Subpallium|GABA,3,#19613b,,TTTGCGACAGTTGCGT,P0009_1,231224,Princeton
AATTGCCAGGCAAGTA-P0009_1,Subpallium GABA,CN MGE GABA,CN LAMP5-LHX6 GABA,LAMP5-LHX6 GABA,Marmoset-361,Marmoset-361,CL:0000003,P0009_1,cjCroissant,10x multiome,EFO:0030059,Marmoset,NCBI:txid9483,Adult,Brain,Brain,unknown,unknown,unknown,unknown,unknown,unknown,normal,PATO:0000461,nucleus,True,231026,LPLCXR_231026_1,LPLCXR_231026_1_A7,474,14,1648.5,BR_PXR_231108_1,231024,LPLCXA_231024_1,LPLCXA_231024_1_D1,453,7,257.32,BR_PXA_231120_1,SI-TT-A7_i7,SI-TT-A7_b(i5),SI-NA-D1,28569,5519,0.0023796230088919,Callithrix jacchus,CS20250428_GROUP_0005,Interneuron,,LAMP5|LHX6|GABA,25,,LAMP5,,"LAMP5, LHX6",#00af88,,CS20250428_SUBCL_0003,,CN|LAMP5|LHX6|GABA,17,#f48d44,,CS20250428_CLASS_0005,,CN|MGE|GABA,7,#ce4c27,,CS20250428_NEIGH_0002,,Subpallium|GABA,3,#19613b,,AATTGCCAGGCAAGTA,P0009_1,231224,Princeton
TCATTGTTCCCGTTAC-P0009_1,Subpallium GABA,CN MGE GABA,STR RSPO2 GABA,STR SST-RSPO2 GABA,Marmoset-937,Marmoset-937,CL:0000003,P0009_1,cjCroissant,10x multiome,EFO:0030059,Marmoset,NCBI:txid9483,Adult,Brain,Brain,unknown,unknown,unknown,unknown,unknown,unknown,normal,PATO:0000461,nucleus,True,231026,LPLCXR_231026_1,LPLCXR_231026_1_A7,474,14,1648.5,BR_PXR_231108_1,231024,LPLCXA_231024_1,LPLCXA_231024_1_D1,453,7,257.32,BR_PXA_231120_1,SI-TT-A7_i7,SI-TT-A7_b(i5),SI-NA-D1,27942,5514,0.0004599828389473,Callithrix jacchus,CS20250428_GROUP_0044,Interneuron,,STR|SST|RSPO2|GABA,31,,,,,#7f7f7f,,CS20250428_SUBCL_0031,,STR|RSPO2|GABA,21,#5b0e63,,CS20250428_CLASS_0005,,CN|MGE|GABA,7,#ce4c27,,CS20250428_NEIGH_0002,,Subpallium|GABA,3,#19613b,,TCATTGTTCCCGTTAC,P0009_1,231224,Princeton
GATAACGAGTTCCCGT-P0009_1,Subpallium GABA,CN MGE GABA,CN ST18 GABA,STR FS PTHLH-PVALB GABA,Marmoset-149,Marmoset-149,CL:0000003,P0009_1,cjCroissant,10x multiome,EFO:0030059,Marmoset,NCBI:txid9483,Adult,Brain,Brain,unknown,unknown,unknown,unknown,unknown,unknown,normal,PATO:0000461,nucleus,True,231026,LPLCXR_231026_1,LPLCXR_231026_1_A7,474,14,1648.5,BR_PXR_231108_1,231024,LPLCXA_231024_1,LPLCXA_231024_1_D1,453,7,257.32,BR_PXA_231120_1,SI-TT-A7_i7,SI-TT-A7_b(i5),SI-NA-D1,27851,6057,0.609240174293518,Callithrix jacchus,CS20250428_GROUP_0040,Interneuron,CL:4042023,STR|FS|PTHLH|PVALB|GABA,28,Muñoz-Manchado et al. 2018,Pvalb Pthlh | FS,,"ST18, PTHLH, COL19A1",#800000,,CS20250428_SUBCL_0008,,CN|ST18|GABA,18,#5fd989,,CS20250428_CLASS_0005,,CN|MGE|GABA,7,#ce4c27,,CS20250428_NEIGH_0002,,Subpallium|GABA,3,#19613b,,GATAACGAGTTCCCGT,P0009_1,231224,Princeton
CAAACCGTCTACCTAT-P0009_1,Subpallium GABA,CN LGE GABA,STR Hybrid MSN,STRv D1 NUDAP MSN,Marmoset-226,Marmoset-226,CL:0000003,P0009_1,cjCroissant,10x multiome,EFO:0030059,Marmoset,NCBI:txid9483,Adult,Brain,Brain,unknown,unknown,unknown,unknown,unknown,unknown,normal,PATO:0000461,nucleus,True,231026,LPLCXR_231026_1,LPLCXR_231026_1_A7,474,14,1648.5,BR_PXR_231108_1,231024,LPLCXA_231024_1,LPLCXA_231024_1_D1,453,7,257.32,BR_PXA_231120_1,SI-TT-A7_i7,SI-TT-A7_b(i5),SI-NA-D1,27569,5800,0.00084980414249,Callithrix jacchus,CS20250428_GROUP_0057,LGE,CL:4030054,STRv|D1 NUDAP MSN,57,He et al. 2021,D1-NUDAP,,GRIA4,#e377c2,,CS20250428_SUBCL_0030,CL:4030050,STR|Hybrid MSN,33,#79bdf4,,CS20250428_CLASS_0003,,CN|LGE|GABA,10,#d0b83c,,CS20250428_NEIGH_0002,,Subpallium|GABA,3,#19613b,,CAAACCGTCTACCTAT,P0009_1,231224,Princeton
TAAGGCTTCAATGAGG-P0009_1,Subpallium GABA,CN LGE GABA,STR D1 MSN,STRv D1 MSN,Marmoset-128,Marmoset-128,CL:0000003,P0009_1,cjCroissant,10x multiome,EFO:0030059,Marmoset,NCBI:txid9483,Adult,Brain,Brain,unknown,unknown,unknown,unknown,unknown,unknown,normal,PATO:0000461,nucleus,True,231026,LPLCXR_231026_1,LPLCXR_231026_1_A7,474,14,1648.5,BR_PXR_231108_1,231024,LPLCXA_231024_1,LPLCXA_231024_1_D1,453,7,257.32,BR_PXA_231120_1,SI-TT-A7_i7,SI-TT-A7_b(i5),SI-NA-D1,27179,5735,0.538556396961212,Callithrix jacchus,CS20250428_GROUP_0056,LGE,CL:4030051,STRv|D1 MSN,51,He et al. 2021,D1-Shell/OT,,ARHGAP6,#339933,,CS20250428_SUBCL_0028,CL:4023026,STR|D1 MSN,31,#1655f2,,CS20250428_CLASS_0003,,CN|LGE|GABA,10,#d0b83c,,CS20250428_NEIGH_0002,,Subpallium|GABA,3,#19613b,,TAAGGCTTCAATGAGG,P0009_1,231224,Princeton
TTAAGGACAAACTCAT-P0009_1,Subpallium GABA,CN MGE GABA,CN LAMP5-LHX6 GABA,LAMP5-LHX6 GABA,Marmoset-362,Marmoset-362,CL:0000003,P0009_1,cjCroissant,10x multiome,EFO:0030059,Marmoset,NCBI:txid9483,Adult,Brain,Brain,unknown,unknown,unknown,unknown,unknown,unknown,normal,PATO:0000461,nucleus,True,231026,LPLCXR_231026_1,LPLCXR_231026_1_A7,474,14,1648.5,BR_PXR_231108_1,231024,LPLCXA_231024_1,LPLCXA_231024_1_D1,453,7,257.32,BR_PXA_231120_1,SI-TT-A7_i7,SI-TT-A7_b(i5),SI-NA-D1,26616,6093,0.231120571494102,Callithrix jacchus,CS20250428_GROUP_0005,Interneuron,,LAMP5|LHX6|GABA,25,,LAMP5,,"LAMP5, LHX6",#00af88,,CS20250428_SUBCL_0003,,CN|LAMP5|LHX6|GABA,17,#f48d44,,CS20250428_CLASS_0005,,CN|MGE|GABA,7,#ce4c27,,CS20250428_NEIGH_0002,,Subpallium|GABA,3,#19613b,,TTAAGGACAAACTCAT,P0009_1,231224,Princeton
CCTCCTGAGAACAAGT-P0009_1,Subpallium GABA,CN CGE GABA,CN VIP GABA,VIP GABA,Marmoset-321,Marmoset-321,CL:0000003,P0009_1,cjCroissant,10x multiome,EFO:0030059,Marmoset,NCBI:txid9483,Adult,Brain,Brain,unknown,unknown,unknown,unknown,unknown,unknown,normal,PATO:0000461,nucleus,True,231026,LPLCXR_231026_1,LPLCXR_231026_1_A7,474,14,1648.5,BR_PXR_231108_1,231024,LPLCXA_231024_1,LPLCXA_231024_1_D1,453,7,257.32,BR_PXA_231120_1,SI-TT-A7_i7,SI-TT-A7_b(i5),SI-NA-D1,26589,5546,0.00082825392019,Callithrix jacchus,CS20250428_GROUP_0047,Interneuron,Need to Create a PR,VIP|GABA,37,Krienen et al. 2020,VIP,,VIP,#fc2b80,,CS20250428_SUBCL_0009,,CN|VIP|GABA,24,#1bc06a,,CS20250428_CLASS_0001,,CN|CGE|GABA,8,#26e8bb,,CS20250428_NEIGH_0002,,Subpallium|GABA,3,#19613b,,CCTCCTGAGAACAAGT,P0009_1,231224,Princeton
CCGTGCTGTCTTACTA-P0009_1,Subpallium GABA,CN LGE GABA,STR Hybrid MSN,STRv D1 NUDAP MSN,Marmoset-230,Marmoset-230,CL:0000003,P0009_1,cjCroissant,10x multiome,EFO:0030059,Marmoset,NCBI:txid9483,Adult,Brain,Brain,unknown,unknown,unknown,unknown,unknown,unknown,normal,PATO:0000461,nucleus,True,231026,LPLCXR_231026_1,LPLCXR_231026_1_A7,474,14,1648.5,BR_PXR_231108_1,231024,LPLCXA_231024_1,LPLCXA_231024_1_D1,453,7,257.32,BR_PXA_231120_1,SI-TT-A7_i7,SI-TT-A7_b(i5),SI-NA-D1,25680,5384,0.0007437262684106,Callithrix jacchus,CS20250428_GROUP_0057,LGE,CL:4030054,STRv|D1 NUDAP MSN,57,He et al. 2021,D1-NUDAP,,GRIA4,#e377c2,,CS20250428_SUBCL_0030,CL:4030050,STR|Hybrid MSN,33,#79bdf4,,CS20250428_CLASS_0003,,CN|LGE|GABA,10,#d0b83c,,CS20250428_NEIGH_0002,,Subpallium|GABA,3,#19613b,,CCGTGCTGTCTTACTA,P0009_1,231224,Princeton
TCCATTGTCCCTGATC-P0009_1,Subpallium GABA,CN LGE GABA,STR D2 MSN,STRv D2 MSN,Marmoset-74,Marmoset-74,CL:0000003,P0009_1,cjCroissant,10x multiome,EFO:0030059,Marmoset,NCBI:txid9483,Adult,Brain,Brain,unknown,unknown,unknown,unknown,unknown,unknown,normal,PATO:0000461,nucleus,True,231026,LPLCXR_231026_1,LPLCXR_231026_1_A7,474,14,1648.5,BR_PXR_231108_1,231024,LPLCXA_231024_1,LPLCXA_231024_1_D1,453,7,257.32,BR_PXA_231120_1,SI-TT-A7_i7,SI-TT-A7_b(i5),SI-NA-D1,25618,5792,0.288069158792496,Callithrix jacchus,CS20250428_GROUP_0058,LGE,CL:4030052,STRv|D2 MSN,54,He et al. 2021,D2-Shell/OT,,ARHGAP6,#98df8a,,CS20250428_SUBCL_0029,CL:4023029,STR|D2 MSN,32,#253c8c,,CS20250428_CLASS_0003,,CN|LGE|GABA,10,#d0b83c,,CS20250428_NEIGH_0002,,Subpallium|GABA,3,#19613b,,TCCATTGTCCCTGATC,P0009_1,231224,Princeton
GACACTAGTTTACTTG-P0009_1,Subpallium GABA,CN MGE GABA,CN ST18 GABA,STR FS PTHLH-PVALB GABA,Marmoset-144,Marmoset-144,CL:0000003,P0009_1,cjCroissant,10x multiome,EFO:0030059,Marmoset,NCBI:txid9483,Adult,Brain,Brain,unknown,unknown,unknown,unknown,unknown,unknown,normal,PATO:0000461,nucleus,True,231026,LPLCXR_231026_1,LPLCXR_231026_1_A7,474,14,1648.5,BR_PXR_231108_1,231024,LPLCXA_231024_1,LPLCXA_231024_1_D1,453,7,257.32,BR_PXA_231120_1,SI-TT-A7_i7,SI-TT-A7_b(i5),SI-NA-D1,24949,5951,0.0017146619502455,Callithrix jacchus,CS20250428_GROUP_0040,Interneuron,CL:4042023,STR|FS|PTHLH|PVALB|GABA,28,Muñoz-Manchado et al. 2018,Pvalb Pthlh | FS,,"ST18, PTHLH, COL19A1",#800000,,CS20250428_SUBCL_0008,,CN|ST18|GABA,18,#5fd989,,CS20250428_CLASS_0005,,CN|MGE|GABA,7,#ce4c27,,CS20250428_NEIGH_0002,,Subpallium|GABA,3,#19613b,,GACACTAGTTTACTTG,P0009_1,231224,Princeton
AAGAACAGTTTGCGAA-P0009_1,Subpallium GABA,CN LGE GABA,STR D2 MSN,STRv D2 MSN,Marmoset-998,Marmoset-998,CL:0000003,P0009_1,cjCroissant,10x multiome,EFO:0030059,Marmoset,NCBI:txid9483,Adult,Brain,Brain,unknown,unknown,unknown,unknown,unknown,unknown,normal,PATO:0000461,nucleus,True,231026,LPLCXR_231026_1,LPLCXR_231026_1_A7,474,14,1648.5,BR_PXR_231108_1,231024,LPLCXA_231024_1,LPLCXA_231024_1_D1,453,7,257.32,BR_PXA_231120_1,SI-TT-A7_i7,SI-TT-A7_b(i5),SI-NA-D1,24843,5579,0.437999427318573,Callithrix jacchus,CS20250428_GROUP_0058,LGE,CL:4030052,STRv|D2 MSN,54,He et al. 2021,D2-Shell/OT,,ARHGAP6,#98df8a,,CS20250428_SUBCL_0029,CL:4023029,STR|D2 MSN,32,#253c8c,,CS20250428_CLASS_0003,,CN|LGE|GABA,10,#d0b83c,,CS20250428_NEIGH_0002,,Subpallium|GABA,3,#19613b,,AAGAACAGTTTGCGAA,P0009_1,231224,Princeton
GAGAACCAGCCTCTCG-P0009_1,Subpallium GABA,CN LGE GABA,STR Hybrid MSN,STRv D1 NUDAP MSN,Marmoset-220,Marmoset-220,CL:0000003,P0009_1,cjCroissant,10x multiome,EFO:0030059,Marmoset,NCBI:txid9483,Adult,Brain,Brain,unknown,unknown,unknown,unknown,unknown,unknown,normal,PATO:0000461,nucleus,True,231026,LPLCXR_231026_1,LPLCXR_231026_1_A7,474,14,1648.5,BR_PXR_231108_1,231024,LPLCXA_231024_1,LPLCXA_231024_1_D1,453,7,257.32,BR_PXA_231120_1,SI-TT-A7_i7,SI-TT-A7_b(i5),SI-NA-D1,24750,5211,0.0009677674970589,Callithrix jacchus,CS20250428_GROUP_0057,LGE,CL:4030054,STRv|D1 NUDAP MSN,57,He et al. 2021,D1-NUDAP,,GRIA4,#e377c2,,CS20250428_SUBCL_0030,CL:4030050,STR|Hybrid MSN,33,#79bdf4,,CS20250428_CLASS_0003,,CN|LGE|GABA,10,#d0b83c,,CS20250428_NEIGH_0002,,Subpallium|GABA,3,#19613b,,GAGAACCAGCCTCTCG,P0009_1,231224,Princeton
AGCTGCTCAATATGGA-P0009_1,Subpallium GABA,CN LGE GABA,STR D2 MSN,STRv D2 MSN,Marmoset-997,Marmoset-997,CL:0000003,P0009_1,cjCroissant,10x multiome,EFO:0030059,Marmoset,NCBI:txid9483,Adult,Brain,Brain,unknown,unknown,unknown,unknown,unknown,unknown,normal,PATO:0000461,nucleus,True,231026,LPLCXR_231026_1,LPLCXR_231026_1_A7,474,14,1648.5,BR_PXR_231108_1,231024,LPLCXA_231024_1,LPLCXA_231024_1_D1,453,7,257.32,BR_PXA_231120_1,SI-TT-A7_i7,SI-TT-A7_b(i5),SI-NA-D1,24330,5317,0.0014446292771026,Callithrix jacchus,CS20250428_GROUP_0058,LGE,CL:4030052,STRv|D2 MSN,54,He et al. 2021,D2-Shell/OT,,ARHGAP6,#98df8a,,CS20250428_SUBCL_0029,CL:4023029,STR|D2 MSN,32,#253c8c,,CS20250428_CLASS_0003,,CN|LGE|GABA,10,#d0b83c,,CS20250428_NEIGH_0002,,Subpallium|GABA,3,#19613b,,AGCTGCTCAATATGGA,P0009_1,231224,Princeton
TATAGCTCAAATTCGT-P0009_1,Subpallium GABA,CN LGE GABA,STR Hybrid MSN,STRv D1 NUDAP MSN,Marmoset-231,Marmoset-231,CL:0000003,P0009_1,cjCroissant,10x multiome,EFO:0030059,Marmoset,NCBI:txid9483,Adult,Brain,Brain,unknown,unknown,unknown,unknown,unknown,unknown,normal,PATO:0000461,nucleus,True,231026,LPLCXR_231026_1,LPLCXR_231026_1_A7,474,14,1648.5,BR_PXR_231108_1,231024,LPLCXA_231024_1,LPLCXA_231024_1_D1,453,7,257.32,BR_PXA_231120_1,SI-TT-A7_i7,SI-TT-A7_b(i5),SI-NA-D1,24028,4241,0.0022626465652138,Callithrix jacchus,CS20250428_GROUP_0057,LGE,CL:4030054,STRv|D1 NUDAP MSN,57,He et al. 2021,D1-NUDAP,,GRIA4,#e377c2,,CS20250428_SUBCL_0030,CL:4030050,STR|Hybrid MSN,33,#79bdf4,,CS20250428_CLASS_0003,,CN|LGE|GABA,10,#d0b83c,,CS20250428_NEIGH_0002,,Subpallium|GABA,3,#19613b,,TATAGCTCAAATTCGT,P0009_1,231224,Princeton
GCAAGCCTCCTTAATC-P0009_1,Subpallium GABA,CN CGE GABA,CN LAMP5-CXCL14 GABA,LAMP5-CXCL14 GABA,Marmoset-430,Marmoset-430,CL:0000003,P0009_1,cjCroissant,10x multiome,EFO:0030059,Marmoset,NCBI:txid9483,Adult,Brain,Brain,unknown,unknown,unknown,unknown,unknown,unknown,normal,PATO:0000461,nucleus,True,231026,LPLCXR_231026_1,LPLCXR_231026_1_A7,474,14,1648.5,BR_PXR_231108_1,231024,LPLCXA_231024_1,LPLCXA_231024_1_D1,453,7,257.32,BR_PXA_231120_1,SI-TT-A7_i7,SI-TT-A7_b(i5),SI-NA-D1,23996,5501,0.0013009116519242,Callithrix jacchus,CS20250428_GROUP_0004,Interneuron,,LAMP5|CXCL14|GABA,36,,LAMP5,,"LAMP5, CXCL14",#f6b5d1,,CS20250428_SUBCL_0002,,CN|LAMP5|CXCL14|GABA,23,#e5b672,,CS20250428_CLASS_0001,,CN|CGE|GABA,8,#26e8bb,,CS20250428_NEIGH_0002,,Subpallium|GABA,3,#19613b,,GCAAGCCTCCTTAATC,P0009_1,231224,Princeton
GGTTGCGGTAATAACC-P0009_1,Subpallium GABA,CN LGE GABA,STR D2 MSN,STRv D2 MSN,Marmoset-1003,Marmoset-1003,CL:0000003,P0009_1,cjCroissant,10x multiome,EFO:0030059,Marmoset,NCBI:txid9483,Adult,Brain,Brain,unknown,unknown,unknown,unknown,unknown,unknown,normal,PATO:0000461,nucleus,True,231026,LPLCXR_231026_1,LPLCXR_231026_1_A7,474,14,1648.5,BR_PXR_231108_1,231024,LPLCXA_231024_1,LPLCXA_231024_1_D1,453,7,257.32,BR_PXA_231120_1,SI-TT-A7_i7,SI-TT-A7_b(i5),SI-NA-D1,23427,5709,0.0642576217651367,Callithrix jacchus,CS20250428_GROUP_0058,LGE,CL:4030052,STRv|D2 MSN,54,He et al. 2021,D2-Shell/OT,,ARHGAP6,#98df8a,,CS20250428_SUBCL_0029,CL:4023029,STR|D2 MSN,32,#253c8c,,CS20250428_CLASS_0003,,CN|LGE|GABA,10,#d0b83c,,CS20250428_NEIGH_0002,,Subpallium|GABA,3,#19613b,,GGTTGCGGTAATAACC,P0009_1,231224,Princeton
TTGCACACATTGACAT-P0009_1,Subpallium GABA,CN MGE GABA,STR RSPO2 GABA,STR SST-RSPO2 GABA,Marmoset-938,Marmoset-938,CL:0000003,P0009_1,cjCroissant,10x multiome,EFO:0030059,Marmoset,NCBI:txid9483,Adult,Brain,Brain,unknown,unknown,unknown,unknown,unknown,unknown,normal,PATO:0000461,nucleus,True,231026,LPLCXR_231026_1,LPLCXR_231026_1_A7,474,14,1648.5,BR_PXR_231108_1,231024,LPLCXA_231024_1,LPLCXA_231024_1_D1,453,7,257.32,BR_PXA_231120_1,SI-TT-A7_i7,SI-TT-A7_b(i5),SI-NA-D1,23114,5474,0.0009984447387978,Callithrix jacchus,CS20250428_GROUP_0044,Interneuron,,STR|SST|RSPO2|GABA,31,,,,,#7f7f7f,,CS20250428_SUBCL_0031,,STR|RSPO2|GABA,21,#5b0e63,,CS20250428_CLASS_0005,,CN|MGE|GABA,7,#ce4c27,,CS20250428_NEIGH_0002,,Subpallium|GABA,3,#19613b,,TTGCACACATTGACAT,P0009_1,231224,Princeton
GATGACTTCGAGCAAA-P0009_1,Subpallium GABA,CN LGE GABA,OT Granular GABA,OT D1 ICj,Marmoset-1220,Marmoset-1220,CL:0000003,P0009_1,cjCroissant,10x multiome,EFO:0030059,Marmoset,NCBI:txid9483,Adult,Brain,Brain,unknown,unknown,unknown,unknown,unknown,unknown,normal,PATO:0000461,nucleus,True,231026,LPLCXR_231026_1,LPLCXR_231026_1_A7,474,14,1648.5,BR_PXR_231108_1,231024,LPLCXA_231024_1,LPLCXA_231024_1_D1,453,7,257.32,BR_PXA_231120_1,SI-TT-A7_i7,SI-TT-A7_b(i5),SI-NA-D1,23058,5236,0.552305102348328,Callithrix jacchus,CS20250428_GROUP_0024,LGE,CL:4030053,OT|D1 ICj,59,He et al. 2021,D1-ICj (Islands of Calleja),D1 Islands of Calleja,"CPNE4, DRD3",#ff7f0e,,CS20250428_SUBCL_0021,CL:4030053,OT|Granular|GABA,34,#9160cb,,CS20250428_CLASS_0003,,CN|LGE|GABA,10,#d0b83c,,CS20250428_NEIGH_0002,,Subpallium|GABA,3,#19613b,,GATGACTTCGAGCAAA,P0009_1,231224,Princeton
TAAGTGCTCGGCTATG-P0009_1,Subpallium GABA,CN LGE GABA,STR Hybrid MSN,STR D1D2 Hybrid MSN,Marmoset-221,Marmoset-221,CL:0000003,P0009_1,cjCroissant,10x multiome,EFO:0030059,Marmoset,NCBI:txid9483,Adult,Brain,Brain,unknown,unknown,unknown,unknown,unknown,unknown,normal,PATO:0000461,nucleus,True,231026,LPLCXR_231026_1,LPLCXR_231026_1_A7,474,14,1648.5,BR_PXR_231108_1,231024,LPLCXA_231024_1,LPLCXA_231024_1_D1,453,7,257.32,BR_PXA_231120_1,SI-TT-A7_i7,SI-TT-A7_b(i5),SI-NA-D1,22858,5414,0.539615035057068,Callithrix jacchus,CS20250428_GROUP_0051,LGE,CL:4030050,STR|D1D2 Hybrid MSN,58,He et al. 2021,D1/D2 Hybrid,,"CRHR2, GRIK1",#9467bd,,CS20250428_SUBCL_0030,CL:4030050,STR|Hybrid MSN,33,#79bdf4,,CS20250428_CLASS_0003,,CN|LGE|GABA,10,#d0b83c,,CS20250428_NEIGH_0002,,Subpallium|GABA,3,#19613b,,TAAGTGCTCGGCTATG,P0009_1,231224,Princeton
TAAAGCCTCCTAGTTT-P0009_1,Subpallium GABA,CN LGE GABA,STR Hybrid MSN,STRv D1 NUDAP MSN,Marmoset-227,Marmoset-227,CL:0000003,P0009_1,cjCroissant,10x multiome,EFO:0030059,Marmoset,NCBI:txid9483,Adult,Brain,Brain,unknown,unknown,unknown,unknown,unknown,unknown,normal,PATO:0000461,nucleus,True,231026,LPLCXR_231026_1,LPLCXR_231026_1_A7,474,14,1648.5,BR_PXR_231108_1,231024,LPLCXA_231024_1,LPLCXA_231024_1_D1,453,7,257.32,BR_PXA_231120_1,SI-TT-A7_i7,SI-TT-A7_b(i5),SI-NA-D1,22779,5124,0.0007437262684106,Callithrix jacchus,CS20250428_GROUP_0057,LGE,CL:4030054,STRv|D1 NUDAP MSN,57,He et al. 2021,D1-NUDAP,,GRIA4,#e377c2,,CS20250428_SUBCL_0030,CL:4030050,STR|Hybrid MSN,33,#79bdf4,,CS20250428_CLASS_0003,,CN|LGE|GABA,10,#d0b83c,,CS20250428_NEIGH_0002,,Subpallium|GABA,3,#19613b,,TAAAGCCTCCTAGTTT,P0009_1,231224,Princeton
TACCAAATCCTTCGTA-P0009_1,Subpallium GABA,CN LGE GABA,STR Hybrid MSN,STRv D1 NUDAP MSN,Marmoset-232,Marmoset-232,CL:0000003,P0009_1,cjCroissant,10x multiome,EFO:0030059,Marmoset,NCBI:txid9483,Adult,Brain,Brain,unknown,unknown,unknown,unknown,unknown,unknown,normal,PATO:0000461,nucleus,True,231026,LPLCXR_231026_1,LPLCXR_231026_1_A7,474,14,1648.5,BR_PXR_231108_1,231024,LPLCXA_231024_1,LPLCXA_231024_1_D1,453,7,257.32,BR_PXA_231120_1,SI-TT-A7_i7,SI-TT-A7_b(i5),SI-NA-D1,22771,5155,0.0023527829907834,Callithrix jacchus,CS20250428_GROUP_0057,LGE,CL:4030054,STRv|D1 NUDAP MSN,57,He et al. 2021,D1-NUDAP,,GRIA4,#e377c2,,CS20250428_SUBCL_0030,CL:4030050,STR|Hybrid MSN,33,#79bdf4,,CS20250428_CLASS_0003,,CN|LGE|GABA,10,#d0b83c,,CS20250428_NEIGH_0002,,Subpallium|GABA,3,#19613b,,TACCAAATCCTTCGTA,P0009_1,231224,Princeton
TAACCGGTCTTGATGA-P0009_1,Subpallium GABA,CN LGE GABA,STR D1 MSN,STRv D1 MSN,Marmoset-132,Marmoset-132,CL:0000003,P0009_1,cjCroissant,10x multiome,EFO:0030059,Marmoset,NCBI:txid9483,Adult,Brain,Brain,unknown,unknown,unknown,unknown,unknown,unknown,normal,PATO:0000461,nucleus,True,231026,LPLCXR_231026_1,LPLCXR_231026_1_A7,474,14,1648.5,BR_PXR_231108_1,231024,LPLCXA_231024_1,LPLCXA_231024_1_D1,453,7,257.32,BR_PXA_231120_1,SI-TT-A7_i7,SI-TT-A7_b(i5),SI-NA-D1,22485,5519,0.0013151817256584,Callithrix jacchus,CS20250428_GROUP_0056,LGE,CL:4030051,STRv|D1 MSN,51,He et al. 2021,D1-Shell/OT,,ARHGAP6,#339933,,CS20250428_SUBCL_0028,CL:4023026,STR|D1 MSN,31,#1655f2,,CS20250428_CLASS_0003,,CN|LGE|GABA,10,#d0b83c,,CS20250428_NEIGH_0002,,Subpallium|GABA,3,#19613b,,TAACCGGTCTTGATGA,P0009_1,231224,Princeton
GTTGTTGCAACCGCCA-P0009_1,Subpallium GABA,CN CGE GABA,CN VIP GABA,VIP GABA,Marmoset-329,Marmoset-329,CL:0000003,P0009_1,cjCroissant,10x multiome,EFO:0030059,Marmoset,NCBI:txid9483,Adult,Brain,Brain,unknown,unknown,unknown,unknown,unknown,unknown,normal,PATO:0000461,nucleus,True,231026,LPLCXR_231026_1,LPLCXR_231026_1_A7,474,14,1648.5,BR_PXR_231108_1,231024,LPLCXA_231024_1,LPLCXA_231024_1_D1,453,7,257.32,BR_PXA_231120_1,SI-TT-A7_i7,SI-TT-A7_b(i5),SI-NA-D1,22459,5263,0.002486269455403,Callithrix jacchus,CS20250428_GROUP_0047,Interneuron,Need to Create a PR,VIP|GABA,37,Krienen et al. 2020,VIP,,VIP,#fc2b80,,CS20250428_SUBCL_0009,,CN|VIP|GABA,24,#1bc06a,,CS20250428_CLASS_0001,,CN|CGE|GABA,8,#26e8bb,,CS20250428_NEIGH_0002,,Subpallium|GABA,3,#19613b,,GTTGTTGCAACCGCCA,P0009_1,231224,Princeton
ACAAAGGTCCTAATAG-P0009_1,Subpallium GABA,CN CGE GABA,CN VIP GABA,VIP GABA,Marmoset-341,Marmoset-341,CL:0000003,P0009_1,cjCroissant,10x multiome,EFO:0030059,Marmoset,NCBI:txid9483,Adult,Brain,Brain,unknown,unknown,unknown,unknown,unknown,unknown,normal,PATO:0000461,nucleus,True,231026,LPLCXR_231026_1,LPLCXR_231026_1_A7,474,14,1648.5,BR_PXR_231108_1,231024,LPLCXA_231024_1,LPLCXA_231024_1_D1,453,7,257.32,BR_PXA_231120_1,SI-TT-A7_i7,SI-TT-A7_b(i5),SI-NA-D1,22260,5206,0.0007966141565702,Callithrix jacchus,CS20250428_GROUP_0047,Interneuron,Need to Create a PR,VIP|GABA,37,Krienen et al. 2020,VIP,,VIP,#fc2b80,,CS20250428_SUBCL_0009,,CN|VIP|GABA,24,#1bc06a,,CS20250428_CLASS_0001,,CN|CGE|GABA,8,#26e8bb,,CS20250428_NEIGH_0002,,Subpallium|GABA,3,#19613b,,ACAAAGGTCCTAATAG,P0009_1,231224,Princeton
CTTCAATTCATCCTGC-P0009_1,Subpallium GABA,CN CGE GABA,CN VIP GABA,VIP GABA,Marmoset-335,Marmoset-335,CL:0000003,P0009_1,cjCroissant,10x multiome,EFO:0030059,Marmoset,NCBI:txid9483,Adult,Brain,Brain,unknown,unknown,unknown,unknown,unknown,unknown,normal,PATO:0000461,nucleus,True,231026,LPLCXR_231026_1,LPLCXR_231026_1_A7,474,14,1648.5,BR_PXR_231108_1,231024,LPLCXA_231024_1,LPLCXA_231024_1_D1,453,7,257.32,BR_PXA_231120_1,SI-TT-A7_i7,SI-TT-A7_b(i5),SI-NA-D1,22244,5325,0.0011892414186149,Callithrix jacchus,CS20250428_GROUP_0047,Interneuron,Need to Create a PR,VIP|GABA,37,Krienen et al. 2020,VIP,,VIP,#fc2b80,,CS20250428_SUBCL_0009,,CN|VIP|GABA,24,#1bc06a,,CS20250428_CLASS_0001,,CN|CGE|GABA,8,#26e8bb,,CS20250428_NEIGH_0002,,Subpallium|GABA,3,#19613b,,CTTCAATTCATCCTGC,P0009_1,231224,Princeton
CGATTGAGTCAAAGAA-P0009_1,Subpallium GABA,CN CGE GABA,CN VIP GABA,VIP GABA,Marmoset-301,Marmoset-301,CL:0000003,P0009_1,cjCroissant,10x multiome,EFO:0030059,Marmoset,NCBI:txid9483,Adult,Brain,Brain,unknown,unknown,unknown,unknown,unknown,unknown,normal,PATO:0000461,nucleus,True,231026,LPLCXR_231026_1,LPLCXR_231026_1_A7,474,14,1648.5,BR_PXR_231108_1,231024,LPLCXA_231024_1,LPLCXA_231024_1_D1,453,7,257.32,BR_PXA_231120_1,SI-TT-A7_i7,SI-TT-A7_b(i5),SI-NA-D1,22212,5191,0.0011892414186149,Callithrix jacchus,CS20250428_GROUP_0047,Interneuron,Need to Create a PR,VIP|GABA,37,Krienen et al. 2020,VIP,,VIP,#fc2b80,,CS20250428_SUBCL_0009,,CN|VIP|GABA,24,#1bc06a,,CS20250428_CLASS_0001,,CN|CGE|GABA,8,#26e8bb,,CS20250428_NEIGH_0002,,Subpallium|GABA,3,#19613b,,CGATTGAGTCAAAGAA,P0009_1,231224,Princeton
GGAACGGTCCGTCCAT-P0009_1,Subpallium GABA,CN LGE GABA,STR D2 MSN,STRv D2 MSN,Marmoset-999,Marmoset-999,CL:0000003,P0009_1,cjCroissant,10x multiome,EFO:0030059,Marmoset,NCBI:txid9483,Adult,Brain,Brain,unknown,unknown,unknown,unknown,unknown,unknown,normal,PATO:0000461,nucleus,True,231026,LPLCXR_231026_1,LPLCXR_231026_1_A7,474,14,1648.5,BR_PXR_231108_1,231024,LPLCXA_231024_1,LPLCXA_231024_1_D1,453,7,257.32,BR_PXA_231120_1,SI-TT-A7_i7,SI-TT-A7_b(i5),SI-NA-D1,22097,5761,0.0007734637474641,Callithrix jacchus,CS20250428_GROUP_0058,LGE,CL:4030052,STRv|D2 MSN,54,He et al. 2021,D2-Shell/OT,,ARHGAP6,#98df8a,,CS20250428_SUBCL_0029,CL:4023029,STR|D2 MSN,32,#253c8c,,CS20250428_CLASS_0003,,CN|LGE|GABA,10,#d0b83c,,CS20250428_NEIGH_0002,,Subpallium|GABA,3,#19613b,,GGAACGGTCCGTCCAT,P0009_1,231224,Princeton
TCATTTGGTTGGTTCT-P0009_1,Subpallium GABA,CN CGE GABA,CN VIP GABA,VIP GABA,Marmoset-308,Marmoset-308,CL:0000003,P0009_1,cjCroissant,10x multiome,EFO:0030059,Marmoset,NCBI:txid9483,Adult,Brain,Brain,unknown,unknown,unknown,unknown,unknown,unknown,normal,PATO:0000461,nucleus,True,231026,LPLCXR_231026_1,LPLCXR_231026_1_A7,474,14,1648.5,BR_PXR_231108_1,231024,LPLCXA_231024_1,LPLCXA_231024_1_D1,453,7,257.32,BR_PXA_231120_1,SI-TT-A7_i7,SI-TT-A7_b(i5),SI-NA-D1,21859,5137,0.0007159829838201,Callithrix jacchus,CS20250428_GROUP_0047,Interneuron,Need to Create a PR,VIP|GABA,37,Krienen et al. 2020,VIP,,VIP,#fc2b80,,CS20250428_SUBCL_0009,,CN|VIP|GABA,24,#1bc06a,,CS20250428_CLASS_0001,,CN|CGE|GABA,8,#26e8bb,,CS20250428_NEIGH_0002,,Subpallium|GABA,3,#19613b,,TCATTTGGTTGGTTCT,P0009_1,231224,Princeton
TCTTGTCCACAAACTT-P0009_1,Subpallium GABA,CN MGE GABA,STR RSPO2 GABA,STR LYPD6-RSPO2 GABA,Marmoset-936,Marmoset-936,CL:0000003,P0009_1,cjCroissant,10x multiome,EFO:0030059,Marmoset,NCBI:txid9483,Adult,Brain,Brain,unknown,unknown,unknown,unknown,unknown,unknown,normal,PATO:0000461,nucleus,True,231026,LPLCXR_231026_1,LPLCXR_231026_1_A7,474,14,1648.5,BR_PXR_231108_1,231024,LPLCXA_231024_1,LPLCXA_231024_1_D1,453,7,257.32,BR_PXA_231120_1,SI-TT-A7_i7,SI-TT-A7_b(i5),SI-NA-D1,21774,5616,0.0008725109510123,Callithrix jacchus,CS20250428_GROUP_0041,Interneuron,,STR|LYPD6|RSPO2|GABA,32,,,,,#a9f266,,CS20250428_SUBCL_0031,,STR|RSPO2|GABA,21,#5b0e63,,CS20250428_CLASS_0005,,CN|MGE|GABA,7,#ce4c27,,CS20250428_NEIGH_0002,,Subpallium|GABA,3,#19613b,,TCTTGTCCACAAACTT,P0009_1,231224,Princeton
AGAACAAGTGGACATC-P0009_1,Subpallium GABA,CN CGE GABA,CN VIP GABA,VIP GABA,Marmoset-327,Marmoset-327,CL:0000003,P0009_1,cjCroissant,10x multiome,EFO:0030059,Marmoset,NCBI:txid9483,Adult,Brain,Brain,unknown,unknown,unknown,unknown,unknown,unknown,normal,PATO:0000461,nucleus,True,231026,LPLCXR_231026_1,LPLCXR_231026_1_A7,474,14,1648.5,BR_PXR_231108_1,231024,LPLCXA_231024_1,LPLCXA_231024_1_D1,453,7,257.32,BR_PXA_231120_1,SI-TT-A7_i7,SI-TT-A7_b(i5),SI-NA-D1,21682,5405,0.001584815676324,Callithrix jacchus,CS20250428_GROUP_0047,Interneuron,Need to Create a PR,VIP|GABA,37,Krienen et al. 2020,VIP,,VIP,#fc2b80,,CS20250428_SUBCL_0009,,CN|VIP|GABA,24,#1bc06a,,CS20250428_CLASS_0001,,CN|CGE|GABA,8,#26e8bb,,CS20250428_NEIGH_0002,,Subpallium|GABA,3,#19613b,,AGAACAAGTGGACATC,P0009_1,231224,Princeton
CCACAGGGTGTTGCTT-P0009_1,Subpallium GABA,CN MGE GABA,STR RSPO2 GABA,STR SST-RSPO2 GABA,Marmoset-925,Marmoset-925,CL:0000003,P0009_1,cjCroissant,10x multiome,EFO:0030059,Marmoset,NCBI:txid9483,Adult,Brain,Brain,unknown,unknown,unknown,unknown,unknown,unknown,normal,PATO:0000461,nucleus,True,231026,LPLCXR_231026_1,LPLCXR_231026_1_A7,474,14,1648.5,BR_PXR_231108_1,231024,LPLCXA_231024_1,LPLCXA_231024_1_D1,453,7,257.32,BR_PXA_231120_1,SI-TT-A7_i7,SI-TT-A7_b(i5),SI-NA-D1,21516,5205,0.0008716027368791,Callithrix jacchus,CS20250428_GROUP_0044,Interneuron,,STR|SST|RSPO2|GABA,31,,,,,#7f7f7f,,CS20250428_SUBCL_0031,,STR|RSPO2|GABA,21,#5b0e63,,CS20250428_CLASS_0005,,CN|MGE|GABA,7,#ce4c27,,CS20250428_NEIGH_0002,,Subpallium|GABA,3,#19613b,,CCACAGGGTGTTGCTT,P0009_1,231224,Princeton
AGCTTCCTCTAGCGAT-P0009_1,Subpallium GABA,CN CGE GABA,CN VIP GABA,VIP GABA,Marmoset-312,Marmoset-312,CL:0000003,P0009_1,cjCroissant,10x multiome,EFO:0030059,Marmoset,NCBI:txid9483,Adult,Brain,Brain,unknown,unknown,unknown,unknown,unknown,unknown,normal,PATO:0000461,nucleus,True,231026,LPLCXR_231026_1,LPLCXR_231026_1_A7,474,14,1648.5,BR_PXR_231108_1,231024,LPLCXA_231024_1,LPLCXA_231024_1_D1,453,7,257.32,BR_PXA_231120_1,SI-TT-A7_i7,SI-TT-A7_b(i5),SI-NA-D1,20115,4827,0.0009393221116624,Callithrix jacchus,CS20250428_GROUP_0047,Interneuron,Need to Create a PR,VIP|GABA,37,Krienen et al. 2020,VIP,,VIP,#fc2b80,,CS20250428_SUBCL_0009,,CN|VIP|GABA,24,#1bc06a,,CS20250428_CLASS_0001,,CN|CGE|GABA,8,#26e8bb,,CS20250428_NEIGH_0002,,Subpallium|GABA,3,#19613b,,AGCTTCCTCTAGCGAT,P0009_1,231224,Princeton
GGCGGTTTCCTACCTA-P0009_1,Subpallium GABA,CN LGE GABA,STR D2 MSN,STRv D2 MSN,Marmoset-1006,Marmoset-1006,CL:0000003,P0009_1,cjCroissant,10x multiome,EFO:0030059,Marmoset,NCBI:txid9483,Adult,Brain,Brain,unknown,unknown,unknown,unknown,unknown,unknown,normal,PATO:0000461,nucleus,True,231026,LPLCXR_231026_1,LPLCXR_231026_1_A7,474,14,1648.5,BR_PXR_231108_1,231024,LPLCXA_231024_1,LPLCXA_231024_1_D1,453,7,257.32,BR_PXA_231120_1,SI-TT-A7_i7,SI-TT-A7_b(i5),SI-NA-D1,20096,5348,0.0645544901490211,Callithrix jacchus,CS20250428_GROUP_0058,LGE,CL:4030052,STRv|D2 MSN,54,He et al. 2021,D2-Shell/OT,,ARHGAP6,#98df8a,,CS20250428_SUBCL_0029,CL:4023029,STR|D2 MSN,32,#253c8c,,CS20250428_CLASS_0003,,CN|LGE|GABA,10,#d0b83c,,CS20250428_NEIGH_0002,,Subpallium|GABA,3,#19613b,,GGCGGTTTCCTACCTA,P0009_1,231224,Princeton
CTTGTTTAGACTTACA-P0009_1,Subpallium GABA,CN CGE GABA,CN VIP GABA,VIP GABA,Marmoset-318,Marmoset-318,CL:0000003,P0009_1,cjCroissant,10x multiome,EFO:0030059,Marmoset,NCBI:txid9483,Adult,Brain,Brain,unknown,unknown,unknown,unknown,unknown,unknown,normal,PATO:0000461,nucleus,True,231026,LPLCXR_231026_1,LPLCXR_231026_1_A7,474,14,1648.5,BR_PXR_231108_1,231024,LPLCXA_231024_1,LPLCXA_231024_1_D1,453,7,257.32,BR_PXA_231120_1,SI-TT-A7_i7,SI-TT-A7_b(i5),SI-NA-D1,19180,4665,0.0007966141565702,Callithrix jacchus,CS20250428_GROUP_0047,Interneuron,Need to Create a PR,VIP|GABA,37,Krienen et al. 2020,VIP,,VIP,#fc2b80,,CS20250428_SUBCL_0009,,CN|VIP|GABA,24,#1bc06a,,CS20250428_CLASS_0001,,CN|CGE|GABA,8,#26e8bb,,CS20250428_NEIGH_0002,,Subpallium|GABA,3,#19613b,,CTTGTTTAGACTTACA,P0009_1,231224,Princeton
GGCGCTAGTCACGGAT-P0009_1,Subpallium GABA,CN MGE GABA,STR RSPO2 GABA,STR SST-RSPO2 GABA,Marmoset-926,Marmoset-926,CL:0000003,P0009_1,cjCroissant,10x multiome,EFO:0030059,Marmoset,NCBI:txid9483,Adult,Brain,Brain,unknown,unknown,unknown,unknown,unknown,unknown,normal,PATO:0000461,nucleus,True,231026,LPLCXR_231026_1,LPLCXR_231026_1_A7,474,14,1648.5,BR_PXR_231108_1,231024,LPLCXA_231024_1,LPLCXA_231024_1_D1,453,7,257.32,BR_PXA_231120_1,SI-TT-A7_i7,SI-TT-A7_b(i5),SI-NA-D1,18944,4879,0.000950354617089,Callithrix jacchus,CS20250428_GROUP_0044,Interneuron,,STR|SST|RSPO2|GABA,31,,,,,#7f7f7f,,CS20250428_SUBCL_0031,,STR|RSPO2|GABA,21,#5b0e63,,CS20250428_CLASS_0005,,CN|MGE|GABA,7,#ce4c27,,CS20250428_NEIGH_0002,,Subpallium|GABA,3,#19613b,,GGCGCTAGTCACGGAT,P0009_1,231224,Princeton
TCGCGAGGTCCTTTAA-P0009_1,Subpallium GABA,CN CGE GABA,CN LAMP5-CXCL14 GABA,LAMP5-CXCL14 GABA,Marmoset-429,Marmoset-429,CL:0000003,P0009_1,cjCroissant,10x multiome,EFO:0030059,Marmoset,NCBI:txid9483,Adult,Brain,Brain,unknown,unknown,unknown,unknown,unknown,unknown,normal,PATO:0000461,nucleus,True,231026,LPLCXR_231026_1,LPLCXR_231026_1_A7,474,14,1648.5,BR_PXR_231108_1,231024,LPLCXA_231024_1,LPLCXA_231024_1_D1,453,7,257.32,BR_PXA_231120_1,SI-TT-A7_i7,SI-TT-A7_b(i5),SI-NA-D1,18388,4902,0.301682889461517,Callithrix jacchus,CS20250428_GROUP_0004,Interneuron,,LAMP5|CXCL14|GABA,36,,LAMP5,,"LAMP5, CXCL14",#f6b5d1,,CS20250428_SUBCL_0002,,CN|LAMP5|CXCL14|GABA,23,#e5b672,,CS20250428_CLASS_0001,,CN|CGE|GABA,8,#26e8bb,,CS20250428_NEIGH_0002,,Subpallium|GABA,3,#19613b,,TCGCGAGGTCCTTTAA,P0009_1,231224,Princeton
TAAGTGCTCAAGGACA-P0009_1,Nonneuron,OPC-Oligo,Oligodendrocyte,ImOligo,Marmoset-108,Marmoset-108,CL:0000003,P0009_1,cjCroissant,10x multiome,EFO:0030059,Marmoset,NCBI:txid9483,Adult,Brain,Brain,unknown,unknown,unknown,unknown,unknown,unknown,normal,PATO:0000461,nucleus,True,231026,LPLCXR_231026_1,LPLCXR_231026_1_A7,474,14,1648.5,BR_PXR_231108_1,231024,LPLCXA_231024_1,LPLCXA_231024_1_D1,453,7,257.32,BR_PXA_231120_1,SI-TT-A7_i7,SI-TT-A7_b(i5),SI-NA-D1,18214,5152,0.51747739315033,Callithrix jacchus,CS20250428_GROUP_0018,Nonneuron,CL:4042031,ImOligo,11,Jäkel et al. 2019,,,,#711c24,,CS20250428_SUBCL_0022,CL:0000128,Oligodendrocyte,7,#def476,,CS20250428_CLASS_0010,CL:0000095,OPC|Oligo,3,#8605d4,,CS20250428_NEIGH_0001,CL:0000000,Nonneuron,1,#f2ca7d,,TAAGTGCTCAAGGACA,P0009_1,231224,Princeton
GTCAAACTCCTTGCGT-P0009_1,Subpallium GABA,CN CGE GABA,CN VIP GABA,VIP GABA,Marmoset-311,Marmoset-311,CL:0000003,P0009_1,cjCroissant,10x multiome,EFO:0030059,Marmoset,NCBI:txid9483,Adult,Brain,Brain,unknown,unknown,unknown,unknown,unknown,unknown,normal,PATO:0000461,nucleus,True,231026,LPLCXR_231026_1,LPLCXR_231026_1_A7,474,14,1648.5,BR_PXR_231108_1,231024,LPLCXA_231024_1,LPLCXA_231024_1_D1,453,7,257.32,BR_PXA_231120_1,SI-TT-A7_i7,SI-TT-A7_b(i5),SI-NA-D1,18043,4676,0.0011892414186149,Callithrix jacchus,CS20250428_GROUP_0047,Interneuron,Need to Create a PR,VIP|GABA,37,Krienen et al. 2020,VIP,,VIP,#fc2b80,,CS20250428_SUBCL_0009,,CN|VIP|GABA,24,#1bc06a,,CS20250428_CLASS_0001,,CN|CGE|GABA,8,#26e8bb,,CS20250428_NEIGH_0002,,Subpallium|GABA,3,#19613b,,GTCAAACTCCTTGCGT,P0009_1,231224,Princeton
CAAAGTGAGCCTCTCG-P0009_1,Subpallium GABA,CN MGE GABA,STR RSPO2 GABA,STR SST-RSPO2 GABA,Marmoset-941,Marmoset-941,CL:0000003,P0009_1,cjCroissant,10x multiome,EFO:0030059,Marmoset,NCBI:txid9483,Adult,Brain,Brain,unknown,unknown,unknown,unknown,unknown,unknown,normal,PATO:0000461,nucleus,True,231026,LPLCXR_231026_1,LPLCXR_231026_1_A7,474,14,1648.5,BR_PXR_231108_1,231024,LPLCXA_231024_1,LPLCXA_231024_1_D1,453,7,257.32,BR_PXA_231120_1,SI-TT-A7_i7,SI-TT-A7_b(i5),SI-NA-D1,17864,4807,0.0008225333294831,Callithrix jacchus,CS20250428_GROUP_0044,Interneuron,,STR|SST|RSPO2|GABA,31,,,,,#7f7f7f,,CS20250428_SUBCL_0031,,STR|RSPO2|GABA,21,#5b0e63,,CS20250428_CLASS_0005,,CN|MGE|GABA,7,#ce4c27,,CS20250428_NEIGH_0002,,Subpallium|GABA,3,#19613b,,CAAAGTGAGCCTCTCG,P0009_1,231224,Princeton
ATGGCCCAGACTTACA-P0009_1,Subpallium GABA,CN LGE GABA,STR Hybrid MSN,STRv D1 NUDAP MSN,Marmoset-228,Marmoset-228,CL:0000003,P0009_1,cjCroissant,10x multiome,EFO:0030059,Marmoset,NCBI:txid9483,Adult,Brain,Brain,unknown,unknown,unknown,unknown,unknown,unknown,normal,PATO:0000461,nucleus,True,231026,LPLCXR_231026_1,LPLCXR_231026_1_A7,474,14,1648.5,BR_PXR_231108_1,231024,LPLCXA_231024_1,LPLCXA_231024_1_D1,453,7,257.32,BR_PXA_231120_1,SI-TT-A7_i7,SI-TT-A7_b(i5),SI-NA-D1,17295,4416,0.00084980414249,Callithrix jacchus,CS20250428_GROUP_0057,LGE,CL:4030054,STRv|D1 NUDAP MSN,57,He et al. 2021,D1-NUDAP,,GRIA4,#e377c2,,CS20250428_SUBCL_0030,CL:4030050,STR|Hybrid MSN,33,#79bdf4,,CS20250428_CLASS_0003,,CN|LGE|GABA,10,#d0b83c,,CS20250428_NEIGH_0002,,Subpallium|GABA,3,#19613b,,ATGGCCCAGACTTACA,P0009_1,231224,Princeton
AGCCTCCGTTCGCTTG-P0009_1,Subpallium GABA,CN CGE GABA,CN VIP GABA,VIP GABA,Marmoset-319,Marmoset-319,CL:0000003,P0009_1,cjCroissant,10x multiome,EFO:0030059,Marmoset,NCBI:txid9483,Adult,Brain,Brain,unknown,unknown,unknown,unknown,unknown,unknown,normal,PATO:0000461,nucleus,True,231026,LPLCXR_231026_1,LPLCXR_231026_1_A7,474,14,1648.5,BR_PXR_231108_1,231024,LPLCXA_231024_1,LPLCXA_231024_1_D1,453,7,257.32,BR_PXA_231120_1,SI-TT-A7_i7,SI-TT-A7_b(i5),SI-NA-D1,16512,4549,0.220246762037277,Callithrix jacchus,CS20250428_GROUP_0047,Interneuron,Need to Create a PR,VIP|GABA,37,Krienen et al. 2020,VIP,,VIP,#fc2b80,,CS20250428_SUBCL_0009,,CN|VIP|GABA,24,#1bc06a,,CS20250428_CLASS_0001,,CN|CGE|GABA,8,#26e8bb,,CS20250428_NEIGH_0002,,Subpallium|GABA,3,#19613b,,AGCCTCCGTTCGCTTG,P0009_1,231224,Princeton
TGTTTGTTCATAACTG-P0009_1,Nonneuron,Vascular,VLMC,VLMC,Marmoset-700,Marmoset-700,CL:0000003,P0009_1,cjCroissant,10x multiome,EFO:0030059,Marmoset,NCBI:txid9483,Adult,Brain,Brain,unknown,unknown,unknown,unknown,unknown,unknown,normal,PATO:0000461,nucleus,True,231026,LPLCXR_231026_1,LPLCXR_231026_1_A7,474,14,1648.5,BR_PXR_231108_1,231024,LPLCXA_231024_1,LPLCXA_231024_1_D1,453,7,257.32,BR_PXA_231120_1,SI-TT-A7_i7,SI-TT-A7_b(i5),SI-NA-D1,16517,5399,0.0008906271541491,Callithrix jacchus,CS20250428_GROUP_0062,Nonneuron,CL:4023051,VLMC,17,Yao et al. 2023,,,"PDGFRA, DCN",#c3ec86,,CS20250428_SUBCL_0035,CL:4023051,VLMC,13,#226a65,,CS20250428_CLASS_0011,CL:0000192,Vascular,4,#cba5ec,,CS20250428_NEIGH_0001,CL:0000000,Nonneuron,1,#f2ca7d,,TGTTTGTTCATAACTG,P0009_1,231224,Princeton
CATCCTCAGGTGCTGC-P0009_1,Nonneuron,Astro-Epen,Ependymal,Ependymal,Marmoset-666,Marmoset-666,CL:0000003,P0009_1,cjCroissant,10x multiome,EFO:0030059,Marmoset,NCBI:txid9483,Adult,Brain,Brain,unknown,unknown,unknown,unknown,unknown,unknown,normal,PATO:0000461,nucleus,True,231026,LPLCXR_231026_1,LPLCXR_231026_1_A7,474,14,1648.5,BR_PXR_231108_1,231024,LPLCXA_231024_1,LPLCXA_231024_1_D1,453,7,257.32,BR_PXA_231120_1,SI-TT-A7_i7,SI-TT-A7_b(i5),SI-NA-D1,16339,5336,0.619376063346863,Callithrix jacchus,CS20250428_GROUP_0012,Nonneuron,CL:0000065,Ependymal,3,Yao et al. 2023,,,,#c96e0a,,CS20250428_SUBCL_0012,CL:0000065,Ependymal,2,#7f207a,,CS20250428_CLASS_0000,CL:0000125,Astro|Epen,1,#6ec0da,,CS20250428_NEIGH_0001,CL:0000000,Nonneuron,1,#f2ca7d,,CATCCTCAGGTGCTGC,P0009_1,231224,Princeton
CATAATCCATTTAAGC-P0009_1,Subpallium GABA,CN CGE GABA,CN VIP GABA,VIP GABA,Marmoset-336,Marmoset-336,CL:0000003,P0009_1,cjCroissant,10x multiome,EFO:0030059,Marmoset,NCBI:txid9483,Adult,Brain,Brain,unknown,unknown,unknown,unknown,unknown,unknown,normal,PATO:0000461,nucleus,True,231026,LPLCXR_231026_1,LPLCXR_231026_1_A7,474,14,1648.5,BR_PXR_231108_1,231024,LPLCXA_231024_1,LPLCXA_231024_1_D1,453,7,257.32,BR_PXA_231120_1,SI-TT-A7_i7,SI-TT-A7_b(i5),SI-NA-D1,16270,4415,0.0005040886462666,Callithrix jacchus,CS20250428_GROUP_0047,Interneuron,Need to Create a PR,VIP|GABA,37,Krienen et al. 2020,VIP,,VIP,#fc2b80,,CS20250428_SUBCL_0009,,CN|VIP|GABA,24,#1bc06a,,CS20250428_CLASS_0001,,CN|CGE|GABA,8,#26e8bb,,CS20250428_NEIGH_0002,,Subpallium|GABA,3,#19613b,,CATAATCCATTTAAGC,P0009_1,231224,Princeton
GCAAACAAGACACCGC-P0009_1,Subpallium GABA,CN MGE GABA,STR RSPO2 GABA,STR SST-RSPO2 GABA,Marmoset-942,Marmoset-942,CL:0000003,P0009_1,cjCroissant,10x multiome,EFO:0030059,Marmoset,NCBI:txid9483,Adult,Brain,Brain,unknown,unknown,unknown,unknown,unknown,unknown,normal,PATO:0000461,nucleus,True,231026,LPLCXR_231026_1,LPLCXR_231026_1_A7,474,14,1648.5,BR_PXR_231108_1,231024,LPLCXA_231024_1,LPLCXA_231024_1_D1,453,7,257.32,BR_PXA_231120_1,SI-TT-A7_i7,SI-TT-A7_b(i5),SI-NA-D1,16046,4930,0.0003573066787794,Callithrix jacchus,CS20250428_GROUP_0044,Interneuron,,STR|SST|RSPO2|GABA,31,,,,,#7f7f7f,,CS20250428_SUBCL_0031,,STR|RSPO2|GABA,21,#5b0e63,,CS20250428_CLASS_0005,,CN|MGE|GABA,7,#ce4c27,,CS20250428_NEIGH_0002,,Subpallium|GABA,3,#19613b,,GCAAACAAGACACCGC,P0009_1,231224,Princeton
GCGCTTGCAGTTTGGC-P0009_1,Subpallium GABA,CN CGE GABA,CN VIP GABA,VIP GABA,Marmoset-340,Marmoset-340,CL:0000003,P0009_1,cjCroissant,10x multiome,EFO:0030059,Marmoset,NCBI:txid9483,Adult,Brain,Brain,unknown,unknown,unknown,unknown,unknown,unknown,normal,PATO:0000461,nucleus,True,231026,LPLCXR_231026_1,LPLCXR_231026_1_A7,474,14,1648.5,BR_PXR_231108_1,231024,LPLCXA_231024_1,LPLCXA_231024_1_D1,453,7,257.32,BR_PXA_231120_1,SI-TT-A7_i7,SI-TT-A7_b(i5),SI-NA-D1,15550,4666,0.438246876001358,Callithrix jacchus,CS20250428_GROUP_0047,Interneuron,Need to Create a PR,VIP|GABA,37,Krienen et al. 2020,VIP,,VIP,#fc2b80,,CS20250428_SUBCL_0009,,CN|VIP|GABA,24,#1bc06a,,CS20250428_CLASS_0001,,CN|CGE|GABA,8,#26e8bb,,CS20250428_NEIGH_0002,,Subpallium|GABA,3,#19613b,,GCGCTTGCAGTTTGGC,P0009_1,231224,Princeton
TTTGTCTAGTTTCCGC-P0009_1,Subpallium GABA,CN MGE GABA,STR SST-CHODL GABA,STR SST-CHODL GABA,Marmoset-733,Marmoset-733,CL:0000003,P0009_1,cjCroissant,10x multiome,EFO:0030059,Marmoset,NCBI:txid9483,Adult,Brain,Brain,unknown,unknown,unknown,unknown,unknown,unknown,normal,PATO:0000461,nucleus,True,231026,LPLCXR_231026_1,LPLCXR_231026_1_A7,474,14,1648.5,BR_PXR_231108_1,231024,LPLCXA_231024_1,LPLCXA_231024_1_D1,453,7,257.32,BR_PXA_231120_1,SI-TT-A7_i7,SI-TT-A7_b(i5),SI-NA-D1,14260,4174,0.0979524329304695,Callithrix jacchus,CS20250428_GROUP_0043,Interneuron,Need to create a PR,STR|SST|CHODL|GABA,29,Krienen et al. 2020,Sst Chodl | LTS,,NPY,#708297,,CS20250428_SUBCL_0033,,STR|SST|CHODL|GABA,19,#eea495,,CS20250428_CLASS_0005,,CN|MGE|GABA,7,#ce4c27,,CS20250428_NEIGH_0002,,Subpallium|GABA,3,#19613b,,TTTGTCTAGTTTCCGC,P0009_1,231224,Princeton
AGCATCCCACCGTTCC-P0009_1,Nonneuron,Vascular,Pericyte,Pericyte,Marmoset-112,Marmoset-112,CL:0000003,P0009_1,cjCroissant,10x multiome,EFO:0030059,Marmoset,NCBI:txid9483,Adult,Brain,Brain,unknown,unknown,unknown,unknown,unknown,unknown,normal,PATO:0000461,nucleus,True,231026,LPLCXR_231026_1,LPLCXR_231026_1_A7,474,14,1648.5,BR_PXR_231108_1,231024,LPLCXA_231024_1,LPLCXA_231024_1_D1,453,7,257.32,BR_PXA_231120_1,SI-TT-A7_i7,SI-TT-A7_b(i5),SI-NA-D1,13307,4338,0.492025405168533,Callithrix jacchus,CS20250428_GROUP_0027,Nonneuron,CL:0000669,Pericyte,15,Yao et al. 2023,,,PDGFRB,#5713c3,,CS20250428_SUBCL_0023,CL:0000669,Pericyte,11,#51cd80,,CS20250428_CLASS_0011,CL:0002320,Vascular,4,#cba5ec,,CS20250428_NEIGH_0001,CL:0000000,Nonneuron,1,#f2ca7d,,AGCATCCCACCGTTCC,P0009_1,231224,Princeton
CGATTATCAAGTGTTT-P0009_1,Subpallium GABA,CN CGE GABA,CN VIP GABA,VIP GABA,Marmoset-307,Marmoset-307,CL:0000003,P0009_1,cjCroissant,10x multiome,EFO:0030059,Marmoset,NCBI:txid9483,Adult,Brain,Brain,unknown,unknown,unknown,unknown,unknown,unknown,normal,PATO:0000461,nucleus,True,231026,LPLCXR_231026_1,LPLCXR_231026_1_A7,474,14,1648.5,BR_PXR_231108_1,231024,LPLCXA_231024_1,LPLCXA_231024_1_D1,453,7,257.32,BR_PXA_231120_1,SI-TT-A7_i7,SI-TT-A7_b(i5),SI-NA-D1,13301,3896,0.0004485827812459,Callithrix jacchus,CS20250428_GROUP_0047,Interneuron,Need to Create a PR,VIP|GABA,37,Krienen et al. 2020,VIP,,VIP,#fc2b80,,CS20250428_SUBCL_0009,,CN|VIP|GABA,24,#1bc06a,,CS20250428_CLASS_0001,,CN|CGE|GABA,8,#26e8bb,,CS20250428_NEIGH_0002,,Subpallium|GABA,3,#19613b,,CGATTATCAAGTGTTT,P0009_1,231224,Princeton
TATGAAGCACATACTG-P0009_1,Nonneuron,Vascular,Endo,Endo,Marmoset-694,Marmoset-694,CL:0000003,P0009_1,cjCroissant,10x multiome,EFO:0030059,Marmoset,NCBI:txid9483,Adult,Brain,Brain,unknown,unknown,unknown,unknown,unknown,unknown,normal,PATO:0000461,nucleus,True,231026,LPLCXR_231026_1,LPLCXR_231026_1_A7,474,14,1648.5,BR_PXR_231108_1,231024,LPLCXA_231024_1,LPLCXA_231024_1_D1,453,7,257.32,BR_PXA_231120_1,SI-TT-A7_i7,SI-TT-A7_b(i5),SI-NA-D1,12875,4296,0.584480047225952,Callithrix jacchus,CS20250428_GROUP_0011,Nonneuron,CL:0000115,Endo,14,Yao et al. 2023,,,PECAM1,#361d61,,CS20250428_SUBCL_0011,CL:0000115,Endo,10,#f6390c,,CS20250428_CLASS_0011,CL:0002320,Vascular,4,#cba5ec,,CS20250428_NEIGH_0001,CL:0000000,Nonneuron,1,#f2ca7d,,TATGAAGCACATACTG,P0009_1,231224,Princeton
TAAGTGCTCCAATTAG-P0009_1,Nonneuron,OPC-Oligo,COP,COP,Marmoset-238,Marmoset-238,CL:0000003,P0009_1,cjCroissant,10x multiome,EFO:0030059,Marmoset,NCBI:txid9483,Adult,Brain,Brain,unknown,unknown,unknown,unknown,unknown,unknown,normal,PATO:0000461,nucleus,True,231026,LPLCXR_231026_1,LPLCXR_231026_1_A7,474,14,1648.5,BR_PXR_231108_1,231024,LPLCXA_231024_1,LPLCXA_231024_1_D1,453,7,257.32,BR_PXA_231120_1,SI-TT-A7_i7,SI-TT-A7_b(i5),SI-NA-D1,12700,3560,0.583556771278381,Callithrix jacchus,CS20250428_GROUP_0009,Nonneuron,CL:4023059,COP,13,Marques et al. 2016,,,,#922047,,CS20250428_SUBCL_0010,CL:4023059,COP,9,#e3cba4,,CS20250428_CLASS_0010,CL:0000095,OPC|Oligo,3,#8605d4,,CS20250428_NEIGH_0001,CL:0000000,Nonneuron,1,#f2ca7d,,TAAGTGCTCCAATTAG,P0009_1,231224,Princeton
ACCCGCTGTTAACGGC-P0009_1,Subpallium GABA,CN CGE GABA,CN VIP GABA,VIP GABA,Marmoset-320,Marmoset-320,CL:0000003,P0009_1,cjCroissant,10x multiome,EFO:0030059,Marmoset,NCBI:txid9483,Adult,Brain,Brain,unknown,unknown,unknown,unknown,unknown,unknown,normal,PATO:0000461,nucleus,True,231026,LPLCXR_231026_1,LPLCXR_231026_1_A7,474,14,1648.5,BR_PXR_231108_1,231024,LPLCXA_231024_1,LPLCXA_231024_1_D1,453,7,257.32,BR_PXA_231120_1,SI-TT-A7_i7,SI-TT-A7_b(i5),SI-NA-D1,12000,3845,0.0007181057007983,Callithrix jacchus,CS20250428_GROUP_0047,Interneuron,Need to Create a PR,VIP|GABA,37,Krienen et al. 2020,VIP,,VIP,#fc2b80,,CS20250428_SUBCL_0009,,CN|VIP|GABA,24,#1bc06a,,CS20250428_CLASS_0001,,CN|CGE|GABA,8,#26e8bb,,CS20250428_NEIGH_0002,,Subpallium|GABA,3,#19613b,,ACCCGCTGTTAACGGC,P0009_1,231224,Princeton
TTGCGAGTCCCTGGTT-P0009_1,Subpallium GABA,CN LGE GABA,STR Hybrid MSN,STRv D1 NUDAP MSN,Marmoset-233,Marmoset-233,CL:0000003,P0009_1,cjCroissant,10x multiome,EFO:0030059,Marmoset,NCBI:txid9483,Adult,Brain,Brain,unknown,unknown,unknown,unknown,unknown,unknown,normal,PATO:0000461,nucleus,True,231026,LPLCXR_231026_1,LPLCXR_231026_1_A7,474,14,1648.5,BR_PXR_231108_1,231024,LPLCXA_231024_1,LPLCXA_231024_1_D1,453,7,257.32,BR_PXA_231120_1,SI-TT-A7_i7,SI-TT-A7_b(i5),SI-NA-D1,11595,3702,0.0014446292771026,Callithrix jacchus,CS20250428_GROUP_0057,LGE,CL:4030054,STRv|D1 NUDAP MSN,57,He et al. 2021,D1-NUDAP,,GRIA4,#e377c2,,CS20250428_SUBCL_0030,CL:4030050,STR|Hybrid MSN,33,#79bdf4,,CS20250428_CLASS_0003,,CN|LGE|GABA,10,#d0b83c,,CS20250428_NEIGH_0002,,Subpallium|GABA,3,#19613b,,TTGCGAGTCCCTGGTT,P0009_1,231224,Princeton
CCTAAATCAATCCCTT-P0009_1,Nonneuron,Astro-Epen,Astrocyte,Astrocyte,Marmoset-516,Marmoset-516,CL:0000003,P0009_1,cjCroissant,10x multiome,EFO:0030059,Marmoset,NCBI:txid9483,Adult,Brain,Brain,unknown,unknown,unknown,unknown,unknown,unknown,normal,PATO:0000461,nucleus,True,231026,LPLCXR_231026_1,LPLCXR_231026_1_A7,474,14,1648.5,BR_PXR_231108_1,231024,LPLCXA_231024_1,LPLCXA_231024_1_D1,453,7,257.32,BR_PXA_231120_1,SI-TT-A7_i7,SI-TT-A7_b(i5),SI-NA-D1,10819,3582,0.0011765917297452,Callithrix jacchus,CS20250428_GROUP_0039,Nonneuron,CL:0000127,Astrocyte,1,Yao et al. 2023,,,,#e16c95,,CS20250428_SUBCL_0000,CL:0000127,Astrocyte,1,#604f15,,CS20250428_CLASS_0000,CL:0000125,Astro|Epen,1,#6ec0da,,CS20250428_NEIGH_0001,CL:0000000,Nonneuron,1,#f2ca7d,,CCTAAATCAATCCCTT,P0009_1,231224,Princeton
TGGACGGAGGAGGACT-P0009_1,Subpallium GABA,CN MGE GABA,STR RSPO2 GABA,STR LYPD6-RSPO2 GABA,Marmoset-944,Marmoset-944,CL:0000003,P0009_1,cjCroissant,10x multiome,EFO:0030059,Marmoset,NCBI:txid9483,Adult,Brain,Brain,unknown,unknown,unknown,unknown,unknown,unknown,normal,PATO:0000461,nucleus,True,231026,LPLCXR_231026_1,LPLCXR_231026_1_A7,474,14,1648.5,BR_PXR_231108_1,231024,LPLCXA_231024_1,LPLCXA_231024_1_D1,453,7,257.32,BR_PXA_231120_1,SI-TT-A7_i7,SI-TT-A7_b(i5),SI-NA-D1,10700,3720,0.000232656209846,Callithrix jacchus,CS20250428_GROUP_0041,Interneuron,,STR|LYPD6|RSPO2|GABA,32,,,,,#a9f266,,CS20250428_SUBCL_0031,,STR|RSPO2|GABA,21,#5b0e63,,CS20250428_CLASS_0005,,CN|MGE|GABA,7,#ce4c27,,CS20250428_NEIGH_0002,,Subpallium|GABA,3,#19613b,,TGGACGGAGGAGGACT,P0009_1,231224,Princeton
TGTCAGTAGCAACATC-P0009_1,Nonneuron,OPC-Oligo,Oligodendrocyte,ImOligo,Marmoset-111,Marmoset-111,CL:0000003,P0009_1,cjCroissant,10x multiome,EFO:0030059,Marmoset,NCBI:txid9483,Adult,Brain,Brain,unknown,unknown,unknown,unknown,unknown,unknown,normal,PATO:0000461,nucleus,True,231026,LPLCXR_231026_1,LPLCXR_231026_1_A7,474,14,1648.5,BR_PXR_231108_1,231024,LPLCXA_231024_1,LPLCXA_231024_1_D1,453,7,257.32,BR_PXA_231120_1,SI-TT-A7_i7,SI-TT-A7_b(i5),SI-NA-D1,8710,3527,0.517675757408142,Callithrix jacchus,CS20250428_GROUP_0018,Nonneuron,CL:4042031,ImOligo,11,Jäkel et al. 2019,,,,#711c24,,CS20250428_SUBCL_0022,CL:0000128,Oligodendrocyte,7,#def476,,CS20250428_CLASS_0010,CL:0000095,OPC|Oligo,3,#8605d4,,CS20250428_NEIGH_0001,CL:0000000,Nonneuron,1,#f2ca7d,,TGTCAGTAGCAACATC,P0009_1,231224,Princeton
AATCCATCAGTTAGCC-P0009_1,Subpallium GABA,CN MGE GABA,STR RSPO2 GABA,STR SST-RSPO2 GABA,Marmoset-947,Marmoset-947,CL:0000003,P0009_1,cjCroissant,10x multiome,EFO:0030059,Marmoset,NCBI:txid9483,Adult,Brain,Brain,unknown,unknown,unknown,unknown,unknown,unknown,normal,PATO:0000461,nucleus,True,231026,LPLCXR_231026_1,LPLCXR_231026_1_A7,474,14,1648.5,BR_PXR_231108_1,231024,LPLCXA_231024_1,LPLCXA_231024_1_D1,453,7,257.32,BR_PXA_231120_1,SI-TT-A7_i7,SI-TT-A7_b(i5),SI-NA-D1,7196,3007,0.0007030150736682,Callithrix jacchus,CS20250428_GROUP_0044,Interneuron,,STR|SST|RSPO2|GABA,31,,,,,#7f7f7f,,CS20250428_SUBCL_0031,,STR|RSPO2|GABA,21,#5b0e63,,CS20250428_CLASS_0005,,CN|MGE|GABA,7,#ce4c27,,CS20250428_NEIGH_0002,,Subpallium|GABA,3,#19613b,,AATCCATCAGTTAGCC,P0009_1,231224,Princeton
AGGCTAGCAAACCCTA-P0009_1,Nonneuron,Vascular,Endo,Endo,Marmoset-690,Marmoset-690,CL:0000003,P0009_1,cjCroissant,10x multiome,EFO:0030059,Marmoset,NCBI:txid9483,Adult,Brain,Brain,unknown,unknown,unknown,unknown,unknown,unknown,normal,PATO:0000461,nucleus,True,231026,LPLCXR_231026_1,LPLCXR_231026_1_A7,474,14,1648.5,BR_PXR_231108_1,231024,LPLCXA_231024_1,LPLCXA_231024_1_D1,453,7,257.32,BR_PXA_231120_1,SI-TT-A7_i7,SI-TT-A7_b(i5),SI-NA-D1,7131,2943,0.570626616477966,Callithrix jacchus,CS20250428_GROUP_0011,Nonneuron,CL:0000115,Endo,14,Yao et al. 2023,,,PECAM1,#361d61,,CS20250428_SUBCL_0011,CL:0000115,Endo,10,#f6390c,,CS20250428_CLASS_0011,CL:0002320,Vascular,4,#cba5ec,,CS20250428_NEIGH_0001,CL:0000000,Nonneuron,1,#f2ca7d,,AGGCTAGCAAACCCTA,P0009_1,231224,Princeton
ACCAAACTCATGGTTA-P0009_1,Subpallium GABA,CN LGE GABA,STR D2 MSN,STRv D2 MSN,Marmoset-1025,Marmoset-1025,CL:0000003,P0009_1,cjCroissant,10x multiome,EFO:0030059,Marmoset,NCBI:txid9483,Adult,Brain,Brain,unknown,unknown,unknown,unknown,unknown,unknown,normal,PATO:0000461,nucleus,True,231026,LPLCXR_231026_1,LPLCXR_231026_1_A7,474,14,1648.5,BR_PXR_231108_1,231024,LPLCXA_231024_1,LPLCXA_231024_1_D1,453,7,257.32,BR_PXA_231120_1,SI-TT-A7_i7,SI-TT-A7_b(i5),SI-NA-D1,6837,2882,0.0015736619243398,Callithrix jacchus,CS20250428_GROUP_0058,LGE,CL:4030052,STRv|D2 MSN,54,He et al. 2021,D2-Shell/OT,,ARHGAP6,#98df8a,,CS20250428_SUBCL_0029,CL:4023029,STR|D2 MSN,32,#253c8c,,CS20250428_CLASS_0003,,CN|LGE|GABA,10,#d0b83c,,CS20250428_NEIGH_0002,,Subpallium|GABA,3,#19613b,,ACCAAACTCATGGTTA,P0009_1,231224,Princeton
AGTCCTTGTGTTAAAC-P0009_1,Subpallium GABA,CN CGE GABA,CN VIP GABA,VIP GABA,Marmoset-324,Marmoset-324,CL:0000003,P0009_1,cjCroissant,10x multiome,EFO:0030059,Marmoset,NCBI:txid9483,Adult,Brain,Brain,unknown,unknown,unknown,unknown,unknown,unknown,normal,PATO:0000461,nucleus,True,231026,LPLCXR_231026_1,LPLCXR_231026_1_A7,474,14,1648.5,BR_PXR_231108_1,231024,LPLCXA_231024_1,LPLCXA_231024_1_D1,453,7,257.32,BR_PXA_231120_1,SI-TT-A7_i7,SI-TT-A7_b(i5),SI-NA-D1,6173,2409,0.0004810186219401,Callithrix jacchus,CS20250428_GROUP_0047,Interneuron,Need to Create a PR,VIP|GABA,37,Krienen et al. 2020,VIP,,VIP,#fc2b80,,CS20250428_SUBCL_0009,,CN|VIP|GABA,24,#1bc06a,,CS20250428_CLASS_0001,,CN|CGE|GABA,8,#26e8bb,,CS20250428_NEIGH_0002,,Subpallium|GABA,3,#19613b,,AGTCCTTGTGTTAAAC,P0009_1,231224,Princeton
ATCCAACAGCACTAAC-P0009_1,Nonneuron,Vascular,Endo,Endo,Marmoset-113,Marmoset-113,CL:0000003,P0009_1,cjCroissant,10x multiome,EFO:0030059,Marmoset,NCBI:txid9483,Adult,Brain,Brain,unknown,unknown,unknown,unknown,unknown,unknown,normal,PATO:0000461,nucleus,True,231026,LPLCXR_231026_1,LPLCXR_231026_1_A7,474,14,1648.5,BR_PXR_231108_1,231024,LPLCXA_231024_1,LPLCXA_231024_1_D1,453,7,257.32,BR_PXA_231120_1,SI-TT-A7_i7,SI-TT-A7_b(i5),SI-NA-D1,5750,2704,0.0012589241378009,Callithrix jacchus,CS20250428_GROUP_0011,Nonneuron,CL:0000115,Endo,14,Yao et al. 2023,,,PECAM1,#361d61,,CS20250428_SUBCL_0011,CL:0000115,Endo,10,#f6390c,,CS20250428_CLASS_0011,CL:0002320,Vascular,4,#cba5ec,,CS20250428_NEIGH_0001,CL:0000000,Nonneuron,1,#f2ca7d,,ATCCAACAGCACTAAC,P0009_1,231224,Princeton
TTCCTTGAGTAGCGGG-P0009_1,Subpallium GABA,CN MGE GABA,STR SST-CHODL GABA,STR SST-CHODL GABA,Marmoset-734,Marmoset-734,CL:0000003,P0009_1,cjCroissant,10x multiome,EFO:0030059,Marmoset,NCBI:txid9483,Adult,Brain,Brain,unknown,unknown,unknown,unknown,unknown,unknown,normal,PATO:0000461,nucleus,True,231026,LPLCXR_231026_1,LPLCXR_231026_1_A7,474,14,1648.5,BR_PXR_231108_1,231024,LPLCXA_231024_1,LPLCXA_231024_1_D1,453,7,257.32,BR_PXA_231120_1,SI-TT-A7_i7,SI-TT-A7_b(i5),SI-NA-D1,5589,2594,0.0003209634451195,Callithrix jacchus,CS20250428_GROUP_0043,Interneuron,Need to create a PR,STR|SST|CHODL|GABA,29,Krienen et al. 2020,Sst Chodl | LTS,,NPY,#708297,,CS20250428_SUBCL_0033,,STR|SST|CHODL|GABA,19,#eea495,,CS20250428_CLASS_0005,,CN|MGE|GABA,7,#ce4c27,,CS20250428_NEIGH_0002,,Subpallium|GABA,3,#19613b,,TTCCTTGAGTAGCGGG,P0009_1,231224,Princeton
GTGCACGGTTAGGATT-P0009_1,Nonneuron,Immune,Microglia,Microglia,Marmoset-715,Marmoset-715,CL:0000003,P0009_1,cjCroissant,10x multiome,EFO:0030059,Marmoset,NCBI:txid9483,Adult,Brain,Brain,unknown,unknown,unknown,unknown,unknown,unknown,normal,PATO:0000461,nucleus,True,231026,LPLCXR_231026_1,LPLCXR_231026_1_A7,474,14,1648.5,BR_PXR_231108_1,231024,LPLCXA_231024_1,LPLCXA_231024_1_D1,453,7,257.32,BR_PXA_231120_1,SI-TT-A7_i7,SI-TT-A7_b(i5),SI-NA-D1,5436,2363,0.0006312840851023,Callithrix jacchus,CS20250428_GROUP_0019,Nonneuron,CL:0000129,Microglia,4,Yao et al. 2023,,,,#cbfc1e,,CS20250428_SUBCL_0019,CL:0000129,Microglia,3,#761646,,CS20250428_CLASS_0008,CL:0000842,Immune,2,#aa6dec,,CS20250428_NEIGH_0001,CL:0000000,Nonneuron,1,#f2ca7d,,GTGCACGGTTAGGATT,P0009_1,231224,Princeton
ATCGCTTGTAGTTAAC-P0009_1,Subpallium GABA,CN MGE GABA,CN LAMP5-LHX6 GABA,LAMP5-LHX6 GABA,Marmoset-363,Marmoset-363,CL:0000003,P0009_1,cjCroissant,10x multiome,EFO:0030059,Marmoset,NCBI:txid9483,Adult,Brain,Brain,unknown,unknown,unknown,unknown,unknown,unknown,normal,PATO:0000461,nucleus,True,231026,LPLCXR_231026_1,LPLCXR_231026_1_A7,474,14,1648.5,BR_PXR_231108_1,231024,LPLCXA_231024_1,LPLCXA_231024_1_D1,453,7,257.32,BR_PXA_231120_1,SI-TT-A7_i7,SI-TT-A7_b(i5),SI-NA-D1,5300,2399,0.0011287964880466,Callithrix jacchus,CS20250428_GROUP_0005,Interneuron,,LAMP5|LHX6|GABA,25,,LAMP5,,"LAMP5, LHX6",#00af88,,CS20250428_SUBCL_0003,,CN|LAMP5|LHX6|GABA,17,#f48d44,,CS20250428_CLASS_0005,,CN|MGE|GABA,7,#ce4c27,,CS20250428_NEIGH_0002,,Subpallium|GABA,3,#19613b,,ATCGCTTGTAGTTAAC,P0009_1,231224,Princeton
TCGTTAGCATAAACCT-P0009_1,Subpallium GABA,CN MGE GABA,CN LAMP5-LHX6 GABA,LAMP5-LHX6 GABA,Marmoset-359,Marmoset-359,CL:0000003,P0009_1,cjCroissant,10x multiome,EFO:0030059,Marmoset,NCBI:txid9483,Adult,Brain,Brain,unknown,unknown,unknown,unknown,unknown,unknown,normal,PATO:0000461,nucleus,True,231026,LPLCXR_231026_1,LPLCXR_231026_1_A7,474,14,1648.5,BR_PXR_231108_1,231024,LPLCXA_231024_1,LPLCXA_231024_1_D1,453,7,257.32,BR_PXA_231120_1,SI-TT-A7_i7,SI-TT-A7_b(i5),SI-NA-D1,4647,2262,0.0005237634759396,Callithrix jacchus,CS20250428_GROUP_0005,Interneuron,,LAMP5|LHX6|GABA,25,,LAMP5,,"LAMP5, LHX6",#00af88,,CS20250428_SUBCL_0003,,CN|LAMP5|LHX6|GABA,17,#f48d44,,CS20250428_CLASS_0005,,CN|MGE|GABA,7,#ce4c27,,CS20250428_NEIGH_0002,,Subpallium|GABA,3,#19613b,,TCGTTAGCATAAACCT,P0009_1,231224,Princeton
TCGACAAGTAATCGGC-P0009_1,Subpallium GABA,CN LGE GABA,STR D2 MSN,STRv D2 MSN,Marmoset-1002,Marmoset-1002,CL:0000003,P0009_1,cjCroissant,10x multiome,EFO:0030059,Marmoset,NCBI:txid9483,Adult,Brain,Brain,unknown,unknown,unknown,unknown,unknown,unknown,normal,PATO:0000461,nucleus,True,231026,LPLCXR_231026_1,LPLCXR_231026_1_A7,474,14,1648.5,BR_PXR_231108_1,231024,LPLCXA_231024_1,LPLCXA_231024_1_D1,453,7,257.32,BR_PXA_231120_1,SI-TT-A7_i7,SI-TT-A7_b(i5),SI-NA-D1,3398,1977,0.0641510486602783,Callithrix jacchus,CS20250428_GROUP_0058,LGE,CL:4030052,STRv|D2 MSN,54,He et al. 2021,D2-Shell/OT,,ARHGAP6,#98df8a,,CS20250428_SUBCL_0029,CL:4023029,STR|D2 MSN,32,#253c8c,,CS20250428_CLASS_0003,,CN|LGE|GABA,10,#d0b83c,,CS20250428_NEIGH_0002,,Subpallium|GABA,3,#19613b,,TCGACAAGTAATCGGC,P0009_1,231224,Princeton
TACAGCTAGCAGGCCT-P0009_1,Nonneuron,Astro-Epen,Astrocyte,Astrocyte,Marmoset-524,Marmoset-524,CL:0000003,P0009_1,cjCroissant,10x multiome,EFO:0030059,Marmoset,NCBI:txid9483,Adult,Brain,Brain,unknown,unknown,unknown,unknown,unknown,unknown,normal,PATO:0000461,nucleus,True,231026,LPLCXR_231026_1,LPLCXR_231026_1_A7,474,14,1648.5,BR_PXR_231108_1,231024,LPLCXA_231024_1,LPLCXA_231024_1_D1,453,7,257.32,BR_PXA_231120_1,SI-TT-A7_i7,SI-TT-A7_b(i5),SI-NA-D1,3380,1587,0.0007362229516729,Callithrix jacchus,CS20250428_GROUP_0039,Nonneuron,CL:0000127,Astrocyte,1,Yao et al. 2023,,,,#e16c95,,CS20250428_SUBCL_0000,CL:0000127,Astrocyte,1,#604f15,,CS20250428_CLASS_0000,CL:0000125,Astro|Epen,1,#6ec0da,,CS20250428_NEIGH_0001,CL:0000000,Nonneuron,1,#f2ca7d,,TACAGCTAGCAGGCCT,P0009_1,231224,Princeton
GTTGGCGGTCGTTACT-P0009_1,Subpallium GABA,CN MGE GABA,CN LAMP5-LHX6 GABA,LAMP5-LHX6 GABA,Marmoset-364,Marmoset-364,CL:0000003,P0009_1,cjCroissant,10x multiome,EFO:0030059,Marmoset,NCBI:txid9483,Adult,Brain,Brain,unknown,unknown,unknown,unknown,unknown,unknown,normal,PATO:0000461,nucleus,True,231026,LPLCXR_231026_1,LPLCXR_231026_1_A7,474,14,1648.5,BR_PXR_231108_1,231024,LPLCXA_231024_1,LPLCXA_231024_1_D1,453,7,257.32,BR_PXA_231120_1,SI-TT-A7_i7,SI-TT-A7_b(i5),SI-NA-D1,3364,2071,0.236922428011894,Callithrix jacchus,CS20250428_GROUP_0005,Interneuron,,LAMP5|LHX6|GABA,25,,LAMP5,,"LAMP5, LHX6",#00af88,,CS20250428_SUBCL_0003,,CN|LAMP5|LHX6|GABA,17,#f48d44,,CS20250428_CLASS_0005,,CN|MGE|GABA,7,#ce4c27,,CS20250428_NEIGH_0002,,Subpallium|GABA,3,#19613b,,GTTGGCGGTCGTTACT,P0009_1,231224,Princeton
TAACAAGCAGGTTAAA-P0009_1,Subpallium GABA,CN MGE GABA,STR RSPO2 GABA,STR LYPD6-RSPO2 GABA,Marmoset-949,Marmoset-949,CL:0000003,P0009_1,cjCroissant,10x multiome,EFO:0030059,Marmoset,NCBI:txid9483,Adult,Brain,Brain,unknown,unknown,unknown,unknown,unknown,unknown,normal,PATO:0000461,nucleus,True,231026,LPLCXR_231026_1,LPLCXR_231026_1_A7,474,14,1648.5,BR_PXR_231108_1,231024,LPLCXA_231024_1,LPLCXA_231024_1_D1,453,7,257.32,BR_PXA_231120_1,SI-TT-A7_i7,SI-TT-A7_b(i5),SI-NA-D1,3344,1976,0.0001968416327144,Callithrix jacchus,CS20250428_GROUP_0041,Interneuron,,STR|LYPD6|RSPO2|GABA,32,,,,,#a9f266,,CS20250428_SUBCL_0031,,STR|RSPO2|GABA,21,#5b0e63,,CS20250428_CLASS_0005,,CN|MGE|GABA,7,#ce4c27,,CS20250428_NEIGH_0002,,Subpallium|GABA,3,#19613b,,TAACAAGCAGGTTAAA,P0009_1,231224,Princeton
GTTCTTAGTCCTTTAA-P0009_1,Nonneuron,Vascular,VLMC,VLMC,Marmoset-703,Marmoset-703,CL:0000003,P0009_1,cjCroissant,10x multiome,EFO:0030059,Marmoset,NCBI:txid9483,Adult,Brain,Brain,unknown,unknown,unknown,unknown,unknown,unknown,normal,PATO:0000461,nucleus,True,231026,LPLCXR_231026_1,LPLCXR_231026_1_A7,474,14,1648.5,BR_PXR_231108_1,231024,LPLCXA_231024_1,LPLCXA_231024_1_D1,453,7,257.32,BR_PXA_231120_1,SI-TT-A7_i7,SI-TT-A7_b(i5),SI-NA-D1,3212,1787,0.0091711692512035,Callithrix jacchus,CS20250428_GROUP_0062,Nonneuron,CL:4023051,VLMC,17,Yao et al. 2023,,,"PDGFRA, DCN",#c3ec86,,CS20250428_SUBCL_0035,CL:4023051,VLMC,13,#226a65,,CS20250428_CLASS_0011,CL:0000192,Vascular,4,#cba5ec,,CS20250428_NEIGH_0001,CL:0000000,Nonneuron,1,#f2ca7d,,GTTCTTAGTCCTTTAA,P0009_1,231224,Princeton
TCTTGTCCATTAGCCA-P0009_1,Nonneuron,Immune,Microglia,Microglia,Marmoset-716,Marmoset-716,CL:0000003,P0009_1,cjCroissant,10x multiome,EFO:0030059,Marmoset,NCBI:txid9483,Adult,Brain,Brain,unknown,unknown,unknown,unknown,unknown,unknown,normal,PATO:0000461,nucleus,True,231026,LPLCXR_231026_1,LPLCXR_231026_1_A7,474,14,1648.5,BR_PXR_231108_1,231024,LPLCXA_231024_1,LPLCXA_231024_1_D1,453,7,257.32,BR_PXA_231120_1,SI-TT-A7_i7,SI-TT-A7_b(i5),SI-NA-D1,3174,1596,0.0007662347052246,Callithrix jacchus,CS20250428_GROUP_0019,Nonneuron,CL:0000129,Microglia,4,Yao et al. 2023,,,,#cbfc1e,,CS20250428_SUBCL_0019,CL:0000129,Microglia,3,#761646,,CS20250428_CLASS_0008,CL:0000842,Immune,2,#aa6dec,,CS20250428_NEIGH_0001,CL:0000000,Nonneuron,1,#f2ca7d,,TCTTGTCCATTAGCCA,P0009_1,231224,Princeton
TGATCCTGTAGCAGCT-P0009_1,Nonneuron,Vascular,Pericyte,Pericyte,Marmoset-704,Marmoset-704,CL:0000003,P0009_1,cjCroissant,10x multiome,EFO:0030059,Marmoset,NCBI:txid9483,Adult,Brain,Brain,unknown,unknown,unknown,unknown,unknown,unknown,normal,PATO:0000461,nucleus,True,231026,LPLCXR_231026_1,LPLCXR_231026_1_A7,474,14,1648.5,BR_PXR_231108_1,231024,LPLCXA_231024_1,LPLCXA_231024_1_D1,453,7,257.32,BR_PXA_231120_1,SI-TT-A7_i7,SI-TT-A7_b(i5),SI-NA-D1,2882,1491,0.000878844759427,Callithrix jacchus,CS20250428_GROUP_0027,Nonneuron,CL:0000669,Pericyte,15,Yao et al. 2023,,,PDGFRB,#5713c3,,CS20250428_SUBCL_0023,CL:0000669,Pericyte,11,#51cd80,,CS20250428_CLASS_0011,CL:0002320,Vascular,4,#cba5ec,,CS20250428_NEIGH_0001,CL:0000000,Nonneuron,1,#f2ca7d,,TGATCCTGTAGCAGCT,P0009_1,231224,Princeton
CGAGGAAGTGTGTGGT-P0009_1,Subpallium GABA,CN LGE GABA,STR D1 MSN,STRv D1 MSN,Marmoset-129,Marmoset-129,CL:0000003,P0009_1,cjCroissant,10x multiome,EFO:0030059,Marmoset,NCBI:txid9483,Adult,Brain,Brain,unknown,unknown,unknown,unknown,unknown,unknown,normal,PATO:0000461,nucleus,True,231026,LPLCXR_231026_1,LPLCXR_231026_1_A7,474,14,1648.5,BR_PXR_231108_1,231024,LPLCXA_231024_1,LPLCXA_231024_1_D1,453,7,257.32,BR_PXA_231120_1,SI-TT-A7_i7,SI-TT-A7_b(i5),SI-NA-D1,2842,1774,0.0015027555637061,Callithrix jacchus,CS20250428_GROUP_0056,LGE,CL:4030051,STRv|D1 MSN,51,He et al. 2021,D1-Shell/OT,,ARHGAP6,#339933,,CS20250428_SUBCL_0028,CL:4023026,STR|D1 MSN,31,#1655f2,,CS20250428_CLASS_0003,,CN|LGE|GABA,10,#d0b83c,,CS20250428_NEIGH_0002,,Subpallium|GABA,3,#19613b,,CGAGGAAGTGTGTGGT,P0009_1,231224,Princeton
TAGCCTCTCGATTTAG-P0009_1,Nonneuron,Vascular,Endo,Endo,Marmoset-705,Marmoset-705,CL:0000003,P0009_1,cjCroissant,10x multiome,EFO:0030059,Marmoset,NCBI:txid9483,Adult,Brain,Brain,unknown,unknown,unknown,unknown,unknown,unknown,normal,PATO:0000461,nucleus,True,231026,LPLCXR_231026_1,LPLCXR_231026_1_A7,474,14,1648.5,BR_PXR_231108_1,231024,LPLCXA_231024_1,LPLCXA_231024_1_D1,453,7,257.32,BR_PXA_231120_1,SI-TT-A7_i7,SI-TT-A7_b(i5),SI-NA-D1,2764,1608,0.0005458806408569,Callithrix jacchus,CS20250428_GROUP_0011,Nonneuron,CL:0000115,Endo,14,Yao et al. 2023,,,PECAM1,#361d61,,CS20250428_SUBCL_0011,CL:0000115,Endo,10,#f6390c,,CS20250428_CLASS_0011,CL:0002320,Vascular,4,#cba5ec,,CS20250428_NEIGH_0001,CL:0000000,Nonneuron,1,#f2ca7d,,TAGCCTCTCGATTTAG,P0009_1,231224,Princeton
CCACAATAGCGAAGTA-P0009_1,Subpallium GABA,CN CGE GABA,CN LAMP5-CXCL14 GABA,LAMP5-CXCL14 GABA,Marmoset-432,Marmoset-432,CL:0000003,P0009_1,cjCroissant,10x multiome,EFO:0030059,Marmoset,NCBI:txid9483,Adult,Brain,Brain,unknown,unknown,unknown,unknown,unknown,unknown,normal,PATO:0000461,nucleus,True,231026,LPLCXR_231026_1,LPLCXR_231026_1_A7,474,14,1648.5,BR_PXR_231108_1,231024,LPLCXA_231024_1,LPLCXA_231024_1_D1,453,7,257.32,BR_PXA_231120_1,SI-TT-A7_i7,SI-TT-A7_b(i5),SI-NA-D1,2572,1600,0.0004174028872512,Callithrix jacchus,CS20250428_GROUP_0004,Interneuron,,LAMP5|CXCL14|GABA,36,,LAMP5,,"LAMP5, CXCL14",#f6b5d1,,CS20250428_SUBCL_0002,,CN|LAMP5|CXCL14|GABA,23,#e5b672,,CS20250428_CLASS_0001,,CN|CGE|GABA,8,#26e8bb,,CS20250428_NEIGH_0002,,Subpallium|GABA,3,#19613b,,CCACAATAGCGAAGTA,P0009_1,231224,Princeton
ATGTTGTCAAGGCCAA-P0009_1,Nonneuron,Vascular,SMC,SMC,Marmoset-706,Marmoset-706,CL:0000003,P0009_1,cjCroissant,10x multiome,EFO:0030059,Marmoset,NCBI:txid9483,Adult,Brain,Brain,unknown,unknown,unknown,unknown,unknown,unknown,normal,PATO:0000461,nucleus,True,231026,LPLCXR_231026_1,LPLCXR_231026_1_A7,474,14,1648.5,BR_PXR_231108_1,231024,LPLCXA_231024_1,LPLCXA_231024_1_D1,453,7,257.32,BR_PXA_231120_1,SI-TT-A7_i7,SI-TT-A7_b(i5),SI-NA-D1,2322,1423,0.0007996468921191,Callithrix jacchus,CS20250428_GROUP_0028,Nonneuron,CL:0000192,SMC,16,Yao et al. 2023,,,ACTA2,#177242,,CS20250428_SUBCL_0024,CL:0000192,SMC,12,#ab0c8d,,CS20250428_CLASS_0011,CL:0000192,Vascular,4,#cba5ec,,CS20250428_NEIGH_0001,CL:0000000,Nonneuron,1,#f2ca7d,,ATGTTGTCAAGGCCAA,P0009_1,231224,Princeton
TGCTCAACACTGACTA-P0009_1,Nonneuron,Astro-Epen,Astrocyte,Astrocyte,Marmoset-525,Marmoset-525,CL:0000003,P0009_1,cjCroissant,10x multiome,EFO:0030059,Marmoset,NCBI:txid9483,Adult,Brain,Brain,unknown,unknown,unknown,unknown,unknown,unknown,normal,PATO:0000461,nucleus,True,231026,LPLCXR_231026_1,LPLCXR_231026_1_A7,474,14,1648.5,BR_PXR_231108_1,231024,LPLCXA_231024_1,LPLCXA_231024_1_D1,453,7,257.32,BR_PXA_231120_1,SI-TT-A7_i7,SI-TT-A7_b(i5),SI-NA-D1,2321,1397,0.0006520317983813,Callithrix jacchus,CS20250428_GROUP_0039,Nonneuron,CL:0000127,Astrocyte,1,Yao et al. 2023,,,,#e16c95,,CS20250428_SUBCL_0000,CL:0000127,Astrocyte,1,#604f15,,CS20250428_CLASS_0000,CL:0000125,Astro|Epen,1,#6ec0da,,CS20250428_NEIGH_0001,CL:0000000,Nonneuron,1,#f2ca7d,,TGCTCAACACTGACTA,P0009_1,231224,Princeton
GAGGTGAGTCGACTCC-P0009_1,Nonneuron,Vascular,VLMC,VLMC,Marmoset-114,Marmoset-114,CL:0000003,P0009_1,cjCroissant,10x multiome,EFO:0030059,Marmoset,NCBI:txid9483,Adult,Brain,Brain,unknown,unknown,unknown,unknown,unknown,unknown,normal,PATO:0000461,nucleus,True,231026,LPLCXR_231026_1,LPLCXR_231026_1_A7,474,14,1648.5,BR_PXR_231108_1,231024,LPLCXA_231024_1,LPLCXA_231024_1_D1,453,7,257.32,BR_PXA_231120_1,SI-TT-A7_i7,SI-TT-A7_b(i5),SI-NA-D1,2259,1517,0.0008530578925274,Callithrix jacchus,CS20250428_GROUP_0062,Nonneuron,CL:4023051,VLMC,17,Yao et al. 2023,,,"PDGFRA, DCN",#c3ec86,,CS20250428_SUBCL_0035,CL:4023051,VLMC,13,#226a65,,CS20250428_CLASS_0011,CL:0000192,Vascular,4,#cba5ec,,CS20250428_NEIGH_0001,CL:0000000,Nonneuron,1,#f2ca7d,,GAGGTGAGTCGACTCC,P0009_1,231224,Princeton
ACGTACCCACCTAATG-P0009_2,Subpallium GABA,CN MGE GABA,STR RSPO2 GABA,STR LYPD6-RSPO2 GABA,Marmoset-945,Marmoset-945,CL:0000003,P0009_2,cjCroissant,10x multiome,EFO:0030059,Marmoset,NCBI:txid9483,Adult,Brain,Brain,unknown,unknown,unknown,unknown,unknown,unknown,normal,PATO:0000461,nucleus,True,231026,LPLCXR_231026_1,LPLCXR_231026_1_B7,480,14,1302,BR_PXR_231108_1,231024,LPLCXA_231024_1,LPLCXA_231024_1_E1,435,7,337.0,BR_PXA_231120_1,SI-TT-B7_i7,SI-TT-B7_b(i5),SI-NA-E1,83623,9293,0.173656016588211,Callithrix jacchus,CS20250428_GROUP_0041,Interneuron,,STR|LYPD6|RSPO2|GABA,32,,,,,#a9f266,,CS20250428_SUBCL_0031,,STR|RSPO2|GABA,21,#5b0e63,,CS20250428_CLASS_0005,,CN|MGE|GABA,7,#ce4c27,,CS20250428_NEIGH_0002,,Subpallium|GABA,3,#19613b,,ACGTACCCACCTAATG,P0009_2,231224,Princeton
GTTTACCGTGAATCGC-P0009_2,Subpallium GABA,CN LGE GABA,STR D1 MSN,STRv D1 MSN,Marmoset-1222,Marmoset-1222,CL:0000003,P0009_2,cjCroissant,10x multiome,EFO:0030059,Marmoset,NCBI:txid9483,Adult,Brain,Brain,unknown,unknown,unknown,unknown,unknown,unknown,normal,PATO:0000461,nucleus,True,231026,LPLCXR_231026_1,LPLCXR_231026_1_B7,480,14,1302,BR_PXR_231108_1,231024,LPLCXA_231024_1,LPLCXA_231024_1_E1,435,7,337.0,BR_PXA_231120_1,SI-TT-B7_i7,SI-TT-B7_b(i5),SI-NA-E1,38231,6147,0.0006389666814357,Callithrix jacchus,CS20250428_GROUP_0056,LGE,CL:4030051,STRv|D1 MSN,51,He et al. 2021,D1-Shell/OT,,ARHGAP6,#339933,,CS20250428_SUBCL_0028,CL:4023026,STR|D1 MSN,31,#1655f2,,CS20250428_CLASS_0003,,CN|LGE|GABA,10,#d0b83c,,CS20250428_NEIGH_0002,,Subpallium|GABA,3,#19613b,,GTTTACCGTGAATCGC,P0009_2,231224,Princeton
TTGCAACAGTTAGCTA-P0009_2,Subpallium GABA,CN MGE GABA,STR RSPO2 GABA,STR SST-RSPO2 GABA,Marmoset-950,Marmoset-950,CL:0000003,P0009_2,cjCroissant,10x multiome,EFO:0030059,Marmoset,NCBI:txid9483,Adult,Brain,Brain,unknown,unknown,unknown,unknown,unknown,unknown,normal,PATO:0000461,nucleus,True,231026,LPLCXR_231026_1,LPLCXR_231026_1_B7,480,14,1302,BR_PXR_231108_1,231024,LPLCXA_231024_1,LPLCXA_231024_1_E1,435,7,337.0,BR_PXA_231120_1,SI-TT-B7_i7,SI-TT-B7_b(i5),SI-NA-E1,36451,5982,0.0012717145727947,Callithrix jacchus,CS20250428_GROUP_0044,Interneuron,,STR|SST|RSPO2|GABA,31,,,,,#7f7f7f,,CS20250428_SUBCL_0031,,STR|RSPO2|GABA,21,#5b0e63,,CS20250428_CLASS_0005,,CN|MGE|GABA,7,#ce4c27,,CS20250428_NEIGH_0002,,Subpallium|GABA,3,#19613b,,TTGCAACAGTTAGCTA,P0009_2,231224,Princeton
ATCCGTGAGCATTTCT-P0009_2,Nonneuron,OPC-Oligo,Oligodendrocyte,ImOligo,Marmoset-97,Marmoset-97,CL:0000003,P0009_2,cjCroissant,10x multiome,EFO:0030059,Marmoset,NCBI:txid9483,Adult,Brain,Brain,unknown,unknown,unknown,unknown,unknown,unknown,normal,PATO:0000461,nucleus,True,231026,LPLCXR_231026_1,LPLCXR_231026_1_B7,480,14,1302,BR_PXR_231108_1,231024,LPLCXA_231024_1,LPLCXA_231024_1_E1,435,7,337.0,BR_PXA_231120_1,SI-TT-B7_i7,SI-TT-B7_b(i5),SI-NA-E1,34781,6974,0.345099151134491,Callithrix jacchus,CS20250428_GROUP_0018,Nonneuron,CL:4042031,ImOligo,11,Jäkel et al. 2019,,,,#711c24,,CS20250428_SUBCL_0022,CL:0000128,Oligodendrocyte,7,#def476,,CS20250428_CLASS_0010,CL:0000095,OPC|Oligo,3,#8605d4,,CS20250428_NEIGH_0001,CL:0000000,Nonneuron,1,#f2ca7d,,ATCCGTGAGCATTTCT,P0009_2,231224,Princeton
CTAATCGCAATATACC-P0009_2,Subpallium GABA,CN MGE GABA,STR RSPO2 GABA,STR SST-RSPO2 GABA,Marmoset-928,Marmoset-928,CL:0000003,P0009_2,cjCroissant,10x multiome,EFO:0030059,Marmoset,NCBI:txid9483,Adult,Brain,Brain,unknown,unknown,unknown,unknown,unknown,unknown,normal,PATO:0000461,nucleus,True,231026,LPLCXR_231026_1,LPLCXR_231026_1_B7,480,14,1302,BR_PXR_231108_1,231024,LPLCXA_231024_1,LPLCXA_231024_1_E1,435,7,337.0,BR_PXA_231120_1,SI-TT-B7_i7,SI-TT-B7_b(i5),SI-NA-E1,29236,6063,0.0002691645931918,Callithrix jacchus,CS20250428_GROUP_0044,Interneuron,,STR|SST|RSPO2|GABA,31,,,,,#7f7f7f,,CS20250428_SUBCL_0031,,STR|RSPO2|GABA,21,#5b0e63,,CS20250428_CLASS_0005,,CN|MGE|GABA,7,#ce4c27,,CS20250428_NEIGH_0002,,Subpallium|GABA,3,#19613b,,CTAATCGCAATATACC,P0009_2,231224,Princeton
ACCTCACTCCATTACT-P0009_2,Subpallium GABA,F M GABA,CN LHX8 GABA,GPe-NDB-SI LHX6-LHX8-GBX1 GABA,Marmoset-780,Marmoset-780,CL:0000003,P0009_2,cjCroissant,10x multiome,EFO:0030059,Marmoset,NCBI:txid9483,Adult,Brain,Brain,unknown,unknown,unknown,unknown,unknown,unknown,normal,PATO:0000461,nucleus,True,231026,LPLCXR_231026_1,LPLCXR_231026_1_B7,480,14,1302,BR_PXR_231108_1,231024,LPLCXA_231024_1,LPLCXA_231024_1_E1,435,7,337.0,BR_PXA_231120_1,SI-TT-B7_i7,SI-TT-B7_b(i5),SI-NA-E1,26334,5936,0.000482641509734,Callithrix jacchus,CS20250428_GROUP_0020,Interneuron,,GPe|NDB|SI|LHX6|LHX8|GBX1|GABA,39,,,,,#653614,,CS20250428_SUBCL_0005,,CN|LHX8|GABA,25,#caf28b,,CS20250428_CLASS_0006,,F|M|GABA,9,#cd0f13,,CS20250428_NEIGH_0002,,Subpallium|GABA,3,#19613b,,ACCTCACTCCATTACT,P0009_2,231224,Princeton
TTTCACCCATGAGTTT-P0009_2,Subpallium GABA,CN LGE GABA,STR D1 MSN,STRv D1 MSN,Marmoset-92,Marmoset-92,CL:0000003,P0009_2,cjCroissant,10x multiome,EFO:0030059,Marmoset,NCBI:txid9483,Adult,Brain,Brain,unknown,unknown,unknown,unknown,unknown,unknown,normal,PATO:0000461,nucleus,True,231026,LPLCXR_231026_1,LPLCXR_231026_1_B7,480,14,1302,BR_PXR_231108_1,231024,LPLCXA_231024_1,LPLCXA_231024_1_E1,435,7,337.0,BR_PXA_231120_1,SI-TT-B7_i7,SI-TT-B7_b(i5),SI-NA-E1,24192,5693,0.161537796258926,Callithrix jacchus,CS20250428_GROUP_0056,LGE,CL:4030051,STRv|D1 MSN,51,He et al. 2021,D1-Shell/OT,,ARHGAP6,#339933,,CS20250428_SUBCL_0028,CL:4023026,STR|D1 MSN,31,#1655f2,,CS20250428_CLASS_0003,,CN|LGE|GABA,10,#d0b83c,,CS20250428_NEIGH_0002,,Subpallium|GABA,3,#19613b,,TTTCACCCATGAGTTT,P0009_2,231224,Princeton
AGCTTTAAGCCTTAAA-P0009_2,Glut Sero Dopa,F M Glut,F Glut,BF SKOR1 Glut,Marmoset-825,Marmoset-825,CL:0000003,P0009_2,cjCroissant,10x multiome,EFO:0030059,Marmoset,NCBI:txid9483,Adult,Brain,Brain,unknown,unknown,unknown,unknown,unknown,unknown,normal,PATO:0000461,nucleus,True,231026,LPLCXR_231026_1,LPLCXR_231026_1_B7,480,14,1302,BR_PXR_231108_1,231024,LPLCXA_231024_1,LPLCXA_231024_1_E1,435,7,337.0,BR_PXA_231120_1,SI-TT-B7_i7,SI-TT-B7_b(i5),SI-NA-E1,22492,5650,0.0005952476058155,Callithrix jacchus,CS20250428_GROUP_0008,Interneuron,,BF|SKOR1|Glut,19,,,,,#eb0077,,CS20250428_SUBCL_0013,PR 2771,F|Glut,14,#39e1e2,,CS20250428_CLASS_0007,,F|M|Glut,5,#7d0f09,,CS20250428_NEIGH_0000,PR 2579,Glut|Sero|Dopa,2,#91f4bb,,AGCTTTAAGCCTTAAA,P0009_2,231224,Princeton
ACATCATCAGTTTCTC-P0009_2,Nonneuron,Immune,Microglia,Microglia,Marmoset-717,Marmoset-717,CL:0000003,P0009_2,cjCroissant,10x multiome,EFO:0030059,Marmoset,NCBI:txid9483,Adult,Brain,Brain,unknown,unknown,unknown,unknown,unknown,unknown,normal,PATO:0000461,nucleus,True,231026,LPLCXR_231026_1,LPLCXR_231026_1_B7,480,14,1302,BR_PXR_231108_1,231024,LPLCXA_231024_1,LPLCXA_231024_1_E1,435,7,337.0,BR_PXA_231120_1,SI-TT-B7_i7,SI-TT-B7_b(i5),SI-NA-E1,22152,5292,0.0015240547945722,Callithrix jacchus,CS20250428_GROUP_0019,Nonneuron,CL:0000129,Microglia,4,Yao et al. 2023,,,,#cbfc1e,,CS20250428_SUBCL_0019,CL:0000129,Microglia,3,#761646,,CS20250428_CLASS_0008,CL:0000842,Immune,2,#aa6dec,,CS20250428_NEIGH_0001,CL:0000000,Nonneuron,1,#f2ca7d,,ACATCATCAGTTTCTC,P0009_2,231224,Princeton
TCCATGCTCCTACCTA-P0009_2,Subpallium GABA,CN CGE GABA,CN VIP GABA,VIP GABA,Marmoset-303,Marmoset-303,CL:0000003,P0009_2,cjCroissant,10x multiome,EFO:0030059,Marmoset,NCBI:txid9483,Adult,Brain,Brain,unknown,unknown,unknown,unknown,unknown,unknown,normal,PATO:0000461,nucleus,True,231026,LPLCXR_231026_1,LPLCXR_231026_1_B7,480,14,1302,BR_PXR_231108_1,231024,LPLCXA_231024_1,LPLCXA_231024_1_E1,435,7,337.0,BR_PXA_231120_1,SI-TT-B7_i7,SI-TT-B7_b(i5),SI-NA-E1,19459,5147,0.0001154997371486,Callithrix jacchus,CS20250428_GROUP_0047,Interneuron,Need to Create a PR,VIP|GABA,37,Krienen et al. 2020,VIP,,VIP,#fc2b80,,CS20250428_SUBCL_0009,,CN|VIP|GABA,24,#1bc06a,,CS20250428_CLASS_0001,,CN|CGE|GABA,8,#26e8bb,,CS20250428_NEIGH_0002,,Subpallium|GABA,3,#19613b,,TCCATGCTCCTACCTA,P0009_2,231224,Princeton
CAGGTTAGTACAAAGA-P0009_2,Subpallium GABA,CN LGE GABA,STR D2 MSN,STRv D2 MSN,Marmoset-1008,Marmoset-1008,CL:0000003,P0009_2,cjCroissant,10x multiome,EFO:0030059,Marmoset,NCBI:txid9483,Adult,Brain,Brain,unknown,unknown,unknown,unknown,unknown,unknown,normal,PATO:0000461,nucleus,True,231026,LPLCXR_231026_1,LPLCXR_231026_1_B7,480,14,1302,BR_PXR_231108_1,231024,LPLCXA_231024_1,LPLCXA_231024_1_E1,435,7,337.0,BR_PXA_231120_1,SI-TT-B7_i7,SI-TT-B7_b(i5),SI-NA-E1,18247,4870,0.0001841111516114,Callithrix jacchus,CS20250428_GROUP_0058,LGE,CL:4030052,STRv|D2 MSN,54,He et al. 2021,D2-Shell/OT,,ARHGAP6,#98df8a,,CS20250428_SUBCL_0029,CL:4023029,STR|D2 MSN,32,#253c8c,,CS20250428_CLASS_0003,,CN|LGE|GABA,10,#d0b83c,,CS20250428_NEIGH_0002,,Subpallium|GABA,3,#19613b,,CAGGTTAGTACAAAGA,P0009_2,231224,Princeton
GAGGTAGGTCAAGACC-P0009_2,Subpallium GABA,CN MGE GABA,CN LAMP5-LHX6 GABA,LAMP5-LHX6 GABA,Marmoset-366,Marmoset-366,CL:0000003,P0009_2,cjCroissant,10x multiome,EFO:0030059,Marmoset,NCBI:txid9483,Adult,Brain,Brain,unknown,unknown,unknown,unknown,unknown,unknown,normal,PATO:0000461,nucleus,True,231026,LPLCXR_231026_1,LPLCXR_231026_1_B7,480,14,1302,BR_PXR_231108_1,231024,LPLCXA_231024_1,LPLCXA_231024_1_E1,435,7,337.0,BR_PXA_231120_1,SI-TT-B7_i7,SI-TT-B7_b(i5),SI-NA-E1,16169,4657,7.85162483225577e-05,Callithrix jacchus,CS20250428_GROUP_0005,Interneuron,,LAMP5|LHX6|GABA,25,,LAMP5,,"LAMP5, LHX6",#00af88,,CS20250428_SUBCL_0003,,CN|LAMP5|LHX6|GABA,17,#f48d44,,CS20250428_CLASS_0005,,CN|MGE|GABA,7,#ce4c27,,CS20250428_NEIGH_0002,,Subpallium|GABA,3,#19613b,,GAGGTAGGTCAAGACC,P0009_2,231224,Princeton
AAGTGTTGTAGACAAA-P0009_2,Subpallium GABA,CN LGE GABA,STR D2 MSN,STRd D2 Matrix MSN,Marmoset-62,Marmoset-62,CL:0000003,P0009_2,cjCroissant,10x multiome,EFO:0030059,Marmoset,NCBI:txid9483,Adult,Brain,Brain,unknown,unknown,unknown,unknown,unknown,unknown,normal,PATO:0000461,nucleus,True,231026,LPLCXR_231026_1,LPLCXR_231026_1_B7,480,14,1302,BR_PXR_231108_1,231024,LPLCXA_231024_1,LPLCXA_231024_1_E1,435,7,337.0,BR_PXA_231120_1,SI-TT-B7_i7,SI-TT-B7_b(i5),SI-NA-E1,14920,4511,0.0628886595368385,Callithrix jacchus,CS20250428_GROUP_0052,LGE,CL:4030047,STRd|D2 Matrix MSN,53,He et al. 2021,D2-Matrix,,STXBP6,#aec7e8,,CS20250428_SUBCL_0029,CL:4023029,STR|D2 MSN,32,#253c8c,,CS20250428_CLASS_0003,,CN|LGE|GABA,10,#d0b83c,,CS20250428_NEIGH_0002,,Subpallium|GABA,3,#19613b,,AAGTGTTGTAGACAAA,P0009_2,231224,Princeton
CTTAGTTTCGCAGGCT-P0009_2,Nonneuron,Vascular,Pericyte,Pericyte,Marmoset-688,Marmoset-688,CL:0000003,P0009_2,cjCroissant,10x multiome,EFO:0030059,Marmoset,NCBI:txid9483,Adult,Brain,Brain,unknown,unknown,unknown,unknown,unknown,unknown,normal,PATO:0000461,nucleus,True,231026,LPLCXR_231026_1,LPLCXR_231026_1_B7,480,14,1302,BR_PXR_231108_1,231024,LPLCXA_231024_1,LPLCXA_231024_1_E1,435,7,337.0,BR_PXA_231120_1,SI-TT-B7_i7,SI-TT-B7_b(i5),SI-NA-E1,4983,2409,0.0008983817533589,Callithrix jacchus,CS20250428_GROUP_0027,Nonneuron,CL:0000669,Pericyte,15,Yao et al. 2023,,,PDGFRB,#5713c3,,CS20250428_SUBCL_0023,CL:0000669,Pericyte,11,#51cd80,,CS20250428_CLASS_0011,CL:0002320,Vascular,4,#cba5ec,,CS20250428_NEIGH_0001,CL:0000000,Nonneuron,1,#f2ca7d,,CTTAGTTTCGCAGGCT,P0009_2,231224,Princeton
ACCAGCTCATCACTTC-P0009_2,Nonneuron,Astro-Epen,Astrocyte,Astrocyte,Marmoset-522,Marmoset-522,CL:0000003,P0009_2,cjCroissant,10x multiome,EFO:0030059,Marmoset,NCBI:txid9483,Adult,Brain,Brain,unknown,unknown,unknown,unknown,unknown,unknown,normal,PATO:0000461,nucleus,True,231026,LPLCXR_231026_1,LPLCXR_231026_1_B7,480,14,1302,BR_PXR_231108_1,231024,LPLCXA_231024_1,LPLCXA_231024_1_E1,435,7,337.0,BR_PXA_231120_1,SI-TT-B7_i7,SI-TT-B7_b(i5),SI-NA-E1,4813,2421,0.599031031131744,Callithrix jacchus,CS20250428_GROUP_0039,Nonneuron,CL:0000127,Astrocyte,1,Yao et al. 2023,,,,#e16c95,,CS20250428_SUBCL_0000,CL:0000127,Astrocyte,1,#604f15,,CS20250428_CLASS_0000,CL:0000125,Astro|Epen,1,#6ec0da,,CS20250428_NEIGH_0001,CL:0000000,Nonneuron,1,#f2ca7d,,ACCAGCTCATCACTTC,P0009_2,231224,Princeton
GATGGACAGGAGTCTT-P0009_2,Subpallium GABA,CN MGE GABA,STR RSPO2 GABA,STR SST-RSPO2 GABA,Marmoset-952,Marmoset-952,CL:0000003,P0009_2,cjCroissant,10x multiome,EFO:0030059,Marmoset,NCBI:txid9483,Adult,Brain,Brain,unknown,unknown,unknown,unknown,unknown,unknown,normal,PATO:0000461,nucleus,True,231026,LPLCXR_231026_1,LPLCXR_231026_1_B7,480,14,1302,BR_PXR_231108_1,231024,LPLCXA_231024_1,LPLCXA_231024_1_E1,435,7,337.0,BR_PXA_231120_1,SI-TT-B7_i7,SI-TT-B7_b(i5),SI-NA-E1,2894,1390,0.0008529688930138,Callithrix jacchus,CS20250428_GROUP_0044,Interneuron,,STR|SST|RSPO2|GABA,31,,,,,#7f7f7f,,CS20250428_SUBCL_0031,,STR|RSPO2|GABA,21,#5b0e63,,CS20250428_CLASS_0005,,CN|MGE|GABA,7,#ce4c27,,CS20250428_NEIGH_0002,,Subpallium|GABA,3,#19613b,,GATGGACAGGAGTCTT,P0009_2,231224,Princeton
CGTTAGGTCAAGGACA-P0009_2,Nonneuron,Immune,Macrophage,BAM,Marmoset-992,Marmoset-992,CL:0000003,P0009_2,cjCroissant,10x multiome,EFO:0030059,Marmoset,NCBI:txid9483,Adult,Brain,Brain,unknown,unknown,unknown,unknown,unknown,unknown,normal,PATO:0000461,nucleus,True,231026,LPLCXR_231026_1,LPLCXR_231026_1_B7,480,14,1302,BR_PXR_231108_1,231024,LPLCXA_231024_1,LPLCXA_231024_1_E1,435,7,337.0,BR_PXA_231120_1,SI-TT-B7_i7,SI-TT-B7_b(i5),SI-NA-E1,2195,1462,0.0005148680065758,Callithrix jacchus,CS20250428_GROUP_0001,Nonneuron,CL:4042003,BAM,5,Yao et al. 2023,BAM,Border-associated macrophages,"CD163, MRC1",#195f8d,,CS20250428_SUBCL_0018,CL:0000235,Macrophage,4,#566c21,,CS20250428_CLASS_0008,CL:0000842,Immune,2,#aa6dec,,CS20250428_NEIGH_0001,CL:0000000,Nonneuron,1,#f2ca7d,,CGTTAGGTCAAGGACA,P0009_2,231224,Princeton
CCGCTAGCACAAAGCG-P0010_2,Subpallium GABA,CN LGE GABA,STR D1 MSN,STRv D1 MSN,Marmoset-137,Marmoset-137,CL:0000003,P0010_2,cjCroissant,10x multiome,EFO:0030059,Marmoset,NCBI:txid9483,Adult,Brain,Brain,unknown,unknown,unknown,unknown,unknown,unknown,normal,PATO:0000461,nucleus,True,231026,LPLCXR_231026_1,LPLCXR_231026_1_D7,477,14,1827,BR_PXR_231108_1,231024,LPLCXA_231024_1,LPLCXA_231024_1_G1,448,7,189.1,BR_PXA_231120_1,SI-TT-D7_i7,SI-TT-D7_b(i5),SI-NA-G1,77511,9015,0.647716760635376,Callithrix jacchus,CS20250428_GROUP_0056,LGE,CL:4030051,STRv|D1 MSN,51,He et al. 2021,D1-Shell/OT,,ARHGAP6,#339933,,CS20250428_SUBCL_0028,CL:4023026,STR|D1 MSN,31,#1655f2,,CS20250428_CLASS_0003,,CN|LGE|GABA,10,#d0b83c,,CS20250428_NEIGH_0002,,Subpallium|GABA,3,#19613b,,CCGCTAGCACAAAGCG,P0010_2,231224,Princeton
CACTTTGTCCTAGTTT-P0010_2,Subpallium GABA,CN MGE GABA,CN Cholinergic GABA,GPin-BF Cholinergic GABA,Marmoset-721,Marmoset-721,CL:0000003,P0010_2,cjCroissant,10x multiome,EFO:0030059,Marmoset,NCBI:txid9483,Adult,Brain,Brain,unknown,unknown,unknown,unknown,unknown,unknown,normal,PATO:0000461,nucleus,True,231026,LPLCXR_231026_1,LPLCXR_231026_1_D7,477,14,1827,BR_PXR_231108_1,231024,LPLCXA_231024_1,LPLCXA_231024_1_G1,448,7,189.1,BR_PXA_231120_1,SI-TT-D7_i7,SI-TT-D7_b(i5),SI-NA-G1,76060,8827,0.0005774733144789,Callithrix jacchus,CS20250428_GROUP_0003,Interneuron,,GPin|BF|Cholinergic|GABA,35,,,,,#fde020,,CS20250428_SUBCL_0001,,CN|Cholinergic|GABA,22,#b1f081,,CS20250428_CLASS_0005,,CN|MGE|GABA,7,#ce4c27,,CS20250428_NEIGH_0002,,Subpallium|GABA,3,#19613b,,CACTTTGTCCTAGTTT,P0010_2,231224,Princeton
GTTTCCTCACATACTG-P0010_2,Subpallium GABA,F M GABA,F GABA,AMY-SLEA-BNST GABA,Marmoset-1234,Marmoset-1234,CL:0000003,P0010_2,cjCroissant,10x multiome,EFO:0030059,Marmoset,NCBI:txid9483,Adult,Brain,Brain,unknown,unknown,unknown,unknown,unknown,unknown,normal,PATO:0000461,nucleus,True,231026,LPLCXR_231026_1,LPLCXR_231026_1_D7,477,14,1827,BR_PXR_231108_1,231024,LPLCXA_231024_1,LPLCXA_231024_1_G1,448,7,189.1,BR_PXA_231120_1,SI-TT-D7_i7,SI-TT-D7_b(i5),SI-NA-G1,61540,9148,0.543958187103271,Callithrix jacchus,CS20250428_GROUP_0066,Interneuron,,AMY|SLEA|BNST|GABA,48,,,,,#b69e14,,CS20250428_SUBCL_0037,,F|GABA,29,#7ba2df,,CS20250428_CLASS_0006,,F|M|GABA,9,#cd0f13,,CS20250428_NEIGH_0002,,Subpallium|GABA,3,#19613b,,GTTTCCTCACATACTG,P0010_2,231224,Princeton
TATGTGATCCATTACT-P0010_2,Subpallium GABA,CN LGE GABA,STR D2 MSN,STRv D2 MSN,Marmoset-1019,Marmoset-1019,CL:0000003,P0010_2,cjCroissant,10x multiome,EFO:0030059,Marmoset,NCBI:txid9483,Adult,Brain,Brain,unknown,unknown,unknown,unknown,unknown,unknown,normal,PATO:0000461,nucleus,True,231026,LPLCXR_231026_1,LPLCXR_231026_1_D7,477,14,1827,BR_PXR_231108_1,231024,LPLCXA_231024_1,LPLCXA_231024_1_G1,448,7,189.1,BR_PXA_231120_1,SI-TT-D7_i7,SI-TT-D7_b(i5),SI-NA-G1,56349,7673,0.638423204421997,Callithrix jacchus,CS20250428_GROUP_0058,LGE,CL:4030052,STRv|D2 MSN,54,He et al. 2021,D2-Shell/OT,,ARHGAP6,#98df8a,,CS20250428_SUBCL_0029,CL:4023029,STR|D2 MSN,32,#253c8c,,CS20250428_CLASS_0003,,CN|LGE|GABA,10,#d0b83c,,CS20250428_NEIGH_0002,,Subpallium|GABA,3,#19613b,,TATGTGATCCATTACT,P0010_2,231224,Princeton
TTGCAATCATCACTTC-P0010_2,Subpallium GABA,F M GABA,CN LHX8 GABA,GPe-NDB-SI LHX6-LHX8-GBX1 GABA,Marmoset-784,Marmoset-784,CL:0000003,P0010_2,cjCroissant,10x multiome,EFO:0030059,Marmoset,NCBI:txid9483,Adult,Brain,Brain,unknown,unknown,unknown,unknown,unknown,unknown,normal,PATO:0000461,nucleus,True,231026,LPLCXR_231026_1,LPLCXR_231026_1_D7,477,14,1827,BR_PXR_231108_1,231024,LPLCXA_231024_1,LPLCXA_231024_1_G1,448,7,189.1,BR_PXA_231120_1,SI-TT-D7_i7,SI-TT-D7_b(i5),SI-NA-G1,55942,7561,0.0087339375168085,Callithrix jacchus,CS20250428_GROUP_0020,Interneuron,,GPe|NDB|SI|LHX6|LHX8|GBX1|GABA,39,,,,,#653614,,CS20250428_SUBCL_0005,,CN|LHX8|GABA,25,#caf28b,,CS20250428_CLASS_0006,,F|M|GABA,9,#cd0f13,,CS20250428_NEIGH_0002,,Subpallium|GABA,3,#19613b,,TTGCAATCATCACTTC,P0010_2,231224,Princeton
TAGCCTCTCCAAGTTA-P0010_2,Subpallium GABA,CN LGE GABA,STR D2 MSN,STRv D2 MSN,Marmoset-1024,Marmoset-1024,CL:0000003,P0010_2,cjCroissant,10x multiome,EFO:0030059,Marmoset,NCBI:txid9483,Adult,Brain,Brain,unknown,unknown,unknown,unknown,unknown,unknown,normal,PATO:0000461,nucleus,True,231026,LPLCXR_231026_1,LPLCXR_231026_1_D7,477,14,1827,BR_PXR_231108_1,231024,LPLCXA_231024_1,LPLCXA_231024_1_G1,448,7,189.1,BR_PXA_231120_1,SI-TT-D7_i7,SI-TT-D7_b(i5),SI-NA-G1,53083,8724,0.635716080665588,Callithrix jacchus,CS20250428_GROUP_0058,LGE,CL:4030052,STRv|D2 MSN,54,He et al. 2021,D2-Shell/OT,,ARHGAP6,#98df8a,,CS20250428_SUBCL_0029,CL:4023029,STR|D2 MSN,32,#253c8c,,CS20250428_CLASS_0003,,CN|LGE|GABA,10,#d0b83c,,CS20250428_NEIGH_0002,,Subpallium|GABA,3,#19613b,,TAGCCTCTCCAAGTTA,P0010_2,231224,Princeton
CCACACAAGGACTTAC-P0010_2,Subpallium GABA,F M GABA,CN LHX8 GABA,GPe-NDB-SI LHX6-LHX8-GBX1 GABA,Marmoset-785,Marmoset-785,CL:0000003,P0010_2,cjCroissant,10x multiome,EFO:0030059,Marmoset,NCBI:txid9483,Adult,Brain,Brain,unknown,unknown,unknown,unknown,unknown,unknown,normal,PATO:0000461,nucleus,True,231026,LPLCXR_231026_1,LPLCXR_231026_1_D7,477,14,1827,BR_PXR_231108_1,231024,LPLCXA_231024_1,LPLCXA_231024_1_G1,448,7,189.1,BR_PXA_231120_1,SI-TT-D7_i7,SI-TT-D7_b(i5),SI-NA-G1,52838,7846,0.219593301415443,Callithrix jacchus,CS20250428_GROUP_0020,Interneuron,,GPe|NDB|SI|LHX6|LHX8|GBX1|GABA,39,,,,,#653614,,CS20250428_SUBCL_0005,,CN|LHX8|GABA,25,#caf28b,,CS20250428_CLASS_0006,,F|M|GABA,9,#cd0f13,,CS20250428_NEIGH_0002,,Subpallium|GABA,3,#19613b,,CCACACAAGGACTTAC,P0010_2,231224,Princeton
GCAGGCTTCATGCTTT-P0010_2,Subpallium GABA,F M GABA,F GABA,AMY-SLEA-BNST GABA,Marmoset-1236,Marmoset-1236,CL:0000003,P0010_2,cjCroissant,10x multiome,EFO:0030059,Marmoset,NCBI:txid9483,Adult,Brain,Brain,unknown,unknown,unknown,unknown,unknown,unknown,normal,PATO:0000461,nucleus,True,231026,LPLCXR_231026_1,LPLCXR_231026_1_D7,477,14,1827,BR_PXR_231108_1,231024,LPLCXA_231024_1,LPLCXA_231024_1_G1,448,7,189.1,BR_PXA_231120_1,SI-TT-D7_i7,SI-TT-D7_b(i5),SI-NA-G1,50300,8624,0.495533019304276,Callithrix jacchus,CS20250428_GROUP_0066,Interneuron,,AMY|SLEA|BNST|GABA,48,,,,,#b69e14,,CS20250428_SUBCL_0037,,F|GABA,29,#7ba2df,,CS20250428_CLASS_0006,,F|M|GABA,9,#cd0f13,,CS20250428_NEIGH_0002,,Subpallium|GABA,3,#19613b,,GCAGGCTTCATGCTTT,P0010_2,231224,Princeton
GATTAGCTCCTGGCTT-P0010_2,Subpallium GABA,CN LGE GABA,STR D2 MSN,STRv D2 MSN,Marmoset-1012,Marmoset-1012,CL:0000003,P0010_2,cjCroissant,10x multiome,EFO:0030059,Marmoset,NCBI:txid9483,Adult,Brain,Brain,unknown,unknown,unknown,unknown,unknown,unknown,normal,PATO:0000461,nucleus,True,231026,LPLCXR_231026_1,LPLCXR_231026_1_D7,477,14,1827,BR_PXR_231108_1,231024,LPLCXA_231024_1,LPLCXA_231024_1_G1,448,7,189.1,BR_PXA_231120_1,SI-TT-D7_i7,SI-TT-D7_b(i5),SI-NA-G1,48640,7892,0.660585224628448,Callithrix jacchus,CS20250428_GROUP_0058,LGE,CL:4030052,STRv|D2 MSN,54,He et al. 2021,D2-Shell/OT,,ARHGAP6,#98df8a,,CS20250428_SUBCL_0029,CL:4023029,STR|D2 MSN,32,#253c8c,,CS20250428_CLASS_0003,,CN|LGE|GABA,10,#d0b83c,,CS20250428_NEIGH_0002,,Subpallium|GABA,3,#19613b,,GATTAGCTCCTGGCTT,P0010_2,231224,Princeton
CGGCTAATCAGGCCTA-P0010_2,Subpallium GABA,CN LGE GABA,OT Granular GABA,OT D1 ICj,Marmoset-1221,Marmoset-1221,CL:0000003,P0010_2,cjCroissant,10x multiome,EFO:0030059,Marmoset,NCBI:txid9483,Adult,Brain,Brain,unknown,unknown,unknown,unknown,unknown,unknown,normal,PATO:0000461,nucleus,True,231026,LPLCXR_231026_1,LPLCXR_231026_1_D7,477,14,1827,BR_PXR_231108_1,231024,LPLCXA_231024_1,LPLCXA_231024_1_G1,448,7,189.1,BR_PXA_231120_1,SI-TT-D7_i7,SI-TT-D7_b(i5),SI-NA-G1,47919,7923,0.729899525642395,Callithrix jacchus,CS20250428_GROUP_0024,LGE,CL:4030053,OT|D1 ICj,59,He et al. 2021,D1-ICj (Islands of Calleja),D1 Islands of Calleja,"CPNE4, DRD3",#ff7f0e,,CS20250428_SUBCL_0021,CL:4030053,OT|Granular|GABA,34,#9160cb,,CS20250428_CLASS_0003,,CN|LGE|GABA,10,#d0b83c,,CS20250428_NEIGH_0002,,Subpallium|GABA,3,#19613b,,CGGCTAATCAGGCCTA,P0010_2,231224,Princeton
GTCATGCCAACTAGCC-P0010_2,Subpallium GABA,CN LGE GABA,STR D2 MSN,STRv D2 MSN,Marmoset-1007,Marmoset-1007,CL:0000003,P0010_2,cjCroissant,10x multiome,EFO:0030059,Marmoset,NCBI:txid9483,Adult,Brain,Brain,unknown,unknown,unknown,unknown,unknown,unknown,normal,PATO:0000461,nucleus,True,231026,LPLCXR_231026_1,LPLCXR_231026_1_D7,477,14,1827,BR_PXR_231108_1,231024,LPLCXA_231024_1,LPLCXA_231024_1_G1,448,7,189.1,BR_PXA_231120_1,SI-TT-D7_i7,SI-TT-D7_b(i5),SI-NA-G1,47818,8458,0.810666143894196,Callithrix jacchus,CS20250428_GROUP_0058,LGE,CL:4030052,STRv|D2 MSN,54,He et al. 2021,D2-Shell/OT,,ARHGAP6,#98df8a,,CS20250428_SUBCL_0029,CL:4023029,STR|D2 MSN,32,#253c8c,,CS20250428_CLASS_0003,,CN|LGE|GABA,10,#d0b83c,,CS20250428_NEIGH_0002,,Subpallium|GABA,3,#19613b,,GTCATGCCAACTAGCC,P0010_2,231224,Princeton
GGTGAGCCAATCGCAC-P0010_2,Subpallium GABA,CN CGE GABA,CN VIP GABA,VIP GABA,Marmoset-330,Marmoset-330,CL:0000003,P0010_2,cjCroissant,10x multiome,EFO:0030059,Marmoset,NCBI:txid9483,Adult,Brain,Brain,unknown,unknown,unknown,unknown,unknown,unknown,normal,PATO:0000461,nucleus,True,231026,LPLCXR_231026_1,LPLCXR_231026_1_D7,477,14,1827,BR_PXR_231108_1,231024,LPLCXA_231024_1,LPLCXA_231024_1_G1,448,7,189.1,BR_PXA_231120_1,SI-TT-D7_i7,SI-TT-D7_b(i5),SI-NA-G1,43700,6699,0.001058135414496,Callithrix jacchus,CS20250428_GROUP_0047,Interneuron,Need to Create a PR,VIP|GABA,37,Krienen et al. 2020,VIP,,VIP,#fc2b80,,CS20250428_SUBCL_0009,,CN|VIP|GABA,24,#1bc06a,,CS20250428_CLASS_0001,,CN|CGE|GABA,8,#26e8bb,,CS20250428_NEIGH_0002,,Subpallium|GABA,3,#19613b,,GGTGAGCCAATCGCAC,P0010_2,231224,Princeton
AGCCTAGTCAATTGGC-P0010_2,Subpallium GABA,CN MGE GABA,CN Cholinergic GABA,GPin-BF Cholinergic GABA,Marmoset-722,Marmoset-722,CL:0000003,P0010_2,cjCroissant,10x multiome,EFO:0030059,Marmoset,NCBI:txid9483,Adult,Brain,Brain,unknown,unknown,unknown,unknown,unknown,unknown,normal,PATO:0000461,nucleus,True,231026,LPLCXR_231026_1,LPLCXR_231026_1_D7,477,14,1827,BR_PXR_231108_1,231024,LPLCXA_231024_1,LPLCXA_231024_1_G1,448,7,189.1,BR_PXA_231120_1,SI-TT-D7_i7,SI-TT-D7_b(i5),SI-NA-G1,43693,8189,0.610228180885315,Callithrix jacchus,CS20250428_GROUP_0003,Interneuron,,GPin|BF|Cholinergic|GABA,35,,,,,#fde020,,CS20250428_SUBCL_0001,,CN|Cholinergic|GABA,22,#b1f081,,CS20250428_CLASS_0005,,CN|MGE|GABA,7,#ce4c27,,CS20250428_NEIGH_0002,,Subpallium|GABA,3,#19613b,,AGCCTAGTCAATTGGC,P0010_2,231224,Princeton
CTAACCACAATAACGA-P0010_2,Subpallium GABA,CN MGE GABA,CN Cholinergic GABA,STR Cholinergic GABA,Marmoset-723,Marmoset-723,CL:0000003,P0010_2,cjCroissant,10x multiome,EFO:0030059,Marmoset,NCBI:txid9483,Adult,Brain,Brain,unknown,unknown,unknown,unknown,unknown,unknown,normal,PATO:0000461,nucleus,True,231026,LPLCXR_231026_1,LPLCXR_231026_1_D7,477,14,1827,BR_PXR_231108_1,231024,LPLCXA_231024_1,LPLCXA_231024_1_G1,448,7,189.1,BR_PXA_231120_1,SI-TT-D7_i7,SI-TT-D7_b(i5),SI-NA-G1,42628,7602,0.000447635538876,Callithrix jacchus,CS20250428_GROUP_0055,Interneuron,,STR|Cholinergic|GABA,34,,,,,#8f5ff5,,CS20250428_SUBCL_0001,,CN|Cholinergic|GABA,22,#b1f081,,CS20250428_CLASS_0005,,CN|MGE|GABA,7,#ce4c27,,CS20250428_NEIGH_0002,,Subpallium|GABA,3,#19613b,,CTAACCACAATAACGA,P0010_2,231224,Princeton
TTTCCACCAATTAACC-P0010_2,Subpallium GABA,CN LGE GABA,STR D1 MSN,STRv D1 MSN,Marmoset-126,Marmoset-126,CL:0000003,P0010_2,cjCroissant,10x multiome,EFO:0030059,Marmoset,NCBI:txid9483,Adult,Brain,Brain,unknown,unknown,unknown,unknown,unknown,unknown,normal,PATO:0000461,nucleus,True,231026,LPLCXR_231026_1,LPLCXR_231026_1_D7,477,14,1827,BR_PXR_231108_1,231024,LPLCXA_231024_1,LPLCXA_231024_1_G1,448,7,189.1,BR_PXA_231120_1,SI-TT-D7_i7,SI-TT-D7_b(i5),SI-NA-G1,41383,6893,0.093949094414711,Callithrix jacchus,CS20250428_GROUP_0056,LGE,CL:4030051,STRv|D1 MSN,51,He et al. 2021,D1-Shell/OT,,ARHGAP6,#339933,,CS20250428_SUBCL_0028,CL:4023026,STR|D1 MSN,31,#1655f2,,CS20250428_CLASS_0003,,CN|LGE|GABA,10,#d0b83c,,CS20250428_NEIGH_0002,,Subpallium|GABA,3,#19613b,,TTTCCACCAATTAACC,P0010_2,231224,Princeton
TAGGCTGTCGCTTCTA-P0010_2,Subpallium GABA,CN LGE GABA,STR D1 MSN,STRv D1 MSN,Marmoset-124,Marmoset-124,CL:0000003,P0010_2,cjCroissant,10x multiome,EFO:0030059,Marmoset,NCBI:txid9483,Adult,Brain,Brain,unknown,unknown,unknown,unknown,unknown,unknown,normal,PATO:0000461,nucleus,True,231026,LPLCXR_231026_1,LPLCXR_231026_1_D7,477,14,1827,BR_PXR_231108_1,231024,LPLCXA_231024_1,LPLCXA_231024_1_G1,448,7,189.1,BR_PXA_231120_1,SI-TT-D7_i7,SI-TT-D7_b(i5),SI-NA-G1,40266,7738,0.713714480400085,Callithrix jacchus,CS20250428_GROUP_0056,LGE,CL:4030051,STRv|D1 MSN,51,He et al. 2021,D1-Shell/OT,,ARHGAP6,#339933,,CS20250428_SUBCL_0028,CL:4023026,STR|D1 MSN,31,#1655f2,,CS20250428_CLASS_0003,,CN|LGE|GABA,10,#d0b83c,,CS20250428_NEIGH_0002,,Subpallium|GABA,3,#19613b,,TAGGCTGTCGCTTCTA,P0010_2,231224,Princeton
GGGTTATTCCCTGTTA-P0010_2,Subpallium GABA,F M GABA,F GABA,AMY-SLEA-BNST GABA,Marmoset-1238,Marmoset-1238,CL:0000003,P0010_2,cjCroissant,10x multiome,EFO:0030059,Marmoset,NCBI:txid9483,Adult,Brain,Brain,unknown,unknown,unknown,unknown,unknown,unknown,normal,PATO:0000461,nucleus,True,231026,LPLCXR_231026_1,LPLCXR_231026_1_D7,477,14,1827,BR_PXR_231108_1,231024,LPLCXA_231024_1,LPLCXA_231024_1_G1,448,7,189.1,BR_PXA_231120_1,SI-TT-D7_i7,SI-TT-D7_b(i5),SI-NA-G1,40189,7595,0.0008111842907965,Callithrix jacchus,CS20250428_GROUP_0066,Interneuron,,AMY|SLEA|BNST|GABA,48,,,,,#b69e14,,CS20250428_SUBCL_0037,,F|GABA,29,#7ba2df,,CS20250428_CLASS_0006,,F|M|GABA,9,#cd0f13,,CS20250428_NEIGH_0002,,Subpallium|GABA,3,#19613b,,GGGTTATTCCCTGTTA,P0010_2,231224,Princeton
TATGACTCAAACCTAT-P0010_2,Subpallium GABA,F M GABA,F GABA,AMY-SLEA-BNST GABA,Marmoset-1235,Marmoset-1235,CL:0000003,P0010_2,cjCroissant,10x multiome,EFO:0030059,Marmoset,NCBI:txid9483,Adult,Brain,Brain,unknown,unknown,unknown,unknown,unknown,unknown,normal,PATO:0000461,nucleus,True,231026,LPLCXR_231026_1,LPLCXR_231026_1_D7,477,14,1827,BR_PXR_231108_1,231024,LPLCXA_231024_1,LPLCXA_231024_1_G1,448,7,189.1,BR_PXA_231120_1,SI-TT-D7_i7,SI-TT-D7_b(i5),SI-NA-G1,38763,7519,0.288443684577942,Callithrix jacchus,CS20250428_GROUP_0066,Interneuron,,AMY|SLEA|BNST|GABA,48,,,,,#b69e14,,CS20250428_SUBCL_0037,,F|GABA,29,#7ba2df,,CS20250428_CLASS_0006,,F|M|GABA,9,#cd0f13,,CS20250428_NEIGH_0002,,Subpallium|GABA,3,#19613b,,TATGACTCAAACCTAT,P0010_2,231224,Princeton
CGCACACAGAATGACG-P0010_2,Subpallium GABA,F M GABA,F GABA,AMY-SLEA-BNST GABA,Marmoset-1239,Marmoset-1239,CL:0000003,P0010_2,cjCroissant,10x multiome,EFO:0030059,Marmoset,NCBI:txid9483,Adult,Brain,Brain,unknown,unknown,unknown,unknown,unknown,unknown,normal,PATO:0000461,nucleus,True,231026,LPLCXR_231026_1,LPLCXR_231026_1_D7,477,14,1827,BR_PXR_231108_1,231024,LPLCXA_231024_1,LPLCXA_231024_1_G1,448,7,189.1,BR_PXA_231120_1,SI-TT-D7_i7,SI-TT-D7_b(i5),SI-NA-G1,38622,7741,0.504903852939606,Callithrix jacchus,CS20250428_GROUP_0066,Interneuron,,AMY|SLEA|BNST|GABA,48,,,,,#b69e14,,CS20250428_SUBCL_0037,,F|GABA,29,#7ba2df,,CS20250428_CLASS_0006,,F|M|GABA,9,#cd0f13,,CS20250428_NEIGH_0002,,Subpallium|GABA,3,#19613b,,CGCACACAGAATGACG,P0010_2,231224,Princeton
TGGGCCTAGGGTTATC-P0010_2,Subpallium GABA,F M GABA,F GABA,AMY-SLEA-BNST GABA,Marmoset-1240,Marmoset-1240,CL:0000003,P0010_2,cjCroissant,10x multiome,EFO:0030059,Marmoset,NCBI:txid9483,Adult,Brain,Brain,unknown,unknown,unknown,unknown,unknown,unknown,normal,PATO:0000461,nucleus,True,231026,LPLCXR_231026_1,LPLCXR_231026_1_D7,477,14,1827,BR_PXR_231108_1,231024,LPLCXA_231024_1,LPLCXA_231024_1_G1,448,7,189.1,BR_PXA_231120_1,SI-TT-D7_i7,SI-TT-D7_b(i5),SI-NA-G1,37071,7093,0.630640745162964,Callithrix jacchus,CS20250428_GROUP_0066,Interneuron,,AMY|SLEA|BNST|GABA,48,,,,,#b69e14,,CS20250428_SUBCL_0037,,F|GABA,29,#7ba2df,,CS20250428_CLASS_0006,,F|M|GABA,9,#cd0f13,,CS20250428_NEIGH_0002,,Subpallium|GABA,3,#19613b,,TGGGCCTAGGGTTATC,P0010_2,231224,Princeton
CATTCCTCACCAGCAT-P0010_2,Glut Sero Dopa,F M Glut,F Glut,BF SKOR1 Glut,Marmoset-826,Marmoset-826,CL:0000003,P0010_2,cjCroissant,10x multiome,EFO:0030059,Marmoset,NCBI:txid9483,Adult,Brain,Brain,unknown,unknown,unknown,unknown,unknown,unknown,normal,PATO:0000461,nucleus,True,231026,LPLCXR_231026_1,LPLCXR_231026_1_D7,477,14,1827,BR_PXR_231108_1,231024,LPLCXA_231024_1,LPLCXA_231024_1_G1,448,7,189.1,BR_PXA_231120_1,SI-TT-D7_i7,SI-TT-D7_b(i5),SI-NA-G1,36815,7170,0.547901034355164,Callithrix jacchus,CS20250428_GROUP_0008,Interneuron,,BF|SKOR1|Glut,19,,,,,#eb0077,,CS20250428_SUBCL_0013,PR 2771,F|Glut,14,#39e1e2,,CS20250428_CLASS_0007,,F|M|Glut,5,#7d0f09,,CS20250428_NEIGH_0000,PR 2579,Glut|Sero|Dopa,2,#91f4bb,,CATTCCTCACCAGCAT,P0010_2,231224,Princeton
ACATTAGTCATCCTAT-P0010_2,Subpallium GABA,F M GABA,CN LHX8 GABA,GPe-NDB-SI LHX6-LHX8-GBX1 GABA,Marmoset-779,Marmoset-779,CL:0000003,P0010_2,cjCroissant,10x multiome,EFO:0030059,Marmoset,NCBI:txid9483,Adult,Brain,Brain,unknown,unknown,unknown,unknown,unknown,unknown,normal,PATO:0000461,nucleus,True,231026,LPLCXR_231026_1,LPLCXR_231026_1_D7,477,14,1827,BR_PXR_231108_1,231024,LPLCXA_231024_1,LPLCXA_231024_1_G1,448,7,189.1,BR_PXA_231120_1,SI-TT-D7_i7,SI-TT-D7_b(i5),SI-NA-G1,36774,7287,0.0087497672066092,Callithrix jacchus,CS20250428_GROUP_0020,Interneuron,,GPe|NDB|SI|LHX6|LHX8|GBX1|GABA,39,,,,,#653614,,CS20250428_SUBCL_0005,,CN|LHX8|GABA,25,#caf28b,,CS20250428_CLASS_0006,,F|M|GABA,9,#cd0f13,,CS20250428_NEIGH_0002,,Subpallium|GABA,3,#19613b,,ACATTAGTCATCCTAT,P0010_2,231224,Princeton
CCCTCAGTCCTAAGTA-P0010_2,Subpallium GABA,CN LGE GABA,STR D1 MSN,STRv D1 MSN,Marmoset-138,Marmoset-138,CL:0000003,P0010_2,cjCroissant,10x multiome,EFO:0030059,Marmoset,NCBI:txid9483,Adult,Brain,Brain,unknown,unknown,unknown,unknown,unknown,unknown,normal,PATO:0000461,nucleus,True,231026,LPLCXR_231026_1,LPLCXR_231026_1_D7,477,14,1827,BR_PXR_231108_1,231024,LPLCXA_231024_1,LPLCXA_231024_1_G1,448,7,189.1,BR_PXA_231120_1,SI-TT-D7_i7,SI-TT-D7_b(i5),SI-NA-G1,36662,7207,0.003285166574642,Callithrix jacchus,CS20250428_GROUP_0056,LGE,CL:4030051,STRv|D1 MSN,51,He et al. 2021,D1-Shell/OT,,ARHGAP6,#339933,,CS20250428_SUBCL_0028,CL:4023026,STR|D1 MSN,31,#1655f2,,CS20250428_CLASS_0003,,CN|LGE|GABA,10,#d0b83c,,CS20250428_NEIGH_0002,,Subpallium|GABA,3,#19613b,,CCCTCAGTCCTAAGTA,P0010_2,231224,Princeton
ACGTACCCAGCAACAG-P0010_2,Glut Sero Dopa,F M Glut,F Glut,BF SKOR1 Glut,Marmoset-827,Marmoset-827,CL:0000003,P0010_2,cjCroissant,10x multiome,EFO:0030059,Marmoset,NCBI:txid9483,Adult,Brain,Brain,unknown,unknown,unknown,unknown,unknown,unknown,normal,PATO:0000461,nucleus,True,231026,LPLCXR_231026_1,LPLCXR_231026_1_D7,477,14,1827,BR_PXR_231108_1,231024,LPLCXA_231024_1,LPLCXA_231024_1_G1,448,7,189.1,BR_PXA_231120_1,SI-TT-D7_i7,SI-TT-D7_b(i5),SI-NA-G1,34332,7276,0.110058076679707,Callithrix jacchus,CS20250428_GROUP_0008,Interneuron,,BF|SKOR1|Glut,19,,,,,#eb0077,,CS20250428_SUBCL_0013,PR 2771,F|Glut,14,#39e1e2,,CS20250428_CLASS_0007,,F|M|Glut,5,#7d0f09,,CS20250428_NEIGH_0000,PR 2579,Glut|Sero|Dopa,2,#91f4bb,,ACGTACCCAGCAACAG,P0010_2,231224,Princeton
TTAGGAACACCCACCT-P0010_2,Subpallium GABA,F M GABA,F GABA,AMY-SLEA-BNST GABA,Marmoset-1241,Marmoset-1241,CL:0000003,P0010_2,cjCroissant,10x multiome,EFO:0030059,Marmoset,NCBI:txid9483,Adult,Brain,Brain,unknown,unknown,unknown,unknown,unknown,unknown,normal,PATO:0000461,nucleus,True,231026,LPLCXR_231026_1,LPLCXR_231026_1_D7,477,14,1827,BR_PXR_231108_1,231024,LPLCXA_231024_1,LPLCXA_231024_1_G1,448,7,189.1,BR_PXA_231120_1,SI-TT-D7_i7,SI-TT-D7_b(i5),SI-NA-G1,32554,7018,0.0029998186510056,Callithrix jacchus,CS20250428_GROUP_0066,Interneuron,,AMY|SLEA|BNST|GABA,48,,,,,#b69e14,,CS20250428_SUBCL_0037,,F|GABA,29,#7ba2df,,CS20250428_CLASS_0006,,F|M|GABA,9,#cd0f13,,CS20250428_NEIGH_0002,,Subpallium|GABA,3,#19613b,,TTAGGAACACCCACCT,P0010_2,231224,Princeton
AGCCTGGGTCACCTAT-P0010_2,Subpallium GABA,CN LGE GABA,STR D2 MSN,STRv D2 MSN,Marmoset-1022,Marmoset-1022,CL:0000003,P0010_2,cjCroissant,10x multiome,EFO:0030059,Marmoset,NCBI:txid9483,Adult,Brain,Brain,unknown,unknown,unknown,unknown,unknown,unknown,normal,PATO:0000461,nucleus,True,231026,LPLCXR_231026_1,LPLCXR_231026_1_D7,477,14,1827,BR_PXR_231108_1,231024,LPLCXA_231024_1,LPLCXA_231024_1_G1,448,7,189.1,BR_PXA_231120_1,SI-TT-D7_i7,SI-TT-D7_b(i5),SI-NA-G1,31098,6543,0.014272109605372,Callithrix jacchus,CS20250428_GROUP_0058,LGE,CL:4030052,STRv|D2 MSN,54,He et al. 2021,D2-Shell/OT,,ARHGAP6,#98df8a,,CS20250428_SUBCL_0029,CL:4023029,STR|D2 MSN,32,#253c8c,,CS20250428_CLASS_0003,,CN|LGE|GABA,10,#d0b83c,,CS20250428_NEIGH_0002,,Subpallium|GABA,3,#19613b,,AGCCTGGGTCACCTAT,P0010_2,231224,Princeton
ACCTTCCAGTCATTTC-P0010_2,Subpallium GABA,CN LGE GABA,STR Hybrid MSN,STR D1D2 Hybrid MSN,Marmoset-222,Marmoset-222,CL:0000003,P0010_2,cjCroissant,10x multiome,EFO:0030059,Marmoset,NCBI:txid9483,Adult,Brain,Brain,unknown,unknown,unknown,unknown,unknown,unknown,normal,PATO:0000461,nucleus,True,231026,LPLCXR_231026_1,LPLCXR_231026_1_D7,477,14,1827,BR_PXR_231108_1,231024,LPLCXA_231024_1,LPLCXA_231024_1_G1,448,7,189.1,BR_PXA_231120_1,SI-TT-D7_i7,SI-TT-D7_b(i5),SI-NA-G1,30777,6462,0.0744609162211418,Callithrix jacchus,CS20250428_GROUP_0051,LGE,CL:4030050,STR|D1D2 Hybrid MSN,58,He et al. 2021,D1/D2 Hybrid,,"CRHR2, GRIK1",#9467bd,,CS20250428_SUBCL_0030,CL:4030050,STR|Hybrid MSN,33,#79bdf4,,CS20250428_CLASS_0003,,CN|LGE|GABA,10,#d0b83c,,CS20250428_NEIGH_0002,,Subpallium|GABA,3,#19613b,,ACCTTCCAGTCATTTC,P0010_2,231224,Princeton
CCTCCTCTCGGTCATG-P0010_2,Subpallium GABA,CN LGE GABA,CN MEIS2 GABA,GPe MEIS2-SOX6 GABA,Marmoset-541,Marmoset-541,CL:0000003,P0010_2,cjCroissant,10x multiome,EFO:0030059,Marmoset,NCBI:txid9483,Adult,Brain,Brain,unknown,unknown,unknown,unknown,unknown,unknown,normal,PATO:0000461,nucleus,True,231026,LPLCXR_231026_1,LPLCXR_231026_1_D7,477,14,1827,BR_PXR_231108_1,231024,LPLCXA_231024_1,LPLCXA_231024_1_G1,448,7,189.1,BR_PXA_231120_1,SI-TT-D7_i7,SI-TT-D7_b(i5),SI-NA-G1,30763,6528,0.76861959695816,Callithrix jacchus,CS20250428_GROUP_0013,LGE,,GPe|MEIS2|SOX6|GABA,49,,,,,#937a2e,,CS20250428_SUBCL_0006,,CN|MEIS2|GABA,30,#d8f378,,CS20250428_CLASS_0003,,CN|LGE|GABA,10,#d0b83c,,CS20250428_NEIGH_0002,,Subpallium|GABA,3,#19613b,,CCTCCTCTCGGTCATG,P0010_2,231224,Princeton
TTTCCACCACAGAAAC-P0010_2,Subpallium GABA,F M GABA,CN LHX8 GABA,GPe-NDB-SI LHX6-LHX8-GBX1 GABA,Marmoset-781,Marmoset-781,CL:0000003,P0010_2,cjCroissant,10x multiome,EFO:0030059,Marmoset,NCBI:txid9483,Adult,Brain,Brain,unknown,unknown,unknown,unknown,unknown,unknown,normal,PATO:0000461,nucleus,True,231026,LPLCXR_231026_1,LPLCXR_231026_1_D7,477,14,1827,BR_PXR_231108_1,231024,LPLCXA_231024_1,LPLCXA_231024_1_G1,448,7,189.1,BR_PXA_231120_1,SI-TT-D7_i7,SI-TT-D7_b(i5),SI-NA-G1,30296,6427,0.000171445790329,Callithrix jacchus,CS20250428_GROUP_0020,Interneuron,,GPe|NDB|SI|LHX6|LHX8|GBX1|GABA,39,,,,,#653614,,CS20250428_SUBCL_0005,,CN|LHX8|GABA,25,#caf28b,,CS20250428_CLASS_0006,,F|M|GABA,9,#cd0f13,,CS20250428_NEIGH_0002,,Subpallium|GABA,3,#19613b,,TTTCCACCACAGAAAC,P0010_2,231224,Princeton
CTTTGAGCAAAGCGGC-P0010_2,Subpallium GABA,CN LGE GABA,STR D2 MSN,STRv D2 MSN,Marmoset-76,Marmoset-76,CL:0000003,P0010_2,cjCroissant,10x multiome,EFO:0030059,Marmoset,NCBI:txid9483,Adult,Brain,Brain,unknown,unknown,unknown,unknown,unknown,unknown,normal,PATO:0000461,nucleus,True,231026,LPLCXR_231026_1,LPLCXR_231026_1_D7,477,14,1827,BR_PXR_231108_1,231024,LPLCXA_231024_1,LPLCXA_231024_1_G1,448,7,189.1,BR_PXA_231120_1,SI-TT-D7_i7,SI-TT-D7_b(i5),SI-NA-G1,30187,6898,0.673060536384583,Callithrix jacchus,CS20250428_GROUP_0058,LGE,CL:4030052,STRv|D2 MSN,54,He et al. 2021,D2-Shell/OT,,ARHGAP6,#98df8a,,CS20250428_SUBCL_0029,CL:4023029,STR|D2 MSN,32,#253c8c,,CS20250428_CLASS_0003,,CN|LGE|GABA,10,#d0b83c,,CS20250428_NEIGH_0002,,Subpallium|GABA,3,#19613b,,CTTTGAGCAAAGCGGC,P0010_2,231224,Princeton
GAACACAAGGCGAATA-P0010_2,Subpallium GABA,F M GABA,CN LHX8 GABA,GPe-NDB-SI LHX6-LHX8-GBX1 GABA,Marmoset-786,Marmoset-786,CL:0000003,P0010_2,cjCroissant,10x multiome,EFO:0030059,Marmoset,NCBI:txid9483,Adult,Brain,Brain,unknown,unknown,unknown,unknown,unknown,unknown,normal,PATO:0000461,nucleus,True,231026,LPLCXR_231026_1,LPLCXR_231026_1_D7,477,14,1827,BR_PXR_231108_1,231024,LPLCXA_231024_1,LPLCXA_231024_1_G1,448,7,189.1,BR_PXA_231120_1,SI-TT-D7_i7,SI-TT-D7_b(i5),SI-NA-G1,29878,6510,0.0048705385997891,Callithrix jacchus,CS20250428_GROUP_0020,Interneuron,,GPe|NDB|SI|LHX6|LHX8|GBX1|GABA,39,,,,,#653614,,CS20250428_SUBCL_0005,,CN|LHX8|GABA,25,#caf28b,,CS20250428_CLASS_0006,,F|M|GABA,9,#cd0f13,,CS20250428_NEIGH_0002,,Subpallium|GABA,3,#19613b,,GAACACAAGGCGAATA,P0010_2,231224,Princeton
TGATCACAGTAAGAAC-P0010_2,Subpallium GABA,CN MGE GABA,CN Cholinergic GABA,STR Cholinergic GABA,Marmoset-724,Marmoset-724,CL:0000003,P0010_2,cjCroissant,10x multiome,EFO:0030059,Marmoset,NCBI:txid9483,Adult,Brain,Brain,unknown,unknown,unknown,unknown,unknown,unknown,normal,PATO:0000461,nucleus,True,231026,LPLCXR_231026_1,LPLCXR_231026_1_D7,477,14,1827,BR_PXR_231108_1,231024,LPLCXA_231024_1,LPLCXA_231024_1_G1,448,7,189.1,BR_PXA_231120_1,SI-TT-D7_i7,SI-TT-D7_b(i5),SI-NA-G1,29303,6462,0.0003732799668796,Callithrix jacchus,CS20250428_GROUP_0055,Interneuron,,STR|Cholinergic|GABA,34,,,,,#8f5ff5,,CS20250428_SUBCL_0001,,CN|Cholinergic|GABA,22,#b1f081,,CS20250428_CLASS_0005,,CN|MGE|GABA,7,#ce4c27,,CS20250428_NEIGH_0002,,Subpallium|GABA,3,#19613b,,TGATCACAGTAAGAAC,P0010_2,231224,Princeton
ACGAACAAGGTCTTGG-P0010_2,Subpallium GABA,CN LGE GABA,STR D1 MSN,STRv D1 MSN,Marmoset-127,Marmoset-127,CL:0000003,P0010_2,cjCroissant,10x multiome,EFO:0030059,Marmoset,NCBI:txid9483,Adult,Brain,Brain,unknown,unknown,unknown,unknown,unknown,unknown,normal,PATO:0000461,nucleus,True,231026,LPLCXR_231026_1,LPLCXR_231026_1_D7,477,14,1827,BR_PXR_231108_1,231024,LPLCXA_231024_1,LPLCXA_231024_1_G1,448,7,189.1,BR_PXA_231120_1,SI-TT-D7_i7,SI-TT-D7_b(i5),SI-NA-G1,29125,5730,0.0005090580089017,Callithrix jacchus,CS20250428_GROUP_0056,LGE,CL:4030051,STRv|D1 MSN,51,He et al. 2021,D1-Shell/OT,,ARHGAP6,#339933,,CS20250428_SUBCL_0028,CL:4023026,STR|D1 MSN,31,#1655f2,,CS20250428_CLASS_0003,,CN|LGE|GABA,10,#d0b83c,,CS20250428_NEIGH_0002,,Subpallium|GABA,3,#19613b,,ACGAACAAGGTCTTGG,P0010_2,231224,Princeton
ACCTTGTGTCCGGTTC-P0010_2,Subpallium GABA,CN MGE GABA,STR RSPO2 GABA,STR SST-RSPO2 GABA,Marmoset-951,Marmoset-951,CL:0000003,P0010_2,cjCroissant,10x multiome,EFO:0030059,Marmoset,NCBI:txid9483,Adult,Brain,Brain,unknown,unknown,unknown,unknown,unknown,unknown,normal,PATO:0000461,nucleus,True,231026,LPLCXR_231026_1,LPLCXR_231026_1_D7,477,14,1827,BR_PXR_231108_1,231024,LPLCXA_231024_1,LPLCXA_231024_1_G1,448,7,189.1,BR_PXA_231120_1,SI-TT-D7_i7,SI-TT-D7_b(i5),SI-NA-G1,28373,6203,0.294148504734039,Callithrix jacchus,CS20250428_GROUP_0044,Interneuron,,STR|SST|RSPO2|GABA,31,,,,,#7f7f7f,,CS20250428_SUBCL_0031,,STR|RSPO2|GABA,21,#5b0e63,,CS20250428_CLASS_0005,,CN|MGE|GABA,7,#ce4c27,,CS20250428_NEIGH_0002,,Subpallium|GABA,3,#19613b,,ACCTTGTGTCCGGTTC,P0010_2,231224,Princeton
TTTAACGAGCCAAATC-P0010_2,Subpallium GABA,CN MGE GABA,STR RSPO2 GABA,STR LYPD6-RSPO2 GABA,Marmoset-915,Marmoset-915,CL:0000003,P0010_2,cjCroissant,10x multiome,EFO:0030059,Marmoset,NCBI:txid9483,Adult,Brain,Brain,unknown,unknown,unknown,unknown,unknown,unknown,normal,PATO:0000461,nucleus,True,231026,LPLCXR_231026_1,LPLCXR_231026_1_D7,477,14,1827,BR_PXR_231108_1,231024,LPLCXA_231024_1,LPLCXA_231024_1_G1,448,7,189.1,BR_PXA_231120_1,SI-TT-D7_i7,SI-TT-D7_b(i5),SI-NA-G1,26874,6313,0.0464117825031281,Callithrix jacchus,CS20250428_GROUP_0041,Interneuron,,STR|LYPD6|RSPO2|GABA,32,,,,,#a9f266,,CS20250428_SUBCL_0031,,STR|RSPO2|GABA,21,#5b0e63,,CS20250428_CLASS_0005,,CN|MGE|GABA,7,#ce4c27,,CS20250428_NEIGH_0002,,Subpallium|GABA,3,#19613b,,TTTAACGAGCCAAATC,P0010_2,231224,Princeton
ATCAGGTTCGTAACGT-P0010_2,Subpallium GABA,CN LGE GABA,STR D2 MSN,STRd D2 StrioMat Hybrid MSN,Marmoset-241,Marmoset-241,CL:0000003,P0010_2,cjCroissant,10x multiome,EFO:0030059,Marmoset,NCBI:txid9483,Adult,Brain,Brain,unknown,unknown,unknown,unknown,unknown,unknown,normal,PATO:0000461,nucleus,True,231026,LPLCXR_231026_1,LPLCXR_231026_1_D7,477,14,1827,BR_PXR_231108_1,231024,LPLCXA_231024_1,LPLCXA_231024_1_G1,448,7,189.1,BR_PXA_231120_1,SI-TT-D7_i7,SI-TT-D7_b(i5),SI-NA-G1,26732,5967,0.0164654497057199,Callithrix jacchus,CS20250428_GROUP_0053,LGE,,STRd|D2 StrioMat Hybrid MSN,56,Novel,,,,#9268ac,,CS20250428_SUBCL_0029,CL:4023029,STR|D2 MSN,32,#253c8c,,CS20250428_CLASS_0003,,CN|LGE|GABA,10,#d0b83c,,CS20250428_NEIGH_0002,,Subpallium|GABA,3,#19613b,,ATCAGGTTCGTAACGT,P0010_2,231224,Princeton
TAGGAACCACGTAATT-P0010_2,Subpallium GABA,CN LGE GABA,STR D2 MSN,STRv D2 MSN,Marmoset-1004,Marmoset-1004,CL:0000003,P0010_2,cjCroissant,10x multiome,EFO:0030059,Marmoset,NCBI:txid9483,Adult,Brain,Brain,unknown,unknown,unknown,unknown,unknown,unknown,normal,PATO:0000461,nucleus,True,231026,LPLCXR_231026_1,LPLCXR_231026_1_D7,477,14,1827,BR_PXR_231108_1,231024,LPLCXA_231024_1,LPLCXA_231024_1_G1,448,7,189.1,BR_PXA_231120_1,SI-TT-D7_i7,SI-TT-D7_b(i5),SI-NA-G1,26347,5859,0.0005065751029178,Callithrix jacchus,CS20250428_GROUP_0058,LGE,CL:4030052,STRv|D2 MSN,54,He et al. 2021,D2-Shell/OT,,ARHGAP6,#98df8a,,CS20250428_SUBCL_0029,CL:4023029,STR|D2 MSN,32,#253c8c,,CS20250428_CLASS_0003,,CN|LGE|GABA,10,#d0b83c,,CS20250428_NEIGH_0002,,Subpallium|GABA,3,#19613b,,TAGGAACCACGTAATT,P0010_2,231224,Princeton
CGTTTCTCAATCTCTC-P0010_2,Subpallium GABA,CN MGE GABA,STR SST-CHODL GABA,STR SST-CHODL GABA,Marmoset-731,Marmoset-731,CL:0000003,P0010_2,cjCroissant,10x multiome,EFO:0030059,Marmoset,NCBI:txid9483,Adult,Brain,Brain,unknown,unknown,unknown,unknown,unknown,unknown,normal,PATO:0000461,nucleus,True,231026,LPLCXR_231026_1,LPLCXR_231026_1_D7,477,14,1827,BR_PXR_231108_1,231024,LPLCXA_231024_1,LPLCXA_231024_1_G1,448,7,189.1,BR_PXA_231120_1,SI-TT-D7_i7,SI-TT-D7_b(i5),SI-NA-G1,26280,6259,0.0038210460916161,Callithrix jacchus,CS20250428_GROUP_0043,Interneuron,Need to create a PR,STR|SST|CHODL|GABA,29,Krienen et al. 2020,Sst Chodl | LTS,,NPY,#708297,,CS20250428_SUBCL_0033,,STR|SST|CHODL|GABA,19,#eea495,,CS20250428_CLASS_0005,,CN|MGE|GABA,7,#ce4c27,,CS20250428_NEIGH_0002,,Subpallium|GABA,3,#19613b,,CGTTTCTCAATCTCTC,P0010_2,231224,Princeton
GGCGCTAGTCTTTGAC-P0010_2,Subpallium GABA,F M GABA,F GABA,AMY-SLEA-BNST GABA,Marmoset-1242,Marmoset-1242,CL:0000003,P0010_2,cjCroissant,10x multiome,EFO:0030059,Marmoset,NCBI:txid9483,Adult,Brain,Brain,unknown,unknown,unknown,unknown,unknown,unknown,normal,PATO:0000461,nucleus,True,231026,LPLCXR_231026_1,LPLCXR_231026_1_D7,477,14,1827,BR_PXR_231108_1,231024,LPLCXA_231024_1,LPLCXA_231024_1_G1,448,7,189.1,BR_PXA_231120_1,SI-TT-D7_i7,SI-TT-D7_b(i5),SI-NA-G1,25355,5887,0.0003142485511489,Callithrix jacchus,CS20250428_GROUP_0066,Interneuron,,AMY|SLEA|BNST|GABA,48,,,,,#b69e14,,CS20250428_SUBCL_0037,,F|GABA,29,#7ba2df,,CS20250428_CLASS_0006,,F|M|GABA,9,#cd0f13,,CS20250428_NEIGH_0002,,Subpallium|GABA,3,#19613b,,GGCGCTAGTCTTTGAC,P0010_2,231224,Princeton
ACCTACCTCTTAATGG-P0010_2,Subpallium GABA,CN LGE GABA,STR D2 MSN,STRv D2 MSN,Marmoset-1023,Marmoset-1023,CL:0000003,P0010_2,cjCroissant,10x multiome,EFO:0030059,Marmoset,NCBI:txid9483,Adult,Brain,Brain,unknown,unknown,unknown,unknown,unknown,unknown,normal,PATO:0000461,nucleus,True,231026,LPLCXR_231026_1,LPLCXR_231026_1_D7,477,14,1827,BR_PXR_231108_1,231024,LPLCXA_231024_1,LPLCXA_231024_1_G1,448,7,189.1,BR_PXA_231120_1,SI-TT-D7_i7,SI-TT-D7_b(i5),SI-NA-G1,24446,6135,0.0204938184469938,Callithrix jacchus,CS20250428_GROUP_0058,LGE,CL:4030052,STRv|D2 MSN,54,He et al. 2021,D2-Shell/OT,,ARHGAP6,#98df8a,,CS20250428_SUBCL_0029,CL:4023029,STR|D2 MSN,32,#253c8c,,CS20250428_CLASS_0003,,CN|LGE|GABA,10,#d0b83c,,CS20250428_NEIGH_0002,,Subpallium|GABA,3,#19613b,,ACCTACCTCTTAATGG,P0010_2,231224,Princeton
AGGTTAACAGTTTACG-P0010_2,Subpallium GABA,F M GABA,F GABA,AMY-SLEA-BNST GABA,Marmoset-1243,Marmoset-1243,CL:0000003,P0010_2,cjCroissant,10x multiome,EFO:0030059,Marmoset,NCBI:txid9483,Adult,Brain,Brain,unknown,unknown,unknown,unknown,unknown,unknown,normal,PATO:0000461,nucleus,True,231026,LPLCXR_231026_1,LPLCXR_231026_1_D7,477,14,1827,BR_PXR_231108_1,231024,LPLCXA_231024_1,LPLCXA_231024_1_G1,448,7,189.1,BR_PXA_231120_1,SI-TT-D7_i7,SI-TT-D7_b(i5),SI-NA-G1,22520,6025,0.0883497223258018,Callithrix jacchus,CS20250428_GROUP_0066,Interneuron,,AMY|SLEA|BNST|GABA,48,,,,,#b69e14,,CS20250428_SUBCL_0037,,F|GABA,29,#7ba2df,,CS20250428_CLASS_0006,,F|M|GABA,9,#cd0f13,,CS20250428_NEIGH_0002,,Subpallium|GABA,3,#19613b,,AGGTTAACAGTTTACG,P0010_2,231224,Princeton
TCATAACCAGTAAGTA-P0010_2,Subpallium GABA,CN LGE GABA,STR D1 MSN,STRv D1 MSN,Marmoset-93,Marmoset-93,CL:0000003,P0010_2,cjCroissant,10x multiome,EFO:0030059,Marmoset,NCBI:txid9483,Adult,Brain,Brain,unknown,unknown,unknown,unknown,unknown,unknown,normal,PATO:0000461,nucleus,True,231026,LPLCXR_231026_1,LPLCXR_231026_1_D7,477,14,1827,BR_PXR_231108_1,231024,LPLCXA_231024_1,LPLCXA_231024_1_G1,448,7,189.1,BR_PXA_231120_1,SI-TT-D7_i7,SI-TT-D7_b(i5),SI-NA-G1,21320,5583,0.001254761707969,Callithrix jacchus,CS20250428_GROUP_0056,LGE,CL:4030051,STRv|D1 MSN,51,He et al. 2021,D1-Shell/OT,,ARHGAP6,#339933,,CS20250428_SUBCL_0028,CL:4023026,STR|D1 MSN,31,#1655f2,,CS20250428_CLASS_0003,,CN|LGE|GABA,10,#d0b83c,,CS20250428_NEIGH_0002,,Subpallium|GABA,3,#19613b,,TCATAACCAGTAAGTA,P0010_2,231224,Princeton
CCCTGGACAGGACACA-P0010_2,Subpallium GABA,CN LGE GABA,STR D2 MSN,STRv D2 MSN,Marmoset-1009,Marmoset-1009,CL:0000003,P0010_2,cjCroissant,10x multiome,EFO:0030059,Marmoset,NCBI:txid9483,Adult,Brain,Brain,unknown,unknown,unknown,unknown,unknown,unknown,normal,PATO:0000461,nucleus,True,231026,LPLCXR_231026_1,LPLCXR_231026_1_D7,477,14,1827,BR_PXR_231108_1,231024,LPLCXA_231024_1,LPLCXA_231024_1_G1,448,7,189.1,BR_PXA_231120_1,SI-TT-D7_i7,SI-TT-D7_b(i5),SI-NA-G1,20635,5477,0.0547860004007816,Callithrix jacchus,CS20250428_GROUP_0058,LGE,CL:4030052,STRv|D2 MSN,54,He et al. 2021,D2-Shell/OT,,ARHGAP6,#98df8a,,CS20250428_SUBCL_0029,CL:4023029,STR|D2 MSN,32,#253c8c,,CS20250428_CLASS_0003,,CN|LGE|GABA,10,#d0b83c,,CS20250428_NEIGH_0002,,Subpallium|GABA,3,#19613b,,CCCTGGACAGGACACA,P0010_2,231224,Princeton
AAGCTTGGTGATCATG-P0010_2,Subpallium GABA,CN LGE GABA,STR D2 MSN,STRv D2 MSN,Marmoset-1000,Marmoset-1000,CL:0000003,P0010_2,cjCroissant,10x multiome,EFO:0030059,Marmoset,NCBI:txid9483,Adult,Brain,Brain,unknown,unknown,unknown,unknown,unknown,unknown,normal,PATO:0000461,nucleus,True,231026,LPLCXR_231026_1,LPLCXR_231026_1_D7,477,14,1827,BR_PXR_231108_1,231024,LPLCXA_231024_1,LPLCXA_231024_1_G1,448,7,189.1,BR_PXA_231120_1,SI-TT-D7_i7,SI-TT-D7_b(i5),SI-NA-G1,20575,5632,0.0003518596640788,Callithrix jacchus,CS20250428_GROUP_0058,LGE,CL:4030052,STRv|D2 MSN,54,He et al. 2021,D2-Shell/OT,,ARHGAP6,#98df8a,,CS20250428_SUBCL_0029,CL:4023029,STR|D2 MSN,32,#253c8c,,CS20250428_CLASS_0003,,CN|LGE|GABA,10,#d0b83c,,CS20250428_NEIGH_0002,,Subpallium|GABA,3,#19613b,,AAGCTTGGTGATCATG,P0010_2,231224,Princeton
GCCCATAAGACAGGTA-P0010_2,Subpallium GABA,CN LGE GABA,STR D2 MSN,STRd D2 Matrix MSN,Marmoset-77,Marmoset-77,CL:0000003,P0010_2,cjCroissant,10x multiome,EFO:0030059,Marmoset,NCBI:txid9483,Adult,Brain,Brain,unknown,unknown,unknown,unknown,unknown,unknown,normal,PATO:0000461,nucleus,True,231026,LPLCXR_231026_1,LPLCXR_231026_1_D7,477,14,1827,BR_PXR_231108_1,231024,LPLCXA_231024_1,LPLCXA_231024_1_G1,448,7,189.1,BR_PXA_231120_1,SI-TT-D7_i7,SI-TT-D7_b(i5),SI-NA-G1,20381,5355,0.0004932320443913,Callithrix jacchus,CS20250428_GROUP_0052,LGE,CL:4030047,STRd|D2 Matrix MSN,53,He et al. 2021,D2-Matrix,,STXBP6,#aec7e8,,CS20250428_SUBCL_0029,CL:4023029,STR|D2 MSN,32,#253c8c,,CS20250428_CLASS_0003,,CN|LGE|GABA,10,#d0b83c,,CS20250428_NEIGH_0002,,Subpallium|GABA,3,#19613b,,GCCCATAAGACAGGTA,P0010_2,231224,Princeton
CAACAATGTTCACCAT-P0010_2,Subpallium GABA,F M GABA,CN LHX8 GABA,GPe-NDB-SI LHX6-LHX8-GBX1 GABA,Marmoset-789,Marmoset-789,CL:0000003,P0010_2,cjCroissant,10x multiome,EFO:0030059,Marmoset,NCBI:txid9483,Adult,Brain,Brain,unknown,unknown,unknown,unknown,unknown,unknown,normal,PATO:0000461,nucleus,True,231026,LPLCXR_231026_1,LPLCXR_231026_1_D7,477,14,1827,BR_PXR_231108_1,231024,LPLCXA_231024_1,LPLCXA_231024_1_G1,448,7,189.1,BR_PXA_231120_1,SI-TT-D7_i7,SI-TT-D7_b(i5),SI-NA-G1,20485,5853,0.0003535698633641,Callithrix jacchus,CS20250428_GROUP_0020,Interneuron,,GPe|NDB|SI|LHX6|LHX8|GBX1|GABA,39,,,,,#653614,,CS20250428_SUBCL_0005,,CN|LHX8|GABA,25,#caf28b,,CS20250428_CLASS_0006,,F|M|GABA,9,#cd0f13,,CS20250428_NEIGH_0002,,Subpallium|GABA,3,#19613b,,CAACAATGTTCACCAT,P0010_2,231224,Princeton
AGCCGCTAGTAAGTGG-P0010_2,Subpallium GABA,CN MGE GABA,STR RSPO2 GABA,STR SST-RSPO2 GABA,Marmoset-939,Marmoset-939,CL:0000003,P0010_2,cjCroissant,10x multiome,EFO:0030059,Marmoset,NCBI:txid9483,Adult,Brain,Brain,unknown,unknown,unknown,unknown,unknown,unknown,normal,PATO:0000461,nucleus,True,231026,LPLCXR_231026_1,LPLCXR_231026_1_D7,477,14,1827,BR_PXR_231108_1,231024,LPLCXA_231024_1,LPLCXA_231024_1_G1,448,7,189.1,BR_PXA_231120_1,SI-TT-D7_i7,SI-TT-D7_b(i5),SI-NA-G1,19595,5428,0.0004240720591042,Callithrix jacchus,CS20250428_GROUP_0044,Interneuron,,STR|SST|RSPO2|GABA,31,,,,,#7f7f7f,,CS20250428_SUBCL_0031,,STR|RSPO2|GABA,21,#5b0e63,,CS20250428_CLASS_0005,,CN|MGE|GABA,7,#ce4c27,,CS20250428_NEIGH_0002,,Subpallium|GABA,3,#19613b,,AGCCGCTAGTAAGTGG,P0010_2,231224,Princeton
TGCTCCGTCTTTGTAC-P0010_2,Subpallium GABA,CN LGE GABA,STR D1 MSN,STRv D1 MSN,Marmoset-125,Marmoset-125,CL:0000003,P0010_2,cjCroissant,10x multiome,EFO:0030059,Marmoset,NCBI:txid9483,Adult,Brain,Brain,unknown,unknown,unknown,unknown,unknown,unknown,normal,PATO:0000461,nucleus,True,231026,LPLCXR_231026_1,LPLCXR_231026_1_D7,477,14,1827,BR_PXR_231108_1,231024,LPLCXA_231024_1,LPLCXA_231024_1_G1,448,7,189.1,BR_PXA_231120_1,SI-TT-D7_i7,SI-TT-D7_b(i5),SI-NA-G1,19375,5340,0.0004570703604258,Callithrix jacchus,CS20250428_GROUP_0056,LGE,CL:4030051,STRv|D1 MSN,51,He et al. 2021,D1-Shell/OT,,ARHGAP6,#339933,,CS20250428_SUBCL_0028,CL:4023026,STR|D1 MSN,31,#1655f2,,CS20250428_CLASS_0003,,CN|LGE|GABA,10,#d0b83c,,CS20250428_NEIGH_0002,,Subpallium|GABA,3,#19613b,,TGCTCCGTCTTTGTAC,P0010_2,231224,Princeton
TGGACGGAGTATGTGC-P0010_2,Subpallium GABA,CN LGE GABA,STR D2 MSN,STRv D2 MSN,Marmoset-1010,Marmoset-1010,CL:0000003,P0010_2,cjCroissant,10x multiome,EFO:0030059,Marmoset,NCBI:txid9483,Adult,Brain,Brain,unknown,unknown,unknown,unknown,unknown,unknown,normal,PATO:0000461,nucleus,True,231026,LPLCXR_231026_1,LPLCXR_231026_1_D7,477,14,1827,BR_PXR_231108_1,231024,LPLCXA_231024_1,LPLCXA_231024_1_G1,448,7,189.1,BR_PXA_231120_1,SI-TT-D7_i7,SI-TT-D7_b(i5),SI-NA-G1,19284,5418,0.050599280744791,Callithrix jacchus,CS20250428_GROUP_0058,LGE,CL:4030052,STRv|D2 MSN,54,He et al. 2021,D2-Shell/OT,,ARHGAP6,#98df8a,,CS20250428_SUBCL_0029,CL:4023029,STR|D2 MSN,32,#253c8c,,CS20250428_CLASS_0003,,CN|LGE|GABA,10,#d0b83c,,CS20250428_NEIGH_0002,,Subpallium|GABA,3,#19613b,,TGGACGGAGTATGTGC,P0010_2,231224,Princeton
CTGCTCCCAGCCAGTT-P0010_2,Glut Sero Dopa,F M Glut,F Glut,BF SKOR1 Glut,Marmoset-829,Marmoset-829,CL:0000003,P0010_2,cjCroissant,10x multiome,EFO:0030059,Marmoset,NCBI:txid9483,Adult,Brain,Brain,unknown,unknown,unknown,unknown,unknown,unknown,normal,PATO:0000461,nucleus,True,231026,LPLCXR_231026_1,LPLCXR_231026_1_D7,477,14,1827,BR_PXR_231108_1,231024,LPLCXA_231024_1,LPLCXA_231024_1_G1,448,7,189.1,BR_PXA_231120_1,SI-TT-D7_i7,SI-TT-D7_b(i5),SI-NA-G1,18578,5294,0.0007202526321634,Callithrix jacchus,CS20250428_GROUP_0008,Interneuron,,BF|SKOR1|Glut,19,,,,,#eb0077,,CS20250428_SUBCL_0013,PR 2771,F|Glut,14,#39e1e2,,CS20250428_CLASS_0007,,F|M|Glut,5,#7d0f09,,CS20250428_NEIGH_0000,PR 2579,Glut|Sero|Dopa,2,#91f4bb,,CTGCTCCCAGCCAGTT,P0010_2,231224,Princeton
ATGAAGTAGGACAATG-P0010_2,Subpallium GABA,CN LGE GABA,CN MEIS2 GABA,GPe MEIS2-SOX6 GABA,Marmoset-542,Marmoset-542,CL:0000003,P0010_2,cjCroissant,10x multiome,EFO:0030059,Marmoset,NCBI:txid9483,Adult,Brain,Brain,unknown,unknown,unknown,unknown,unknown,unknown,normal,PATO:0000461,nucleus,True,231026,LPLCXR_231026_1,LPLCXR_231026_1_D7,477,14,1827,BR_PXR_231108_1,231024,LPLCXA_231024_1,LPLCXA_231024_1_G1,448,7,189.1,BR_PXA_231120_1,SI-TT-D7_i7,SI-TT-D7_b(i5),SI-NA-G1,17701,5070,0.0005767192342318,Callithrix jacchus,CS20250428_GROUP_0013,LGE,,GPe|MEIS2|SOX6|GABA,49,,,,,#937a2e,,CS20250428_SUBCL_0006,,CN|MEIS2|GABA,30,#d8f378,,CS20250428_CLASS_0003,,CN|LGE|GABA,10,#d0b83c,,CS20250428_NEIGH_0002,,Subpallium|GABA,3,#19613b,,ATGAAGTAGGACAATG,P0010_2,231224,Princeton
ACCCAGGGTGGAGCAA-P0010_2,Glut Sero Dopa,F M Glut,F Glut,BF SKOR1 Glut,Marmoset-830,Marmoset-830,CL:0000003,P0010_2,cjCroissant,10x multiome,EFO:0030059,Marmoset,NCBI:txid9483,Adult,Brain,Brain,unknown,unknown,unknown,unknown,unknown,unknown,normal,PATO:0000461,nucleus,True,231026,LPLCXR_231026_1,LPLCXR_231026_1_D7,477,14,1827,BR_PXR_231108_1,231024,LPLCXA_231024_1,LPLCXA_231024_1_G1,448,7,189.1,BR_PXA_231120_1,SI-TT-D7_i7,SI-TT-D7_b(i5),SI-NA-G1,17105,5422,0.0005657686269842,Callithrix jacchus,CS20250428_GROUP_0008,Interneuron,,BF|SKOR1|Glut,19,,,,,#eb0077,,CS20250428_SUBCL_0013,PR 2771,F|Glut,14,#39e1e2,,CS20250428_CLASS_0007,,F|M|Glut,5,#7d0f09,,CS20250428_NEIGH_0000,PR 2579,Glut|Sero|Dopa,2,#91f4bb,,ACCCAGGGTGGAGCAA,P0010_2,231224,Princeton
TAGCGGACATGAAGTA-P0010_2,Subpallium GABA,CN MGE GABA,CN Cholinergic GABA,STR Cholinergic GABA,Marmoset-725,Marmoset-725,CL:0000003,P0010_2,cjCroissant,10x multiome,EFO:0030059,Marmoset,NCBI:txid9483,Adult,Brain,Brain,unknown,unknown,unknown,unknown,unknown,unknown,normal,PATO:0000461,nucleus,True,231026,LPLCXR_231026_1,LPLCXR_231026_1_D7,477,14,1827,BR_PXR_231108_1,231024,LPLCXA_231024_1,LPLCXA_231024_1_G1,448,7,189.1,BR_PXA_231120_1,SI-TT-D7_i7,SI-TT-D7_b(i5),SI-NA-G1,16739,5442,0.0004676917160395,Callithrix jacchus,CS20250428_GROUP_0055,Interneuron,,STR|Cholinergic|GABA,34,,,,,#8f5ff5,,CS20250428_SUBCL_0001,,CN|Cholinergic|GABA,22,#b1f081,,CS20250428_CLASS_0005,,CN|MGE|GABA,7,#ce4c27,,CS20250428_NEIGH_0002,,Subpallium|GABA,3,#19613b,,TAGCGGACATGAAGTA,P0010_2,231224,Princeton
GCAATCTAGAAACTGG-P0010_2,Subpallium GABA,CN LGE GABA,STR D2 MSN,STRv D2 MSN,Marmoset-154,Marmoset-154,CL:0000003,P0010_2,cjCroissant,10x multiome,EFO:0030059,Marmoset,NCBI:txid9483,Adult,Brain,Brain,unknown,unknown,unknown,unknown,unknown,unknown,normal,PATO:0000461,nucleus,True,231026,LPLCXR_231026_1,LPLCXR_231026_1_D7,477,14,1827,BR_PXR_231108_1,231024,LPLCXA_231024_1,LPLCXA_231024_1_G1,448,7,189.1,BR_PXA_231120_1,SI-TT-D7_i7,SI-TT-D7_b(i5),SI-NA-G1,16743,4823,0.0220989603549242,Callithrix jacchus,CS20250428_GROUP_0058,LGE,CL:4030052,STRv|D2 MSN,54,He et al. 2021,D2-Shell/OT,,ARHGAP6,#98df8a,,CS20250428_SUBCL_0029,CL:4023029,STR|D2 MSN,32,#253c8c,,CS20250428_CLASS_0003,,CN|LGE|GABA,10,#d0b83c,,CS20250428_NEIGH_0002,,Subpallium|GABA,3,#19613b,,GCAATCTAGAAACTGG,P0010_2,231224,Princeton
CGCTTCTAGCGGGCAA-P0010_2,Subpallium GABA,CN LGE GABA,STR Hybrid MSN,STRv D1 NUDAP MSN,Marmoset-214,Marmoset-214,CL:0000003,P0010_2,cjCroissant,10x multiome,EFO:0030059,Marmoset,NCBI:txid9483,Adult,Brain,Brain,unknown,unknown,unknown,unknown,unknown,unknown,normal,PATO:0000461,nucleus,True,231026,LPLCXR_231026_1,LPLCXR_231026_1_D7,477,14,1827,BR_PXR_231108_1,231024,LPLCXA_231024_1,LPLCXA_231024_1_G1,448,7,189.1,BR_PXA_231120_1,SI-TT-D7_i7,SI-TT-D7_b(i5),SI-NA-G1,15611,4618,0.0075197108089923,Callithrix jacchus,CS20250428_GROUP_0057,LGE,CL:4030054,STRv|D1 NUDAP MSN,57,He et al. 2021,D1-NUDAP,,GRIA4,#e377c2,,CS20250428_SUBCL_0030,CL:4030050,STR|Hybrid MSN,33,#79bdf4,,CS20250428_CLASS_0003,,CN|LGE|GABA,10,#d0b83c,,CS20250428_NEIGH_0002,,Subpallium|GABA,3,#19613b,,CGCTTCTAGCGGGCAA,P0010_2,231224,Princeton
CTAATCCGTGCATTAG-P0010_2,Subpallium GABA,CN CGE GABA,CN VIP GABA,VIP GABA,Marmoset-313,Marmoset-313,CL:0000003,P0010_2,cjCroissant,10x multiome,EFO:0030059,Marmoset,NCBI:txid9483,Adult,Brain,Brain,unknown,unknown,unknown,unknown,unknown,unknown,normal,PATO:0000461,nucleus,True,231026,LPLCXR_231026_1,LPLCXR_231026_1_D7,477,14,1827,BR_PXR_231108_1,231024,LPLCXA_231024_1,LPLCXA_231024_1_G1,448,7,189.1,BR_PXA_231120_1,SI-TT-D7_i7,SI-TT-D7_b(i5),SI-NA-G1,14348,4775,0.0010572945466265,Callithrix jacchus,CS20250428_GROUP_0047,Interneuron,Need to Create a PR,VIP|GABA,37,Krienen et al. 2020,VIP,,VIP,#fc2b80,,CS20250428_SUBCL_0009,,CN|VIP|GABA,24,#1bc06a,,CS20250428_CLASS_0001,,CN|CGE|GABA,8,#26e8bb,,CS20250428_NEIGH_0002,,Subpallium|GABA,3,#19613b,,CTAATCCGTGCATTAG,P0010_2,231224,Princeton
GTTCCTGGTGTTAAAC-P0010_2,Subpallium GABA,CN MGE GABA,CN ST18 GABA,STR-BF TAC3-PLPP4-LHX8 GABA,Marmoset-283,Marmoset-283,CL:0000003,P0010_2,cjCroissant,10x multiome,EFO:0030059,Marmoset,NCBI:txid9483,Adult,Brain,Brain,unknown,unknown,unknown,unknown,unknown,unknown,normal,PATO:0000461,nucleus,True,231026,LPLCXR_231026_1,LPLCXR_231026_1_D7,477,14,1827,BR_PXR_231108_1,231024,LPLCXA_231024_1,LPLCXA_231024_1_G1,448,7,189.1,BR_PXA_231120_1,SI-TT-D7_i7,SI-TT-D7_b(i5),SI-NA-G1,13303,4640,0.0004303295281715,Callithrix jacchus,CS20250428_GROUP_0046,Interneuron,,STR|BF|TAC3|PLPP4|LHX8|GABA,26,,,,,#9d3b4f,,CS20250428_SUBCL_0008,,CN|ST18|GABA,18,#5fd989,,CS20250428_CLASS_0005,,CN|MGE|GABA,7,#ce4c27,,CS20250428_NEIGH_0002,,Subpallium|GABA,3,#19613b,,GTTCCTGGTGTTAAAC,P0010_2,231224,Princeton
GCGATTTAGAGGAGGA-P0010_2,Subpallium GABA,CN MGE GABA,STR RSPO2 GABA,STR SST-RSPO2 GABA,Marmoset-924,Marmoset-924,CL:0000003,P0010_2,cjCroissant,10x multiome,EFO:0030059,Marmoset,NCBI:txid9483,Adult,Brain,Brain,unknown,unknown,unknown,unknown,unknown,unknown,normal,PATO:0000461,nucleus,True,231026,LPLCXR_231026_1,LPLCXR_231026_1_D7,477,14,1827,BR_PXR_231108_1,231024,LPLCXA_231024_1,LPLCXA_231024_1_G1,448,7,189.1,BR_PXA_231120_1,SI-TT-D7_i7,SI-TT-D7_b(i5),SI-NA-G1,12041,4232,0.0009616630850359,Callithrix jacchus,CS20250428_GROUP_0044,Interneuron,,STR|SST|RSPO2|GABA,31,,,,,#7f7f7f,,CS20250428_SUBCL_0031,,STR|RSPO2|GABA,21,#5b0e63,,CS20250428_CLASS_0005,,CN|MGE|GABA,7,#ce4c27,,CS20250428_NEIGH_0002,,Subpallium|GABA,3,#19613b,,GCGATTTAGAGGAGGA,P0010_2,231224,Princeton
GGCAATCGTTTAACGG-P0010_2,Subpallium GABA,CN LGE GABA,STR D1 MSN,STRv D1 MSN,Marmoset-203,Marmoset-203,CL:0000003,P0010_2,cjCroissant,10x multiome,EFO:0030059,Marmoset,NCBI:txid9483,Adult,Brain,Brain,unknown,unknown,unknown,unknown,unknown,unknown,normal,PATO:0000461,nucleus,True,231026,LPLCXR_231026_1,LPLCXR_231026_1_D7,477,14,1827,BR_PXR_231108_1,231024,LPLCXA_231024_1,LPLCXA_231024_1_G1,448,7,189.1,BR_PXA_231120_1,SI-TT-D7_i7,SI-TT-D7_b(i5),SI-NA-G1,11677,4261,0.0003445536422077,Callithrix jacchus,CS20250428_GROUP_0056,LGE,CL:4030051,STRv|D1 MSN,51,He et al. 2021,D1-Shell/OT,,ARHGAP6,#339933,,CS20250428_SUBCL_0028,CL:4023026,STR|D1 MSN,31,#1655f2,,CS20250428_CLASS_0003,,CN|LGE|GABA,10,#d0b83c,,CS20250428_NEIGH_0002,,Subpallium|GABA,3,#19613b,,GGCAATCGTTTAACGG,P0010_2,231224,Princeton
CATAACGGTTCCTGTG-P0010_2,Glut Sero Dopa,F M Glut,F Glut,BF SKOR1 Glut,Marmoset-831,Marmoset-831,CL:0000003,P0010_2,cjCroissant,10x multiome,EFO:0030059,Marmoset,NCBI:txid9483,Adult,Brain,Brain,unknown,unknown,unknown,unknown,unknown,unknown,normal,PATO:0000461,nucleus,True,231026,LPLCXR_231026_1,LPLCXR_231026_1_D7,477,14,1827,BR_PXR_231108_1,231024,LPLCXA_231024_1,LPLCXA_231024_1_G1,448,7,189.1,BR_PXA_231120_1,SI-TT-D7_i7,SI-TT-D7_b(i5),SI-NA-G1,11509,4291,0.0015293544856831,Callithrix jacchus,CS20250428_GROUP_0008,Interneuron,,BF|SKOR1|Glut,19,,,,,#eb0077,,CS20250428_SUBCL_0013,PR 2771,F|Glut,14,#39e1e2,,CS20250428_CLASS_0007,,F|M|Glut,5,#7d0f09,,CS20250428_NEIGH_0000,PR 2579,Glut|Sero|Dopa,2,#91f4bb,,CATAACGGTTCCTGTG,P0010_2,231224,Princeton
TGTGGAGCATAACGGG-P0010_2,Subpallium GABA,CN CGE GABA,CN VIP GABA,VIP GABA,Marmoset-300,Marmoset-300,CL:0000003,P0010_2,cjCroissant,10x multiome,EFO:0030059,Marmoset,NCBI:txid9483,Adult,Brain,Brain,unknown,unknown,unknown,unknown,unknown,unknown,normal,PATO:0000461,nucleus,True,231026,LPLCXR_231026_1,LPLCXR_231026_1_D7,477,14,1827,BR_PXR_231108_1,231024,LPLCXA_231024_1,LPLCXA_231024_1_G1,448,7,189.1,BR_PXA_231120_1,SI-TT-D7_i7,SI-TT-D7_b(i5),SI-NA-G1,9648,3838,0.000400675839046,Callithrix jacchus,CS20250428_GROUP_0047,Interneuron,Need to Create a PR,VIP|GABA,37,Krienen et al. 2020,VIP,,VIP,#fc2b80,,CS20250428_SUBCL_0009,,CN|VIP|GABA,24,#1bc06a,,CS20250428_CLASS_0001,,CN|CGE|GABA,8,#26e8bb,,CS20250428_NEIGH_0002,,Subpallium|GABA,3,#19613b,,TGTGGAGCATAACGGG,P0010_2,231224,Princeton
GCCACTAAGTTATGTG-P0010_2,Subpallium GABA,CN MGE GABA,STR SST GABA,STR SST-ADARB2 GABA,Marmoset-739,Marmoset-739,CL:0000003,P0010_2,cjCroissant,10x multiome,EFO:0030059,Marmoset,NCBI:txid9483,Adult,Brain,Brain,unknown,unknown,unknown,unknown,unknown,unknown,normal,PATO:0000461,nucleus,True,231026,LPLCXR_231026_1,LPLCXR_231026_1_D7,477,14,1827,BR_PXR_231108_1,231024,LPLCXA_231024_1,LPLCXA_231024_1_G1,448,7,189.1,BR_PXA_231120_1,SI-TT-D7_i7,SI-TT-D7_b(i5),SI-NA-G1,7796,3445,0.0004128866712562,Callithrix jacchus,CS20250428_GROUP_0042,Interneuron,,STR|SST|ADARB2|GABA,30,,,,,#cfebed,,CS20250428_SUBCL_0032,,STR|SST|GABA,20,#ed8d40,,CS20250428_CLASS_0005,,CN|MGE|GABA,7,#ce4c27,,CS20250428_NEIGH_0002,,Subpallium|GABA,3,#19613b,,GCCACTAAGTTATGTG,P0010_2,231224,Princeton
CGCATGATCCATTACT-P0010_2,Subpallium GABA,CN LGE GABA,STR D1 MSN,STRv D1 MSN,Marmoset-1226,Marmoset-1226,CL:0000003,P0010_2,cjCroissant,10x multiome,EFO:0030059,Marmoset,NCBI:txid9483,Adult,Brain,Brain,unknown,unknown,unknown,unknown,unknown,unknown,normal,PATO:0000461,nucleus,True,231026,LPLCXR_231026_1,LPLCXR_231026_1_D7,477,14,1827,BR_PXR_231108_1,231024,LPLCXA_231024_1,LPLCXA_231024_1_G1,448,7,189.1,BR_PXA_231120_1,SI-TT-D7_i7,SI-TT-D7_b(i5),SI-NA-G1,7181,3586,0.000184638382052,Callithrix jacchus,CS20250428_GROUP_0056,LGE,CL:4030051,STRv|D1 MSN,51,He et al. 2021,D1-Shell/OT,,ARHGAP6,#339933,,CS20250428_SUBCL_0028,CL:4023026,STR|D1 MSN,31,#1655f2,,CS20250428_CLASS_0003,,CN|LGE|GABA,10,#d0b83c,,CS20250428_NEIGH_0002,,Subpallium|GABA,3,#19613b,,CGCATGATCCATTACT,P0010_2,231224,Princeton
CTGGCTTTCACTCGCT-P0010_2,Nonneuron,OPC-Oligo,Oligodendrocyte,ImOligo,Marmoset-107,Marmoset-107,CL:0000003,P0010_2,cjCroissant,10x multiome,EFO:0030059,Marmoset,NCBI:txid9483,Adult,Brain,Brain,unknown,unknown,unknown,unknown,unknown,unknown,normal,PATO:0000461,nucleus,True,231026,LPLCXR_231026_1,LPLCXR_231026_1_D7,477,14,1827,BR_PXR_231108_1,231024,LPLCXA_231024_1,LPLCXA_231024_1_G1,448,7,189.1,BR_PXA_231120_1,SI-TT-D7_i7,SI-TT-D7_b(i5),SI-NA-G1,2150,1299,0.0047549223527312,Callithrix jacchus,CS20250428_GROUP_0018,Nonneuron,CL:4042031,ImOligo,11,Jäkel et al. 2019,,,,#711c24,,CS20250428_SUBCL_0022,CL:0000128,Oligodendrocyte,7,#def476,,CS20250428_CLASS_0010,CL:0000095,OPC|Oligo,3,#8605d4,,CS20250428_NEIGH_0001,CL:0000000,Nonneuron,1,#f2ca7d,,CTGGCTTTCACTCGCT,P0010_2,231224,Princeton
CATTTGTTCTTGACCC-P0010_1,Nonneuron,OPC-Oligo,Oligodendrocyte,ImOligo,Marmoset-104,Marmoset-104,CL:0000003,P0010_1,cjCroissant,10x multiome,EFO:0030059,Marmoset,NCBI:txid9483,Adult,Brain,Brain,unknown,unknown,unknown,unknown,unknown,unknown,normal,PATO:0000461,nucleus,True,231026,LPLCXR_231026_1,LPLCXR_231026_1_C7,496,14,1281,BR_PXR_231108_1,231024,LPLCXA_231024_1,LPLCXA_231024_1_F1,424,7,218.88,BR_PXA_231120_1,SI-TT-C7_i7,SI-TT-C7_b(i5),SI-NA-F1,61879,8678,0.0681785047054291,Callithrix jacchus,CS20250428_GROUP_0018,Nonneuron,CL:4042031,ImOligo,11,Jäkel et al. 2019,,,,#711c24,,CS20250428_SUBCL_0022,CL:0000128,Oligodendrocyte,7,#def476,,CS20250428_CLASS_0010,CL:0000095,OPC|Oligo,3,#8605d4,,CS20250428_NEIGH_0001,CL:0000000,Nonneuron,1,#f2ca7d,,CATTTGTTCTTGACCC,P0010_1,231224,Princeton
TCCCTGGTCACGTTAA-P0010_1,Subpallium GABA,CN LGE GABA,STR D2 MSN,STRv D2 MSN,Marmoset-1005,Marmoset-1005,CL:0000003,P0010_1,cjCroissant,10x multiome,EFO:0030059,Marmoset,NCBI:txid9483,Adult,Brain,Brain,unknown,unknown,unknown,unknown,unknown,unknown,normal,PATO:0000461,nucleus,True,231026,LPLCXR_231026_1,LPLCXR_231026_1_C7,496,14,1281,BR_PXR_231108_1,231024,LPLCXA_231024_1,LPLCXA_231024_1_F1,424,7,218.88,BR_PXA_231120_1,SI-TT-C7_i7,SI-TT-C7_b(i5),SI-NA-F1,26632,6004,0.58937931060791,Callithrix jacchus,CS20250428_GROUP_0058,LGE,CL:4030052,STRv|D2 MSN,54,He et al. 2021,D2-Shell/OT,,ARHGAP6,#98df8a,,CS20250428_SUBCL_0029,CL:4023029,STR|D2 MSN,32,#253c8c,,CS20250428_CLASS_0003,,CN|LGE|GABA,10,#d0b83c,,CS20250428_NEIGH_0002,,Subpallium|GABA,3,#19613b,,TCCCTGGTCACGTTAA,P0010_1,231224,Princeton
AGTGCCGGTTATCGAG-P0010_1,Subpallium GABA,CN LGE GABA,STR D1 MSN,STRv D1 MSN,Marmoset-1228,Marmoset-1228,CL:0000003,P0010_1,cjCroissant,10x multiome,EFO:0030059,Marmoset,NCBI:txid9483,Adult,Brain,Brain,unknown,unknown,unknown,unknown,unknown,unknown,normal,PATO:0000461,nucleus,True,231026,LPLCXR_231026_1,LPLCXR_231026_1_C7,496,14,1281,BR_PXR_231108_1,231024,LPLCXA_231024_1,LPLCXA_231024_1_F1,424,7,218.88,BR_PXA_231120_1,SI-TT-C7_i7,SI-TT-C7_b(i5),SI-NA-F1,17844,5056,0.461340606212616,Callithrix jacchus,CS20250428_GROUP_0056,LGE,CL:4030051,STRv|D1 MSN,51,He et al. 2021,D1-Shell/OT,,ARHGAP6,#339933,,CS20250428_SUBCL_0028,CL:4023026,STR|D1 MSN,31,#1655f2,,CS20250428_CLASS_0003,,CN|LGE|GABA,10,#d0b83c,,CS20250428_NEIGH_0002,,Subpallium|GABA,3,#19613b,,AGTGCCGGTTATCGAG,P0010_1,231224,Princeton
GCTGCATCATTATGCG-P0010_1,Subpallium GABA,CN MGE GABA,CN LAMP5-LHX6 GABA,LAMP5-LHX6 GABA,Marmoset-358,Marmoset-358,CL:0000003,P0010_1,cjCroissant,10x multiome,EFO:0030059,Marmoset,NCBI:txid9483,Adult,Brain,Brain,unknown,unknown,unknown,unknown,unknown,unknown,normal,PATO:0000461,nucleus,True,231026,LPLCXR_231026_1,LPLCXR_231026_1_C7,496,14,1281,BR_PXR_231108_1,231024,LPLCXA_231024_1,LPLCXA_231024_1_F1,424,7,218.88,BR_PXA_231120_1,SI-TT-C7_i7,SI-TT-C7_b(i5),SI-NA-F1,17721,5316,0.001721654785797,Callithrix jacchus,CS20250428_GROUP_0005,Interneuron,,LAMP5|LHX6|GABA,25,,LAMP5,,"LAMP5, LHX6",#00af88,,CS20250428_SUBCL_0003,,CN|LAMP5|LHX6|GABA,17,#f48d44,,CS20250428_CLASS_0005,,CN|MGE|GABA,7,#ce4c27,,CS20250428_NEIGH_0002,,Subpallium|GABA,3,#19613b,,GCTGCATCATTATGCG,P0010_1,231224,Princeton
TCGGTTACACGCAACT-P0010_1,Nonneuron,Astro-Epen,Astrocyte,Astrocyte,Marmoset-521,Marmoset-521,CL:0000003,P0010_1,cjCroissant,10x multiome,EFO:0030059,Marmoset,NCBI:txid9483,Adult,Brain,Brain,unknown,unknown,unknown,unknown,unknown,unknown,normal,PATO:0000461,nucleus,True,231026,LPLCXR_231026_1,LPLCXR_231026_1_C7,496,14,1281,BR_PXR_231108_1,231024,LPLCXA_231024_1,LPLCXA_231024_1_F1,424,7,218.88,BR_PXA_231120_1,SI-TT-C7_i7,SI-TT-C7_b(i5),SI-NA-F1,13482,5012,0.565861701965332,Callithrix jacchus,CS20250428_GROUP_0039,Nonneuron,CL:0000127,Astrocyte,1,Yao et al. 2023,,,,#e16c95,,CS20250428_SUBCL_0000,CL:0000127,Astrocyte,1,#604f15,,CS20250428_CLASS_0000,CL:0000125,Astro|Epen,1,#6ec0da,,CS20250428_NEIGH_0001,CL:0000000,Nonneuron,1,#f2ca7d,,TCGGTTACACGCAACT,P0010_1,231224,Princeton
CCTTAGTGTTACTTCA-P0010_1,Subpallium GABA,CN LGE GABA,OT Granular GABA,OT D1 ICj,Marmoset-1229,Marmoset-1229,CL:0000003,P0010_1,cjCroissant,10x multiome,EFO:0030059,Marmoset,NCBI:txid9483,Adult,Brain,Brain,unknown,unknown,unknown,unknown,unknown,unknown,normal,PATO:0000461,nucleus,True,231026,LPLCXR_231026_1,LPLCXR_231026_1_C7,496,14,1281,BR_PXR_231108_1,231024,LPLCXA_231024_1,LPLCXA_231024_1_F1,424,7,218.88,BR_PXA_231120_1,SI-TT-C7_i7,SI-TT-C7_b(i5),SI-NA-F1,6043,2647,0.0015436478424817,Callithrix jacchus,CS20250428_GROUP_0024,LGE,CL:4030053,OT|D1 ICj,59,He et al. 2021,D1-ICj (Islands of Calleja),D1 Islands of Calleja,"CPNE4, DRD3",#ff7f0e,,CS20250428_SUBCL_0021,CL:4030053,OT|Granular|GABA,34,#9160cb,,CS20250428_CLASS_0003,,CN|LGE|GABA,10,#d0b83c,,CS20250428_NEIGH_0002,,Subpallium|GABA,3,#19613b,,CCTTAGTGTTACTTCA,P0010_1,231224,Princeton
CCGTTAACATGTTGTG-P0011_1,Subpallium GABA,CN LGE GABA,STR D1 MSN,STRd D1 Matrix MSN,Marmoset-94,Marmoset-94,CL:0000003,P0011_1,cjNutmeg,10x multiome,EFO:0030059,Marmoset,NCBI:txid9483,Adult,Brain,Brain,unknown,unknown,unknown,unknown,unknown,unknown,normal,PATO:0000461,nucleus,True,231101,LPLCXR_231101_1,LPLCXR_231101_1_E7,511,13,1090,BR_PXR_231108_1,231031,LPLCXA_231031_1,LPLCXA_231031_1_D2,390,7,318.0,BR_PXA_231120_1,SI-TT-E7_i7,SI-TT-E7_b(i5),SI-NA-D2,75624,9390,0.730609059333801,Callithrix jacchus,CS20250428_GROUP_0049,LGE,CL:4030043,STRd|D1 Matrix MSN,50,He et al. 2021,D1-Matrix,,STXBP6,#1f77b4,,CS20250428_SUBCL_0028,CL:4023026,STR|D1 MSN,31,#1655f2,,CS20250428_CLASS_0003,,CN|LGE|GABA,10,#d0b83c,,CS20250428_NEIGH_0002,,Subpallium|GABA,3,#19613b,,CCGTTAACATGTTGTG,P0011_1,231224,Princeton
GGTTTCTGTGGCTTCC-P0011_1,Subpallium GABA,CN LGE GABA,STR D2 MSN,STRv D2 MSN,Marmoset-1026,Marmoset-1026,CL:0000003,P0011_1,cjNutmeg,10x multiome,EFO:0030059,Marmoset,NCBI:txid9483,Adult,Brain,Brain,unknown,unknown,unknown,unknown,unknown,unknown,normal,PATO:0000461,nucleus,True,231101,LPLCXR_231101_1,LPLCXR_231101_1_E7,511,13,1090,BR_PXR_231108_1,231031,LPLCXA_231031_1,LPLCXA_231031_1_D2,390,7,318.0,BR_PXA_231120_1,SI-TT-E7_i7,SI-TT-E7_b(i5),SI-NA-D2,60146,8575,0.779064178466797,Callithrix jacchus,CS20250428_GROUP_0058,LGE,CL:4030052,STRv|D2 MSN,54,He et al. 2021,D2-Shell/OT,,ARHGAP6,#98df8a,,CS20250428_SUBCL_0029,CL:4023029,STR|D2 MSN,32,#253c8c,,CS20250428_CLASS_0003,,CN|LGE|GABA,10,#d0b83c,,CS20250428_NEIGH_0002,,Subpallium|GABA,3,#19613b,,GGTTTCTGTGGCTTCC,P0011_1,231224,Princeton
CTACTTAGTTCACTGT-P0011_1,Subpallium GABA,CN LGE GABA,STR D1 MSN,STRd D1 Striosome MSN,Marmoset-200,Marmoset-200,CL:0000003,P0011_1,cjNutmeg,10x multiome,EFO:0030059,Marmoset,NCBI:txid9483,Adult,Brain,Brain,unknown,unknown,unknown,unknown,unknown,unknown,normal,PATO:0000461,nucleus,True,231101,LPLCXR_231101_1,LPLCXR_231101_1_E7,511,13,1090,BR_PXR_231108_1,231031,LPLCXA_231031_1,LPLCXA_231031_1_D2,390,7,318.0,BR_PXA_231120_1,SI-TT-E7_i7,SI-TT-E7_b(i5),SI-NA-D2,55445,8253,0.549731314182281,Callithrix jacchus,CS20250428_GROUP_0050,LGE,CL:4030048,STRd|D1 Striosome MSN,52,He et al. 2021,D1-Striosome,,KCNIP1,#d62728,,CS20250428_SUBCL_0028,CL:4023026,STR|D1 MSN,31,#1655f2,,CS20250428_CLASS_0003,,CN|LGE|GABA,10,#d0b83c,,CS20250428_NEIGH_0002,,Subpallium|GABA,3,#19613b,,CTACTTAGTTCACTGT,P0011_1,231224,Princeton
ACCATAATCTTGAGGT-P0011_1,Subpallium GABA,CN LGE GABA,STR Hybrid MSN,STR D1D2 Hybrid MSN,Marmoset-205,Marmoset-205,CL:0000003,P0011_1,cjNutmeg,10x multiome,EFO:0030059,Marmoset,NCBI:txid9483,Adult,Brain,Brain,unknown,unknown,unknown,unknown,unknown,unknown,normal,PATO:0000461,nucleus,True,231101,LPLCXR_231101_1,LPLCXR_231101_1_E7,511,13,1090,BR_PXR_231108_1,231031,LPLCXA_231031_1,LPLCXA_231031_1_D2,390,7,318.0,BR_PXA_231120_1,SI-TT-E7_i7,SI-TT-E7_b(i5),SI-NA-D2,48854,7391,0.704495906829834,Callithrix jacchus,CS20250428_GROUP_0051,LGE,CL:4030050,STR|D1D2 Hybrid MSN,58,He et al. 2021,D1/D2 Hybrid,,"CRHR2, GRIK1",#9467bd,,CS20250428_SUBCL_0030,CL:4030050,STR|Hybrid MSN,33,#79bdf4,,CS20250428_CLASS_0003,,CN|LGE|GABA,10,#d0b83c,,CS20250428_NEIGH_0002,,Subpallium|GABA,3,#19613b,,ACCATAATCTTGAGGT,P0011_1,231224,Princeton
GCATCCTTCGCGCTAA-P0011_1,Subpallium GABA,CN LGE GABA,STR D2 MSN,STRd D2 Matrix MSN,Marmoset-70,Marmoset-70,CL:0000003,P0011_1,cjNutmeg,10x multiome,EFO:0030059,Marmoset,NCBI:txid9483,Adult,Brain,Brain,unknown,unknown,unknown,unknown,unknown,unknown,normal,PATO:0000461,nucleus,True,231101,LPLCXR_231101_1,LPLCXR_231101_1_E7,511,13,1090,BR_PXR_231108_1,231031,LPLCXA_231031_1,LPLCXA_231031_1_D2,390,7,318.0,BR_PXA_231120_1,SI-TT-E7_i7,SI-TT-E7_b(i5),SI-NA-D2,46154,6460,0.0019582400564104,Callithrix jacchus,CS20250428_GROUP_0052,LGE,CL:4030047,STRd|D2 Matrix MSN,53,He et al. 2021,D2-Matrix,,STXBP6,#aec7e8,,CS20250428_SUBCL_0029,CL:4023029,STR|D2 MSN,32,#253c8c,,CS20250428_CLASS_0003,,CN|LGE|GABA,10,#d0b83c,,CS20250428_NEIGH_0002,,Subpallium|GABA,3,#19613b,,GCATCCTTCGCGCTAA,P0011_1,231224,Princeton
TACCTTAGTGTGCACG-P0011_1,Subpallium GABA,CN LGE GABA,STR D2 MSN,STRd D2 Matrix MSN,Marmoset-67,Marmoset-67,CL:0000003,P0011_1,cjNutmeg,10x multiome,EFO:0030059,Marmoset,NCBI:txid9483,Adult,Brain,Brain,unknown,unknown,unknown,unknown,unknown,unknown,normal,PATO:0000461,nucleus,True,231101,LPLCXR_231101_1,LPLCXR_231101_1_E7,511,13,1090,BR_PXR_231108_1,231031,LPLCXA_231031_1,LPLCXA_231031_1_D2,390,7,318.0,BR_PXA_231120_1,SI-TT-E7_i7,SI-TT-E7_b(i5),SI-NA-D2,41782,7234,0.674857616424561,Callithrix jacchus,CS20250428_GROUP_0052,LGE,CL:4030047,STRd|D2 Matrix MSN,53,He et al. 2021,D2-Matrix,,STXBP6,#aec7e8,,CS20250428_SUBCL_0029,CL:4023029,STR|D2 MSN,32,#253c8c,,CS20250428_CLASS_0003,,CN|LGE|GABA,10,#d0b83c,,CS20250428_NEIGH_0002,,Subpallium|GABA,3,#19613b,,TACCTTAGTGTGCACG,P0011_1,231224,Princeton
CTCTTGATCATGCTCC-P0011_1,Subpallium GABA,CN LGE GABA,STR D1 MSN,STRv D1 MSN,Marmoset-1230,Marmoset-1230,CL:0000003,P0011_1,cjNutmeg,10x multiome,EFO:0030059,Marmoset,NCBI:txid9483,Adult,Brain,Brain,unknown,unknown,unknown,unknown,unknown,unknown,normal,PATO:0000461,nucleus,True,231101,LPLCXR_231101_1,LPLCXR_231101_1_E7,511,13,1090,BR_PXR_231108_1,231031,LPLCXA_231031_1,LPLCXA_231031_1_D2,390,7,318.0,BR_PXA_231120_1,SI-TT-E7_i7,SI-TT-E7_b(i5),SI-NA-D2,40869,6717,0.0274631548672915,Callithrix jacchus,CS20250428_GROUP_0056,LGE,CL:4030051,STRv|D1 MSN,51,He et al. 2021,D1-Shell/OT,,ARHGAP6,#339933,,CS20250428_SUBCL_0028,CL:4023026,STR|D1 MSN,31,#1655f2,,CS20250428_CLASS_0003,,CN|LGE|GABA,10,#d0b83c,,CS20250428_NEIGH_0002,,Subpallium|GABA,3,#19613b,,CTCTTGATCATGCTCC,P0011_1,231224,Princeton
ATTCAACCATGCTATG-P0011_1,Subpallium GABA,CN LGE GABA,STR D1 MSN,STRd D1 Matrix MSN,Marmoset-71,Marmoset-71,CL:0000003,P0011_1,cjNutmeg,10x multiome,EFO:0030059,Marmoset,NCBI:txid9483,Adult,Brain,Brain,unknown,unknown,unknown,unknown,unknown,unknown,normal,PATO:0000461,nucleus,True,231101,LPLCXR_231101_1,LPLCXR_231101_1_E7,511,13,1090,BR_PXR_231108_1,231031,LPLCXA_231031_1,LPLCXA_231031_1_D2,390,7,318.0,BR_PXA_231120_1,SI-TT-E7_i7,SI-TT-E7_b(i5),SI-NA-D2,39628,6062,0.002572362544015,Callithrix jacchus,CS20250428_GROUP_0049,LGE,CL:4030043,STRd|D1 Matrix MSN,50,He et al. 2021,D1-Matrix,,STXBP6,#1f77b4,,CS20250428_SUBCL_0028,CL:4023026,STR|D1 MSN,31,#1655f2,,CS20250428_CLASS_0003,,CN|LGE|GABA,10,#d0b83c,,CS20250428_NEIGH_0002,,Subpallium|GABA,3,#19613b,,ATTCAACCATGCTATG,P0011_1,231224,Princeton
GCAACAGCAAAGCTCC-P0011_1,Subpallium GABA,CN LGE GABA,STR D1 MSN,STRv D1 MSN,Marmoset-95,Marmoset-95,CL:0000003,P0011_1,cjNutmeg,10x multiome,EFO:0030059,Marmoset,NCBI:txid9483,Adult,Brain,Brain,unknown,unknown,unknown,unknown,unknown,unknown,normal,PATO:0000461,nucleus,True,231101,LPLCXR_231101_1,LPLCXR_231101_1_E7,511,13,1090,BR_PXR_231108_1,231031,LPLCXA_231031_1,LPLCXA_231031_1_D2,390,7,318.0,BR_PXA_231120_1,SI-TT-E7_i7,SI-TT-E7_b(i5),SI-NA-D2,39117,6875,0.0023955190554261,Callithrix jacchus,CS20250428_GROUP_0056,LGE,CL:4030051,STRv|D1 MSN,51,He et al. 2021,D1-Shell/OT,,ARHGAP6,#339933,,CS20250428_SUBCL_0028,CL:4023026,STR|D1 MSN,31,#1655f2,,CS20250428_CLASS_0003,,CN|LGE|GABA,10,#d0b83c,,CS20250428_NEIGH_0002,,Subpallium|GABA,3,#19613b,,GCAACAGCAAAGCTCC,P0011_1,231224,Princeton
TAATCACCAACCTAAT-P0011_1,Subpallium GABA,CN LGE GABA,STR D1 MSN,STRd D1 Matrix MSN,Marmoset-89,Marmoset-89,CL:0000003,P0011_1,cjNutmeg,10x multiome,EFO:0030059,Marmoset,NCBI:txid9483,Adult,Brain,Brain,unknown,unknown,unknown,unknown,unknown,unknown,normal,PATO:0000461,nucleus,True,231101,LPLCXR_231101_1,LPLCXR_231101_1_E7,511,13,1090,BR_PXR_231108_1,231031,LPLCXA_231031_1,LPLCXA_231031_1_D2,390,7,318.0,BR_PXA_231120_1,SI-TT-E7_i7,SI-TT-E7_b(i5),SI-NA-D2,35016,6367,0.375515580177307,Callithrix jacchus,CS20250428_GROUP_0049,LGE,CL:4030043,STRd|D1 Matrix MSN,50,He et al. 2021,D1-Matrix,,STXBP6,#1f77b4,,CS20250428_SUBCL_0028,CL:4023026,STR|D1 MSN,31,#1655f2,,CS20250428_CLASS_0003,,CN|LGE|GABA,10,#d0b83c,,CS20250428_NEIGH_0002,,Subpallium|GABA,3,#19613b,,TAATCACCAACCTAAT,P0011_1,231224,Princeton
CGGCAATGTTCAAGCA-P0011_1,Subpallium GABA,CN LGE GABA,STR Hybrid MSN,STR D1D2 Hybrid MSN,Marmoset-207,Marmoset-207,CL:0000003,P0011_1,cjNutmeg,10x multiome,EFO:0030059,Marmoset,NCBI:txid9483,Adult,Brain,Brain,unknown,unknown,unknown,unknown,unknown,unknown,normal,PATO:0000461,nucleus,True,231101,LPLCXR_231101_1,LPLCXR_231101_1_E7,511,13,1090,BR_PXR_231108_1,231031,LPLCXA_231031_1,LPLCXA_231031_1_D2,390,7,318.0,BR_PXA_231120_1,SI-TT-E7_i7,SI-TT-E7_b(i5),SI-NA-D2,34604,5909,0.0719216242432594,Callithrix jacchus,CS20250428_GROUP_0051,LGE,CL:4030050,STR|D1D2 Hybrid MSN,58,He et al. 2021,D1/D2 Hybrid,,"CRHR2, GRIK1",#9467bd,,CS20250428_SUBCL_0030,CL:4030050,STR|Hybrid MSN,33,#79bdf4,,CS20250428_CLASS_0003,,CN|LGE|GABA,10,#d0b83c,,CS20250428_NEIGH_0002,,Subpallium|GABA,3,#19613b,,CGGCAATGTTCAAGCA,P0011_1,231224,Princeton
ACTCGCTTCTTTGACT-P0011_1,Subpallium GABA,CN MGE GABA,STR RSPO2 GABA,STR SST-RSPO2 GABA,Marmoset-918,Marmoset-918,CL:0000003,P0011_1,cjNutmeg,10x multiome,EFO:0030059,Marmoset,NCBI:txid9483,Adult,Brain,Brain,unknown,unknown,unknown,unknown,unknown,unknown,normal,PATO:0000461,nucleus,True,231101,LPLCXR_231101_1,LPLCXR_231101_1_E7,511,13,1090,BR_PXR_231108_1,231031,LPLCXA_231031_1,LPLCXA_231031_1_D2,390,7,318.0,BR_PXA_231120_1,SI-TT-E7_i7,SI-TT-E7_b(i5),SI-NA-D2,32666,5528,0.0070513780228793,Callithrix jacchus,CS20250428_GROUP_0044,Interneuron,,STR|SST|RSPO2|GABA,31,,,,,#7f7f7f,,CS20250428_SUBCL_0031,,STR|RSPO2|GABA,21,#5b0e63,,CS20250428_CLASS_0005,,CN|MGE|GABA,7,#ce4c27,,CS20250428_NEIGH_0002,,Subpallium|GABA,3,#19613b,,ACTCGCTTCTTTGACT,P0011_1,231224,Princeton
TACTGCACATCCCGCT-P0011_1,Subpallium GABA,CN LGE GABA,STR Hybrid MSN,STR D1D2 Hybrid MSN,Marmoset-204,Marmoset-204,CL:0000003,P0011_1,cjNutmeg,10x multiome,EFO:0030059,Marmoset,NCBI:txid9483,Adult,Brain,Brain,unknown,unknown,unknown,unknown,unknown,unknown,normal,PATO:0000461,nucleus,True,231101,LPLCXR_231101_1,LPLCXR_231101_1_E7,511,13,1090,BR_PXR_231108_1,231031,LPLCXA_231031_1,LPLCXA_231031_1_D2,390,7,318.0,BR_PXA_231120_1,SI-TT-E7_i7,SI-TT-E7_b(i5),SI-NA-D2,30096,5365,0.0028974737506359,Callithrix jacchus,CS20250428_GROUP_0051,LGE,CL:4030050,STR|D1D2 Hybrid MSN,58,He et al. 2021,D1/D2 Hybrid,,"CRHR2, GRIK1",#9467bd,,CS20250428_SUBCL_0030,CL:4030050,STR|Hybrid MSN,33,#79bdf4,,CS20250428_CLASS_0003,,CN|LGE|GABA,10,#d0b83c,,CS20250428_NEIGH_0002,,Subpallium|GABA,3,#19613b,,TACTGCACATCCCGCT,P0011_1,231224,Princeton
TATTTGCTCGAGCTAT-P0011_1,Subpallium GABA,CN LGE GABA,STR D2 MSN,STRd D2 Matrix MSN,Marmoset-69,Marmoset-69,CL:0000003,P0011_1,cjNutmeg,10x multiome,EFO:0030059,Marmoset,NCBI:txid9483,Adult,Brain,Brain,unknown,unknown,unknown,unknown,unknown,unknown,normal,PATO:0000461,nucleus,True,231101,LPLCXR_231101_1,LPLCXR_231101_1_E7,511,13,1090,BR_PXR_231108_1,231031,LPLCXA_231031_1,LPLCXA_231031_1_D2,390,7,318.0,BR_PXA_231120_1,SI-TT-E7_i7,SI-TT-E7_b(i5),SI-NA-D2,29996,6280,0.017973093315959,Callithrix jacchus,CS20250428_GROUP_0052,LGE,CL:4030047,STRd|D2 Matrix MSN,53,He et al. 2021,D2-Matrix,,STXBP6,#aec7e8,,CS20250428_SUBCL_0029,CL:4023029,STR|D2 MSN,32,#253c8c,,CS20250428_CLASS_0003,,CN|LGE|GABA,10,#d0b83c,,CS20250428_NEIGH_0002,,Subpallium|GABA,3,#19613b,,TATTTGCTCGAGCTAT,P0011_1,231224,Princeton
CTGTATTTCATCCTAT-P0011_1,Subpallium GABA,CN MGE GABA,CN ST18 GABA,STR TAC3-PLPP4 GABA,Marmoset-282,Marmoset-282,CL:0000003,P0011_1,cjNutmeg,10x multiome,EFO:0030059,Marmoset,NCBI:txid9483,Adult,Brain,Brain,unknown,unknown,unknown,unknown,unknown,unknown,normal,PATO:0000461,nucleus,True,231101,LPLCXR_231101_1,LPLCXR_231101_1_E7,511,13,1090,BR_PXR_231108_1,231031,LPLCXA_231031_1,LPLCXA_231031_1_D2,390,7,318.0,BR_PXA_231120_1,SI-TT-E7_i7,SI-TT-E7_b(i5),SI-NA-D2,20200,5511,0.764137625694275,Callithrix jacchus,CS20250428_GROUP_0045,Interneuron,CL:4042001,STR|TAC3|PLPP4|GABA,27,Krienen et al. 2020,LHX6 TAC3,,ST18,#ffff00,,CS20250428_SUBCL_0008,,CN|ST18|GABA,18,#5fd989,,CS20250428_CLASS_0005,,CN|MGE|GABA,7,#ce4c27,,CS20250428_NEIGH_0002,,Subpallium|GABA,3,#19613b,,CTGTATTTCATCCTAT,P0011_1,231224,Princeton
GTTTAGCAGGTGTTAC-P0011_1,Subpallium GABA,CN LGE GABA,STR D1 MSN,STRv D1 MSN,Marmoset-1231,Marmoset-1231,CL:0000003,P0011_1,cjNutmeg,10x multiome,EFO:0030059,Marmoset,NCBI:txid9483,Adult,Brain,Brain,unknown,unknown,unknown,unknown,unknown,unknown,normal,PATO:0000461,nucleus,True,231101,LPLCXR_231101_1,LPLCXR_231101_1_E7,511,13,1090,BR_PXR_231108_1,231031,LPLCXA_231031_1,LPLCXA_231031_1_D2,390,7,318.0,BR_PXA_231120_1,SI-TT-E7_i7,SI-TT-E7_b(i5),SI-NA-D2,18518,5438,0.0020695372950285,Callithrix jacchus,CS20250428_GROUP_0056,LGE,CL:4030051,STRv|D1 MSN,51,He et al. 2021,D1-Shell/OT,,ARHGAP6,#339933,,CS20250428_SUBCL_0028,CL:4023026,STR|D1 MSN,31,#1655f2,,CS20250428_CLASS_0003,,CN|LGE|GABA,10,#d0b83c,,CS20250428_NEIGH_0002,,Subpallium|GABA,3,#19613b,,GTTTAGCAGGTGTTAC,P0011_1,231224,Princeton
GGATTGCGTGGTTATG-P0011_1,Nonneuron,OPC-Oligo,COP,COP,Marmoset-6,Marmoset-6,CL:0000003,P0011_1,cjNutmeg,10x multiome,EFO:0030059,Marmoset,NCBI:txid9483,Adult,Brain,Brain,unknown,unknown,unknown,unknown,unknown,unknown,normal,PATO:0000461,nucleus,True,231101,LPLCXR_231101_1,LPLCXR_231101_1_E7,511,13,1090,BR_PXR_231108_1,231031,LPLCXA_231031_1,LPLCXA_231031_1_D2,390,7,318.0,BR_PXA_231120_1,SI-TT-E7_i7,SI-TT-E7_b(i5),SI-NA-D2,18230,4618,0.511530876159668,Callithrix jacchus,CS20250428_GROUP_0009,Nonneuron,CL:4023059,COP,13,Marques et al. 2016,,,,#922047,,CS20250428_SUBCL_0010,CL:4023059,COP,9,#e3cba4,,CS20250428_CLASS_0010,CL:0000095,OPC|Oligo,3,#8605d4,,CS20250428_NEIGH_0001,CL:0000000,Nonneuron,1,#f2ca7d,,GGATTGCGTGGTTATG,P0011_1,231224,Princeton
TGAAGTGAGTTCCCGT-P0011_1,Subpallium GABA,CN CGE GABA,CN VIP GABA,VIP GABA,Marmoset-352,Marmoset-352,CL:0000003,P0011_1,cjNutmeg,10x multiome,EFO:0030059,Marmoset,NCBI:txid9483,Adult,Brain,Brain,unknown,unknown,unknown,unknown,unknown,unknown,normal,PATO:0000461,nucleus,True,231101,LPLCXR_231101_1,LPLCXR_231101_1_E7,511,13,1090,BR_PXR_231108_1,231031,LPLCXA_231031_1,LPLCXA_231031_1_D2,390,7,318.0,BR_PXA_231120_1,SI-TT-E7_i7,SI-TT-E7_b(i5),SI-NA-D2,10946,4092,0.0158685781061649,Callithrix jacchus,CS20250428_GROUP_0047,Interneuron,Need to Create a PR,VIP|GABA,37,Krienen et al. 2020,VIP,,VIP,#fc2b80,,CS20250428_SUBCL_0009,,CN|VIP|GABA,24,#1bc06a,,CS20250428_CLASS_0001,,CN|CGE|GABA,8,#26e8bb,,CS20250428_NEIGH_0002,,Subpallium|GABA,3,#19613b,,TGAAGTGAGTTCCCGT,P0011_1,231224,Princeton
CAACTAATCTCATCAT-P0011_1,Subpallium GABA,CN MGE GABA,CN LAMP5-LHX6 GABA,LAMP5-LHX6 GABA,Marmoset-368,Marmoset-368,CL:0000003,P0011_1,cjNutmeg,10x multiome,EFO:0030059,Marmoset,NCBI:txid9483,Adult,Brain,Brain,unknown,unknown,unknown,unknown,unknown,unknown,normal,PATO:0000461,nucleus,True,231101,LPLCXR_231101_1,LPLCXR_231101_1_E7,511,13,1090,BR_PXR_231108_1,231031,LPLCXA_231031_1,LPLCXA_231031_1_D2,390,7,318.0,BR_PXA_231120_1,SI-TT-E7_i7,SI-TT-E7_b(i5),SI-NA-D2,8634,3051,0.0019582400564104,Callithrix jacchus,CS20250428_GROUP_0005,Interneuron,,LAMP5|LHX6|GABA,25,,LAMP5,,"LAMP5, LHX6",#00af88,,CS20250428_SUBCL_0003,,CN|LAMP5|LHX6|GABA,17,#f48d44,,CS20250428_CLASS_0005,,CN|MGE|GABA,7,#ce4c27,,CS20250428_NEIGH_0002,,Subpallium|GABA,3,#19613b,,CAACTAATCTCATCAT,P0011_1,231224,Princeton
CGCACAATCCGCTAGA-P0011_1,Subpallium GABA,CN LGE GABA,OT Granular GABA,OT D1 ICj,Marmoset-1232,Marmoset-1232,CL:0000003,P0011_1,cjNutmeg,10x multiome,EFO:0030059,Marmoset,NCBI:txid9483,Adult,Brain,Brain,unknown,unknown,unknown,unknown,unknown,unknown,normal,PATO:0000461,nucleus,True,231101,LPLCXR_231101_1,LPLCXR_231101_1_E7,511,13,1090,BR_PXR_231108_1,231031,LPLCXA_231031_1,LPLCXA_231031_1_D2,390,7,318.0,BR_PXA_231120_1,SI-TT-E7_i7,SI-TT-E7_b(i5),SI-NA-D2,7484,2972,0.0023955190554261,Callithrix jacchus,CS20250428_GROUP_0024,LGE,CL:4030053,OT|D1 ICj,59,He et al. 2021,D1-ICj (Islands of Calleja),D1 Islands of Calleja,"CPNE4, DRD3",#ff7f0e,,CS20250428_SUBCL_0021,CL:4030053,OT|Granular|GABA,34,#9160cb,,CS20250428_CLASS_0003,,CN|LGE|GABA,10,#d0b83c,,CS20250428_NEIGH_0002,,Subpallium|GABA,3,#19613b,,CGCACAATCCGCTAGA,P0011_1,231224,Princeton
GTCATGAGTGATGAGG-P0011_1,Nonneuron,Vascular,VLMC,VLMC,Marmoset-115,Marmoset-115,CL:0000003,P0011_1,cjNutmeg,10x multiome,EFO:0030059,Marmoset,NCBI:txid9483,Adult,Brain,Brain,unknown,unknown,unknown,unknown,unknown,unknown,normal,PATO:0000461,nucleus,True,231101,LPLCXR_231101_1,LPLCXR_231101_1_E7,511,13,1090,BR_PXR_231108_1,231031,LPLCXA_231031_1,LPLCXA_231031_1_D2,390,7,318.0,BR_PXA_231120_1,SI-TT-E7_i7,SI-TT-E7_b(i5),SI-NA-D2,6518,3050,0.003230269998312,Callithrix jacchus,CS20250428_GROUP_0062,Nonneuron,CL:4023051,VLMC,17,Yao et al. 2023,,,"PDGFRA, DCN",#c3ec86,,CS20250428_SUBCL_0035,CL:4023051,VLMC,13,#226a65,,CS20250428_CLASS_0011,CL:0000192,Vascular,4,#cba5ec,,CS20250428_NEIGH_0001,CL:0000000,Nonneuron,1,#f2ca7d,,GTCATGAGTGATGAGG,P0011_1,231224,Princeton
AGAACCAAGTGCTGTG-P0011_1,Glut Sero Dopa,F M Glut,F M Glut,VTR-HTH Glut,Marmoset-1348,Marmoset-1348,CL:0000003,P0011_1,cjNutmeg,10x multiome,EFO:0030059,Marmoset,NCBI:txid9483,Adult,Brain,Brain,unknown,unknown,unknown,unknown,unknown,unknown,normal,PATO:0000461,nucleus,True,231101,LPLCXR_231101_1,LPLCXR_231101_1_E7,511,13,1090,BR_PXR_231108_1,231031,LPLCXA_231031_1,LPLCXA_231031_1_D2,390,7,318.0,BR_PXA_231120_1,SI-TT-E7_i7,SI-TT-E7_b(i5),SI-NA-D2,5728,3024,0.0037718478124588,Callithrix jacchus,CS20250428_GROUP_0064,Interneuron,,VTR|HTH|Glut,21,,,,SLC17A6,#54621f,,CS20250428_SUBCL_0017,PR 2771,F|M|Glut,15,#66750b,,CS20250428_CLASS_0007,,F|M|Glut,5,#7d0f09,,CS20250428_NEIGH_0000,PR 2579,Glut|Sero|Dopa,2,#91f4bb,,AGAACCAAGTGCTGTG,P0011_1,231224,Princeton
GGGAGTAGTGTCCAAA-P0011_2,Subpallium GABA,CN LGE GABA,STR Hybrid MSN,STR D1D2 Hybrid MSN,Marmoset-223,Marmoset-223,CL:0000003,P0011_2,cjNutmeg,10x multiome,EFO:0030059,Marmoset,NCBI:txid9483,Adult,Brain,Brain,unknown,unknown,unknown,unknown,unknown,unknown,normal,PATO:0000461,nucleus,True,231101,LPLCXR_231101_1,LPLCXR_231101_1_F7,502,13,1134,BR_PXR_231108_1,231031,LPLCXA_231031_1,LPLCXA_231031_1_E2,385,7,756.0,BR_PXA_231120_1,SI-TT-F7_i7,SI-TT-F7_b(i5),SI-NA-E2,15447,4547,0.0004666049499064,Callithrix jacchus,CS20250428_GROUP_0051,LGE,CL:4030050,STR|D1D2 Hybrid MSN,58,He et al. 2021,D1/D2 Hybrid,,"CRHR2, GRIK1",#9467bd,,CS20250428_SUBCL_0030,CL:4030050,STR|Hybrid MSN,33,#79bdf4,,CS20250428_CLASS_0003,,CN|LGE|GABA,10,#d0b83c,,CS20250428_NEIGH_0002,,Subpallium|GABA,3,#19613b,,GGGAGTAGTGTCCAAA,P0011_2,231224,Princeton
CAGCATGTCATTACAG-P0011_2,Subpallium GABA,F M GABA,SN PAX7 GABA,SN EBF2 GABA,Marmoset-1419,Marmoset-1419,CL:0000003,P0011_2,cjNutmeg,10x multiome,EFO:0030059,Marmoset,NCBI:txid9483,Adult,Brain,Brain,unknown,unknown,unknown,unknown,unknown,unknown,normal,PATO:0000461,nucleus,True,231101,LPLCXR_231101_1,LPLCXR_231101_1_F7,502,13,1134,BR_PXR_231108_1,231031,LPLCXA_231031_1,LPLCXA_231031_1_E2,385,7,756.0,BR_PXA_231120_1,SI-TT-F7_i7,SI-TT-F7_b(i5),SI-NA-E2,13784,4298,0.0005752229481004,Callithrix jacchus,CS20250428_GROUP_0030,Interneuron,,SN|EBF2|GABA,44,,,,,#c8df45,,CS20250428_SUBCL_0026,,SN|PAX7|GABA,28,#720a7d,,CS20250428_CLASS_0006,,F|M|GABA,9,#cd0f13,,CS20250428_NEIGH_0002,,Subpallium|GABA,3,#19613b,,CAGCATGTCATTACAG,P0011_2,231224,Princeton
GCCACACAGGAGGACT-P0011_2,Subpallium GABA,CN MGE GABA,CN LAMP5-LHX6 GABA,LAMP5-LHX6 GABA,Marmoset-369,Marmoset-369,CL:0000003,P0011_2,cjNutmeg,10x multiome,EFO:0030059,Marmoset,NCBI:txid9483,Adult,Brain,Brain,unknown,unknown,unknown,unknown,unknown,unknown,normal,PATO:0000461,nucleus,True,231101,LPLCXR_231101_1,LPLCXR_231101_1_F7,502,13,1134,BR_PXR_231108_1,231031,LPLCXA_231031_1,LPLCXA_231031_1_E2,385,7,756.0,BR_PXA_231120_1,SI-TT-F7_i7,SI-TT-F7_b(i5),SI-NA-E2,10357,3660,0.0005731873097829,Callithrix jacchus,CS20250428_GROUP_0005,Interneuron,,LAMP5|LHX6|GABA,25,,LAMP5,,"LAMP5, LHX6",#00af88,,CS20250428_SUBCL_0003,,CN|LAMP5|LHX6|GABA,17,#f48d44,,CS20250428_CLASS_0005,,CN|MGE|GABA,7,#ce4c27,,CS20250428_NEIGH_0002,,Subpallium|GABA,3,#19613b,,GCCACACAGGAGGACT,P0011_2,231224,Princeton
TTCAGTTTCCATTACT-P0011_2,Nonneuron,Astro-Epen,Astrocyte,Astrocyte,Marmoset-673,Marmoset-673,CL:0000003,P0011_2,cjNutmeg,10x multiome,EFO:0030059,Marmoset,NCBI:txid9483,Adult,Brain,Brain,unknown,unknown,unknown,unknown,unknown,unknown,normal,PATO:0000461,nucleus,True,231101,LPLCXR_231101_1,LPLCXR_231101_1_F7,502,13,1134,BR_PXR_231108_1,231031,LPLCXA_231031_1,LPLCXA_231031_1_E2,385,7,756.0,BR_PXA_231120_1,SI-TT-F7_i7,SI-TT-F7_b(i5),SI-NA-E2,5949,2723,0.0006030563963577,Callithrix jacchus,CS20250428_GROUP_0039,Nonneuron,CL:0000127,Astrocyte,1,Yao et al. 2023,,,,#e16c95,,CS20250428_SUBCL_0000,CL:0000127,Astrocyte,1,#604f15,,CS20250428_CLASS_0000,CL:0000125,Astro|Epen,1,#6ec0da,,CS20250428_NEIGH_0001,CL:0000000,Nonneuron,1,#f2ca7d,,TTCAGTTTCCATTACT,P0011_2,231224,Princeton
TGTTGCACACGTGCTG-P0014_1,Glut Sero Dopa,M Dopa,M Dopa,SN-VTR CALB1 Dopa,Marmoset-1436,Marmoset-1436,CL:0000003,P0014_1,cjNutmeg,10x multiome,EFO:0030059,Marmoset,NCBI:txid9483,Adult,Brain,Brain,unknown,unknown,unknown,unknown,unknown,unknown,normal,PATO:0000461,nucleus,True,231117,LPLCXR_231117_1,LPLCXR_231117_1_G7,520,13,1044.8,BR_PXR_231212_1,231117,LPLCXA_231117_1,LPLCXA_231117_1_A3,394,7,130.0,BR_PXA_231212_1,SI-TT-G7_i7,SI-TT-G7_b(i5),SI-NA-A3,92798,10451,0.0558490119874477,Callithrix jacchus,CS20250428_GROUP_0029,Dopaminergic,CL:4042025,SN|VTR|CALB1|Dopa,22,Agarwal et al. 2020,,,"TH, CALB1, SLC6A3, NR4A2, BNC2",#854098,,CS20250428_SUBCL_0025,CL:4042025,M|Dopa,16,#77f0ca,,CS20250428_CLASS_0009,CL:2000097,M|Dopa,6,#0433b4,,CS20250428_NEIGH_0000,PR 2579,Glut|Sero|Dopa,2,#91f4bb,,TGTTGCACACGTGCTG,P0014_1,240110,Princeton
GTGTCCAAGTTAGGCT-P0014_1,Subpallium GABA,F M GABA,F GABA,ZI-HTH GABA,Marmoset-1351,Marmoset-1351,CL:0000003,P0014_1,cjNutmeg,10x multiome,EFO:0030059,Marmoset,NCBI:txid9483,Adult,Brain,Brain,unknown,unknown,unknown,unknown,unknown,unknown,normal,PATO:0000461,nucleus,True,231117,LPLCXR_231117_1,LPLCXR_231117_1_G7,520,13,1044.8,BR_PXR_231212_1,231117,LPLCXA_231117_1,LPLCXA_231117_1_A3,394,7,130.0,BR_PXA_231212_1,SI-TT-G7_i7,SI-TT-G7_b(i5),SI-NA-A3,96486,10025,0.359885722398758,Callithrix jacchus,CS20250428_GROUP_0063,Interneuron,,ZI|HTH|GABA,46,,,,,#c49c94,,CS20250428_SUBCL_0037,,F|GABA,29,#7ba2df,,CS20250428_CLASS_0006,,F|M|GABA,9,#cd0f13,,CS20250428_NEIGH_0002,,Subpallium|GABA,3,#19613b,,GTGTCCAAGTTAGGCT,P0014_1,240110,Princeton
TACCTCATCATTGCAA-P0014_1,Glut Sero Dopa,M Dopa,M Dopa,SN SOX6 Dopa,Marmoset-1441,Marmoset-1441,CL:0000003,P0014_1,cjNutmeg,10x multiome,EFO:0030059,Marmoset,NCBI:txid9483,Adult,Brain,Brain,unknown,unknown,unknown,unknown,unknown,unknown,normal,PATO:0000461,nucleus,True,231117,LPLCXR_231117_1,LPLCXR_231117_1_G7,520,13,1044.8,BR_PXR_231212_1,231117,LPLCXA_231117_1,LPLCXA_231117_1_A3,394,7,130.0,BR_PXA_231212_1,SI-TT-G7_i7,SI-TT-G7_b(i5),SI-NA-A3,99070,9605,0.0012986485380679,Callithrix jacchus,CS20250428_GROUP_0035,Dopaminergic,CL:4042025,SN|SOX6|Dopa,23,"Tushar et al, 2022",,,"TH, SOX6",#854098,,CS20250428_SUBCL_0025,CL:4042025,M|Dopa,16,#77f0ca,,CS20250428_CLASS_0009,CL:2000097,M|Dopa,6,#0433b4,,CS20250428_NEIGH_0000,,Glut|Sero|Dopa,2,#91f4bb,,TACCTCATCATTGCAA,P0014_1,240110,Princeton
AAGCATGAGGAGCATA-P0014_1,Glut Sero Dopa,M Dopa,M Dopa,SN-VTR CALB1 Dopa,Marmoset-1443,Marmoset-1443,CL:0000003,P0014_1,cjNutmeg,10x multiome,EFO:0030059,Marmoset,NCBI:txid9483,Adult,Brain,Brain,unknown,unknown,unknown,unknown,unknown,unknown,normal,PATO:0000461,nucleus,True,231117,LPLCXR_231117_1,LPLCXR_231117_1_G7,520,13,1044.8,BR_PXR_231212_1,231117,LPLCXA_231117_1,LPLCXA_231117_1_A3,394,7,130.0,BR_PXA_231212_1,SI-TT-G7_i7,SI-TT-G7_b(i5),SI-NA-A3,85160,9531,0.0016064384253695,Callithrix jacchus,CS20250428_GROUP_0029,Dopaminergic,CL:4042025,SN|VTR|CALB1|Dopa,22,Agarwal et al. 2020,,,"TH, CALB1, SLC6A3, NR4A2, BNC2",#854098,,CS20250428_SUBCL_0025,CL:4042025,M|Dopa,16,#77f0ca,,CS20250428_CLASS_0009,CL:2000097,M|Dopa,6,#0433b4,,CS20250428_NEIGH_0000,PR 2579,Glut|Sero|Dopa,2,#91f4bb,,AAGCATGAGGAGCATA,P0014_1,240110,Princeton
TAGTTTGAGGCATGAA-P0014_1,Subpallium GABA,F M GABA,F GABA,ZI-HTH GABA,Marmoset-1379,Marmoset-1379,CL:0000003,P0014_1,cjNutmeg,10x multiome,EFO:0030059,Marmoset,NCBI:txid9483,Adult,Brain,Brain,unknown,unknown,unknown,unknown,unknown,unknown,normal,PATO:0000461,nucleus,True,231117,LPLCXR_231117_1,LPLCXR_231117_1_G7,520,13,1044.8,BR_PXR_231212_1,231117,LPLCXA_231117_1,LPLCXA_231117_1_A3,394,7,130.0,BR_PXA_231212_1,SI-TT-G7_i7,SI-TT-G7_b(i5),SI-NA-A3,70532,9575,0.670365393161774,Callithrix jacchus,CS20250428_GROUP_0063,Interneuron,,ZI|HTH|GABA,46,,,,,#c49c94,,CS20250428_SUBCL_0037,,F|GABA,29,#7ba2df,,CS20250428_CLASS_0006,,F|M|GABA,9,#cd0f13,,CS20250428_NEIGH_0002,,Subpallium|GABA,3,#19613b,,TAGTTTGAGGCATGAA,P0014_1,240110,Princeton
TTATTGCTCCCTGATC-P0014_1,Subpallium GABA,F M GABA,F M GATA3 GABA,SN GATA3-PAX8 GABA,Marmoset-1376,Marmoset-1376,CL:0000003,P0014_1,cjNutmeg,10x multiome,EFO:0030059,Marmoset,NCBI:txid9483,Adult,Brain,Brain,unknown,unknown,unknown,unknown,unknown,unknown,normal,PATO:0000461,nucleus,True,231117,LPLCXR_231117_1,LPLCXR_231117_1_G7,520,13,1044.8,BR_PXR_231212_1,231117,LPLCXA_231117_1,LPLCXA_231117_1_A3,394,7,130.0,BR_PXA_231212_1,SI-TT-G7_i7,SI-TT-G7_b(i5),SI-NA-A3,95809,9202,0.0044258390553295,Callithrix jacchus,CS20250428_GROUP_0032,Interneuron,,SN|GATA3|PAX8|GABA,42,Partanen et al. 2022,pSNpr,,"Pax5, Ctip2, Pou6f2",#ff7266,,CS20250428_SUBCL_0016,,F|M|GATA3|GABA,27,#311a96,,CS20250428_CLASS_0006,,F|M|GABA,9,#cd0f13,,CS20250428_NEIGH_0002,,Subpallium|GABA,3,#19613b,,TTATTGCTCCCTGATC,P0014_1,240110,Princeton
ATGGTCTAGGCCTGGT-P0014_1,Glut Sero Dopa,F M Glut,F M Glut,VTR-HTH Glut,Marmoset-1458,Marmoset-1458,CL:0000003,P0014_1,cjNutmeg,10x multiome,EFO:0030059,Marmoset,NCBI:txid9483,Adult,Brain,Brain,unknown,unknown,unknown,unknown,unknown,unknown,normal,PATO:0000461,nucleus,True,231117,LPLCXR_231117_1,LPLCXR_231117_1_G7,520,13,1044.8,BR_PXR_231212_1,231117,LPLCXA_231117_1,LPLCXA_231117_1_A3,394,7,130.0,BR_PXA_231212_1,SI-TT-G7_i7,SI-TT-G7_b(i5),SI-NA-A3,93717,9684,0.387347787618637,Callithrix jacchus,CS20250428_GROUP_0064,Interneuron,,VTR|HTH|Glut,21,,,,SLC17A6,#54621f,,CS20250428_SUBCL_0017,PR 2771,F|M|Glut,15,#66750b,,CS20250428_CLASS_0007,,F|M|Glut,5,#7d0f09,,CS20250428_NEIGH_0000,PR 2579,Glut|Sero|Dopa,2,#91f4bb,,ATGGTCTAGGCCTGGT,P0014_1,240110,Princeton
GACACCGGTTGAGGTC-P0014_1,Subpallium GABA,F M GABA,F M GATA3 GABA,SN GATA3-PVALB GABA,Marmoset-1483,Marmoset-1483,CL:0000003,P0014_1,cjNutmeg,10x multiome,EFO:0030059,Marmoset,NCBI:txid9483,Adult,Brain,Brain,unknown,unknown,unknown,unknown,unknown,unknown,normal,PATO:0000461,nucleus,True,231117,LPLCXR_231117_1,LPLCXR_231117_1_G7,520,13,1044.8,BR_PXR_231212_1,231117,LPLCXA_231117_1,LPLCXA_231117_1_A3,394,7,130.0,BR_PXA_231212_1,SI-TT-G7_i7,SI-TT-G7_b(i5),SI-NA-A3,91869,9430,0.002262104069814,Callithrix jacchus,CS20250428_GROUP_0033,Interneuron,PR 2577,SN|GATA3|PVALB|GABA,41,Partanen et al. 2022,aSNpr,,Six3 and Foxp1,#017d7c,,CS20250428_SUBCL_0016,,F|M|GATA3|GABA,27,#311a96,,CS20250428_CLASS_0006,,F|M|GABA,9,#cd0f13,,CS20250428_NEIGH_0002,,Subpallium|GABA,3,#19613b,,GACACCGGTTGAGGTC,P0014_1,240110,Princeton
TGGTTCCTCATTCATC-P0014_1,Subpallium GABA,F M GABA,F M GATA3 GABA,SN GATA3-PAX8 GABA,Marmoset-1374,Marmoset-1374,CL:0000003,P0014_1,cjNutmeg,10x multiome,EFO:0030059,Marmoset,NCBI:txid9483,Adult,Brain,Brain,unknown,unknown,unknown,unknown,unknown,unknown,normal,PATO:0000461,nucleus,True,231117,LPLCXR_231117_1,LPLCXR_231117_1_G7,520,13,1044.8,BR_PXR_231212_1,231117,LPLCXA_231117_1,LPLCXA_231117_1_A3,394,7,130.0,BR_PXA_231212_1,SI-TT-G7_i7,SI-TT-G7_b(i5),SI-NA-A3,97934,9650,0.494495987892151,Callithrix jacchus,CS20250428_GROUP_0032,Interneuron,,SN|GATA3|PAX8|GABA,42,Partanen et al. 2022,pSNpr,,"Pax5, Ctip2, Pou6f2",#ff7266,,CS20250428_SUBCL_0016,,F|M|GATA3|GABA,27,#311a96,,CS20250428_CLASS_0006,,F|M|GABA,9,#cd0f13,,CS20250428_NEIGH_0002,,Subpallium|GABA,3,#19613b,,TGGTTCCTCATTCATC,P0014_1,240110,Princeton
AATATCCCATACCCGG-P0014_1,Subpallium GABA,F M GABA,F GABA,ZI-HTH GABA,Marmoset-1499,Marmoset-1499,CL:0000003,P0014_1,cjNutmeg,10x multiome,EFO:0030059,Marmoset,NCBI:txid9483,Adult,Brain,Brain,unknown,unknown,unknown,unknown,unknown,unknown,normal,PATO:0000461,nucleus,True,231117,LPLCXR_231117_1,LPLCXR_231117_1_G7,520,13,1044.8,BR_PXR_231212_1,231117,LPLCXA_231117_1,LPLCXA_231117_1_A3,394,7,130.0,BR_PXA_231212_1,SI-TT-G7_i7,SI-TT-G7_b(i5),SI-NA-A3,88309,9349,0.0021785176359117,Callithrix jacchus,CS20250428_GROUP_0063,Interneuron,,ZI|HTH|GABA,46,,,,,#c49c94,,CS20250428_SUBCL_0037,,F|GABA,29,#7ba2df,,CS20250428_CLASS_0006,,F|M|GABA,9,#cd0f13,,CS20250428_NEIGH_0002,,Subpallium|GABA,3,#19613b,,AATATCCCATACCCGG,P0014_1,240110,Princeton
CCTTATGTCAATTACG-P0014_1,Subpallium GABA,F M GABA,F M GATA3 GABA,SN GATA3-PAX8 GABA,Marmoset-1386,Marmoset-1386,CL:0000003,P0014_1,cjNutmeg,10x multiome,EFO:0030059,Marmoset,NCBI:txid9483,Adult,Brain,Brain,unknown,unknown,unknown,unknown,unknown,unknown,normal,PATO:0000461,nucleus,True,231117,LPLCXR_231117_1,LPLCXR_231117_1_G7,520,13,1044.8,BR_PXR_231212_1,231117,LPLCXA_231117_1,LPLCXA_231117_1_A3,394,7,130.0,BR_PXA_231212_1,SI-TT-G7_i7,SI-TT-G7_b(i5),SI-NA-A3,97278,10801,0.0064714774489402,Callithrix jacchus,CS20250428_GROUP_0032,Interneuron,,SN|GATA3|PAX8|GABA,42,Partanen et al. 2022,pSNpr,,"Pax5, Ctip2, Pou6f2",#ff7266,,CS20250428_SUBCL_0016,,F|M|GATA3|GABA,27,#311a96,,CS20250428_CLASS_0006,,F|M|GABA,9,#cd0f13,,CS20250428_NEIGH_0002,,Subpallium|GABA,3,#19613b,,CCTTATGTCAATTACG,P0014_1,240110,Princeton
CTTACCGGTAGGATCC-P0014_1,Subpallium GABA,F M GABA,F M GATA3 GABA,SN GATA3-PAX8 GABA,Marmoset-1385,Marmoset-1385,CL:0000003,P0014_1,cjNutmeg,10x multiome,EFO:0030059,Marmoset,NCBI:txid9483,Adult,Brain,Brain,unknown,unknown,unknown,unknown,unknown,unknown,normal,PATO:0000461,nucleus,True,231117,LPLCXR_231117_1,LPLCXR_231117_1_G7,520,13,1044.8,BR_PXR_231212_1,231117,LPLCXA_231117_1,LPLCXA_231117_1_A3,394,7,130.0,BR_PXA_231212_1,SI-TT-G7_i7,SI-TT-G7_b(i5),SI-NA-A3,93560,9417,0.0116105088964105,Callithrix jacchus,CS20250428_GROUP_0032,Interneuron,,SN|GATA3|PAX8|GABA,42,Partanen et al. 2022,pSNpr,,"Pax5, Ctip2, Pou6f2",#ff7266,,CS20250428_SUBCL_0016,,F|M|GATA3|GABA,27,#311a96,,CS20250428_CLASS_0006,,F|M|GABA,9,#cd0f13,,CS20250428_NEIGH_0002,,Subpallium|GABA,3,#19613b,,CTTACCGGTAGGATCC,P0014_1,240110,Princeton
ATTAGTCCACAGAAAC-P0014_1,Glut Sero Dopa,F M Glut,F Glut,STH PVALB-PITX2 Glut,Marmoset-1459,Marmoset-1459,CL:0000003,P0014_1,cjNutmeg,10x multiome,EFO:0030059,Marmoset,NCBI:txid9483,Adult,Brain,Brain,unknown,unknown,unknown,unknown,unknown,unknown,normal,PATO:0000461,nucleus,True,231117,LPLCXR_231117_1,LPLCXR_231117_1_G7,520,13,1044.8,BR_PXR_231212_1,231117,LPLCXA_231117_1,LPLCXA_231117_1_A3,394,7,130.0,BR_PXA_231212_1,SI-TT-G7_i7,SI-TT-G7_b(i5),SI-NA-A3,92859,9622,0.0018289202125743,Callithrix jacchus,CS20250428_GROUP_0038,Interneuron,,STH|PVALB|PITX2|Glut,18,Yao et al. 2023,,,,#f57e20,,CS20250428_SUBCL_0013,PR 2771,F|Glut,14,#39e1e2,,CS20250428_CLASS_0007,,F|M|Glut,5,#7d0f09,,CS20250428_NEIGH_0000,PR 2579,Glut|Sero|Dopa,2,#91f4bb,,ATTAGTCCACAGAAAC,P0014_1,240110,Princeton
CCCGCTTCATCCATCT-P0014_1,Glut Sero Dopa,F M Glut,F M Glut,VTR-HTH Glut,Marmoset-1522,Marmoset-1522,CL:0000003,P0014_1,cjNutmeg,10x multiome,EFO:0030059,Marmoset,NCBI:txid9483,Adult,Brain,Brain,unknown,unknown,unknown,unknown,unknown,unknown,normal,PATO:0000461,nucleus,True,231117,LPLCXR_231117_1,LPLCXR_231117_1_G7,520,13,1044.8,BR_PXR_231212_1,231117,LPLCXA_231117_1,LPLCXA_231117_1_A3,394,7,130.0,BR_PXA_231212_1,SI-TT-G7_i7,SI-TT-G7_b(i5),SI-NA-A3,92831,9146,0.0012986485380679,Callithrix jacchus,CS20250428_GROUP_0064,Interneuron,,VTR|HTH|Glut,21,,,,SLC17A6,#54621f,,CS20250428_SUBCL_0017,PR 2771,F|M|Glut,15,#66750b,,CS20250428_CLASS_0007,,F|M|Glut,5,#7d0f09,,CS20250428_NEIGH_0000,PR 2579,Glut|Sero|Dopa,2,#91f4bb,,CCCGCTTCATCCATCT,P0014_1,240110,Princeton
TATGGCCCAGTAGCCT-P0014_1,Glut Sero Dopa,F M Glut,F M Glut,VTR-HTH Glut,Marmoset-1527,Marmoset-1527,CL:0000003,P0014_1,cjNutmeg,10x multiome,EFO:0030059,Marmoset,NCBI:txid9483,Adult,Brain,Brain,unknown,unknown,unknown,unknown,unknown,unknown,normal,PATO:0000461,nucleus,True,231117,LPLCXR_231117_1,LPLCXR_231117_1_G7,520,13,1044.8,BR_PXR_231212_1,231117,LPLCXA_231117_1,LPLCXA_231117_1_A3,394,7,130.0,BR_PXA_231212_1,SI-TT-G7_i7,SI-TT-G7_b(i5),SI-NA-A3,93713,9133,0.0030823615379631,Callithrix jacchus,CS20250428_GROUP_0064,Interneuron,,VTR|HTH|Glut,21,,,,SLC17A6,#54621f,,CS20250428_SUBCL_0017,PR 2771,F|M|Glut,15,#66750b,,CS20250428_CLASS_0007,,F|M|Glut,5,#7d0f09,,CS20250428_NEIGH_0000,PR 2579,Glut|Sero|Dopa,2,#91f4bb,,TATGGCCCAGTAGCCT,P0014_1,240110,Princeton
GCATGAAAGCTGTAAC-P0014_1,Subpallium GABA,F M GABA,F GABA,ZI-HTH GABA,Marmoset-1353,Marmoset-1353,CL:0000003,P0014_1,cjNutmeg,10x multiome,EFO:0030059,Marmoset,NCBI:txid9483,Adult,Brain,Brain,unknown,unknown,unknown,unknown,unknown,unknown,normal,PATO:0000461,nucleus,True,231117,LPLCXR_231117_1,LPLCXR_231117_1_G7,520,13,1044.8,BR_PXR_231212_1,231117,LPLCXA_231117_1,LPLCXA_231117_1_A3,394,7,130.0,BR_PXA_231212_1,SI-TT-G7_i7,SI-TT-G7_b(i5),SI-NA-A3,90543,9601,0.002750729676336,Callithrix jacchus,CS20250428_GROUP_0063,Interneuron,,ZI|HTH|GABA,46,,,,,#c49c94,,CS20250428_SUBCL_0037,,F|GABA,29,#7ba2df,,CS20250428_CLASS_0006,,F|M|GABA,9,#cd0f13,,CS20250428_NEIGH_0002,,Subpallium|GABA,3,#19613b,,GCATGAAAGCTGTAAC,P0014_1,240110,Princeton
CGTCAATAGCTGTAAC-P0014_1,Glut Sero Dopa,F M Glut,F M Glut,VTR-HTH Glut,Marmoset-1530,Marmoset-1530,CL:0000003,P0014_1,cjNutmeg,10x multiome,EFO:0030059,Marmoset,NCBI:txid9483,Adult,Brain,Brain,unknown,unknown,unknown,unknown,unknown,unknown,normal,PATO:0000461,nucleus,True,231117,LPLCXR_231117_1,LPLCXR_231117_1_G7,520,13,1044.8,BR_PXR_231212_1,231117,LPLCXA_231117_1,LPLCXA_231117_1_A3,394,7,130.0,BR_PXA_231212_1,SI-TT-G7_i7,SI-TT-G7_b(i5),SI-NA-A3,84870,9697,0.224907770752907,Callithrix jacchus,CS20250428_GROUP_0064,Interneuron,,VTR|HTH|Glut,21,,,,SLC17A6,#54621f,,CS20250428_SUBCL_0017,PR 2771,F|M|Glut,15,#66750b,,CS20250428_CLASS_0007,,F|M|Glut,5,#7d0f09,,CS20250428_NEIGH_0000,PR 2579,Glut|Sero|Dopa,2,#91f4bb,,CGTCAATAGCTGTAAC,P0014_1,240110,Princeton
GATTACTCAAGTGTTT-P0014_1,Glut Sero Dopa,M Dopa,M Dopa,SN-VTR CALB1 Dopa,Marmoset-1445,Marmoset-1445,CL:0000003,P0014_1,cjNutmeg,10x multiome,EFO:0030059,Marmoset,NCBI:txid9483,Adult,Brain,Brain,unknown,unknown,unknown,unknown,unknown,unknown,normal,PATO:0000461,nucleus,True,231117,LPLCXR_231117_1,LPLCXR_231117_1_G7,520,13,1044.8,BR_PXR_231212_1,231117,LPLCXA_231117_1,LPLCXA_231117_1_A3,394,7,130.0,BR_PXA_231212_1,SI-TT-G7_i7,SI-TT-G7_b(i5),SI-NA-A3,80633,8920,0.0019088692497462,Callithrix jacchus,CS20250428_GROUP_0029,Dopaminergic,CL:4042025,SN|VTR|CALB1|Dopa,22,Agarwal et al. 2020,,,"TH, CALB1, SLC6A3, NR4A2, BNC2",#854098,,CS20250428_SUBCL_0025,CL:4042025,M|Dopa,16,#77f0ca,,CS20250428_CLASS_0009,CL:2000097,M|Dopa,6,#0433b4,,CS20250428_NEIGH_0000,PR 2579,Glut|Sero|Dopa,2,#91f4bb,,GATTACTCAAGTGTTT,P0014_1,240110,Princeton
CAAGTTATCATCCACC-P0014_1,Glut Sero Dopa,M Dopa,M Dopa,SN SOX6 Dopa,Marmoset-1446,Marmoset-1446,CL:0000003,P0014_1,cjNutmeg,10x multiome,EFO:0030059,Marmoset,NCBI:txid9483,Adult,Brain,Brain,unknown,unknown,unknown,unknown,unknown,unknown,normal,PATO:0000461,nucleus,True,231117,LPLCXR_231117_1,LPLCXR_231117_1_G7,520,13,1044.8,BR_PXR_231212_1,231117,LPLCXA_231117_1,LPLCXA_231117_1_A3,394,7,130.0,BR_PXA_231212_1,SI-TT-G7_i7,SI-TT-G7_b(i5),SI-NA-A3,94867,9414,0.0033773025497794,Callithrix jacchus,CS20250428_GROUP_0035,Dopaminergic,CL:4042025,SN|SOX6|Dopa,23,"Tushar et al, 2022",,,"TH, SOX6",#854098,,CS20250428_SUBCL_0025,CL:4042025,M|Dopa,16,#77f0ca,,CS20250428_CLASS_0009,CL:2000097,M|Dopa,6,#0433b4,,CS20250428_NEIGH_0000,,Glut|Sero|Dopa,2,#91f4bb,,CAAGTTATCATCCACC,P0014_1,240110,Princeton
ACCTGGATCCCGAACA-P0014_1,Glut Sero Dopa,F M Glut,F M Glut,VTR-HTH Glut,Marmoset-1521,Marmoset-1521,CL:0000003,P0014_1,cjNutmeg,10x multiome,EFO:0030059,Marmoset,NCBI:txid9483,Adult,Brain,Brain,unknown,unknown,unknown,unknown,unknown,unknown,normal,PATO:0000461,nucleus,True,231117,LPLCXR_231117_1,LPLCXR_231117_1_G7,520,13,1044.8,BR_PXR_231212_1,231117,LPLCXA_231117_1,LPLCXA_231117_1_A3,394,7,130.0,BR_PXA_231212_1,SI-TT-G7_i7,SI-TT-G7_b(i5),SI-NA-A3,72481,8728,0.0012986485380679,Callithrix jacchus,CS20250428_GROUP_0064,Interneuron,,VTR|HTH|Glut,21,,,,SLC17A6,#54621f,,CS20250428_SUBCL_0017,PR 2771,F|M|Glut,15,#66750b,,CS20250428_CLASS_0007,,F|M|Glut,5,#7d0f09,,CS20250428_NEIGH_0000,PR 2579,Glut|Sero|Dopa,2,#91f4bb,,ACCTGGATCCCGAACA,P0014_1,240110,Princeton
ATCAGGTTCAGGCTAT-P0014_1,Subpallium GABA,F M GABA,F M GATA3 GABA,SN-VTR-HTH GATA3-TCF7L2 GABA,Marmoset-1410,Marmoset-1410,CL:0000003,P0014_1,cjNutmeg,10x multiome,EFO:0030059,Marmoset,NCBI:txid9483,Adult,Brain,Brain,unknown,unknown,unknown,unknown,unknown,unknown,normal,PATO:0000461,nucleus,True,231117,LPLCXR_231117_1,LPLCXR_231117_1_G7,520,13,1044.8,BR_PXR_231212_1,231117,LPLCXA_231117_1,LPLCXA_231117_1_A3,394,7,130.0,BR_PXA_231212_1,SI-TT-G7_i7,SI-TT-G7_b(i5),SI-NA-A3,76096,8850,0.0056855082511901,Callithrix jacchus,CS20250428_GROUP_0037,Interneuron,,SN|VTR|HTH|GATA3|TCF7L2|GABA,43,,,,,#1dbfcf,,CS20250428_SUBCL_0016,,F|M|GATA3|GABA,27,#311a96,,CS20250428_CLASS_0006,,F|M|GABA,9,#cd0f13,,CS20250428_NEIGH_0002,,Subpallium|GABA,3,#19613b,,ATCAGGTTCAGGCTAT,P0014_1,240110,Princeton
CTAACCTGTTTAGCGA-P0014_1,Subpallium GABA,F M GABA,F M GATA3 GABA,SN-VTR-HTH GATA3-TCF7L2 GABA,Marmoset-1403,Marmoset-1403,CL:0000003,P0014_1,cjNutmeg,10x multiome,EFO:0030059,Marmoset,NCBI:txid9483,Adult,Brain,Brain,unknown,unknown,unknown,unknown,unknown,unknown,normal,PATO:0000461,nucleus,True,231117,LPLCXR_231117_1,LPLCXR_231117_1_G7,520,13,1044.8,BR_PXR_231212_1,231117,LPLCXA_231117_1,LPLCXA_231117_1_A3,394,7,130.0,BR_PXA_231212_1,SI-TT-G7_i7,SI-TT-G7_b(i5),SI-NA-A3,67589,8637,0.0017661022720858,Callithrix jacchus,CS20250428_GROUP_0037,Interneuron,,SN|VTR|HTH|GATA3|TCF7L2|GABA,43,,,,,#1dbfcf,,CS20250428_SUBCL_0016,,F|M|GATA3|GABA,27,#311a96,,CS20250428_CLASS_0006,,F|M|GABA,9,#cd0f13,,CS20250428_NEIGH_0002,,Subpallium|GABA,3,#19613b,,CTAACCTGTTTAGCGA,P0014_1,240110,Princeton
CCTAATAAGGAACCAA-P0014_1,Glut Sero Dopa,M Dopa,M Dopa,SN SOX6 Dopa,Marmoset-1439,Marmoset-1439,CL:0000003,P0014_1,cjNutmeg,10x multiome,EFO:0030059,Marmoset,NCBI:txid9483,Adult,Brain,Brain,unknown,unknown,unknown,unknown,unknown,unknown,normal,PATO:0000461,nucleus,True,231117,LPLCXR_231117_1,LPLCXR_231117_1_G7,520,13,1044.8,BR_PXR_231212_1,231117,LPLCXA_231117_1,LPLCXA_231117_1_A3,394,7,130.0,BR_PXA_231212_1,SI-TT-G7_i7,SI-TT-G7_b(i5),SI-NA-A3,81091,10726,0.0012986485380679,Callithrix jacchus,CS20250428_GROUP_0035,Dopaminergic,CL:4042025,SN|SOX6|Dopa,23,"Tushar et al, 2022",,,"TH, SOX6",#854098,,CS20250428_SUBCL_0025,CL:4042025,M|Dopa,16,#77f0ca,,CS20250428_CLASS_0009,CL:2000097,M|Dopa,6,#0433b4,,CS20250428_NEIGH_0000,,Glut|Sero|Dopa,2,#91f4bb,,CCTAATAAGGAACCAA,P0014_1,240110,Princeton
ACCAGGCTCACTCAAA-P0014_1,Subpallium GABA,F M GABA,F GABA,ZI-HTH GABA,Marmoset-1500,Marmoset-1500,CL:0000003,P0014_1,cjNutmeg,10x multiome,EFO:0030059,Marmoset,NCBI:txid9483,Adult,Brain,Brain,unknown,unknown,unknown,unknown,unknown,unknown,normal,PATO:0000461,nucleus,True,231117,LPLCXR_231117_1,LPLCXR_231117_1_G7,520,13,1044.8,BR_PXR_231212_1,231117,LPLCXA_231117_1,LPLCXA_231117_1_A3,394,7,130.0,BR_PXA_231212_1,SI-TT-G7_i7,SI-TT-G7_b(i5),SI-NA-A3,41734,8226,0.733865797519684,Callithrix jacchus,CS20250428_GROUP_0063,Interneuron,,ZI|HTH|GABA,46,,,,,#c49c94,,CS20250428_SUBCL_0037,,F|GABA,29,#7ba2df,,CS20250428_CLASS_0006,,F|M|GABA,9,#cd0f13,,CS20250428_NEIGH_0002,,Subpallium|GABA,3,#19613b,,ACCAGGCTCACTCAAA,P0014_1,240110,Princeton
CGCCACACAATAGTCT-P0014_1,Subpallium GABA,F M GABA,F GABA,ZI-HTH GABA,Marmoset-1384,Marmoset-1384,CL:0000003,P0014_1,cjNutmeg,10x multiome,EFO:0030059,Marmoset,NCBI:txid9483,Adult,Brain,Brain,unknown,unknown,unknown,unknown,unknown,unknown,normal,PATO:0000461,nucleus,True,231117,LPLCXR_231117_1,LPLCXR_231117_1_G7,520,13,1044.8,BR_PXR_231212_1,231117,LPLCXA_231117_1,LPLCXA_231117_1_A3,394,7,130.0,BR_PXA_231212_1,SI-TT-G7_i7,SI-TT-G7_b(i5),SI-NA-A3,82642,9101,0.147140130400658,Callithrix jacchus,CS20250428_GROUP_0063,Interneuron,,ZI|HTH|GABA,46,,,,,#c49c94,,CS20250428_SUBCL_0037,,F|GABA,29,#7ba2df,,CS20250428_CLASS_0006,,F|M|GABA,9,#cd0f13,,CS20250428_NEIGH_0002,,Subpallium|GABA,3,#19613b,,CGCCACACAATAGTCT,P0014_1,240110,Princeton
GGATAACCAGTTTCTC-P0014_1,Subpallium GABA,F M GABA,F GABA,ZI-HTH GABA,Marmoset-1506,Marmoset-1506,CL:0000003,P0014_1,cjNutmeg,10x multiome,EFO:0030059,Marmoset,NCBI:txid9483,Adult,Brain,Brain,unknown,unknown,unknown,unknown,unknown,unknown,normal,PATO:0000461,nucleus,True,231117,LPLCXR_231117_1,LPLCXR_231117_1_G7,520,13,1044.8,BR_PXR_231212_1,231117,LPLCXA_231117_1,LPLCXA_231117_1_A3,394,7,130.0,BR_PXA_231212_1,SI-TT-G7_i7,SI-TT-G7_b(i5),SI-NA-A3,72847,9078,0.0552320927381516,Callithrix jacchus,CS20250428_GROUP_0063,Interneuron,,ZI|HTH|GABA,46,,,,,#c49c94,,CS20250428_SUBCL_0037,,F|GABA,29,#7ba2df,,CS20250428_CLASS_0006,,F|M|GABA,9,#cd0f13,,CS20250428_NEIGH_0002,,Subpallium|GABA,3,#19613b,,GGATAACCAGTTTCTC,P0014_1,240110,Princeton
TATCACGCATTAAACC-P0014_1,Glut Sero Dopa,F M Glut,F M Glut,VTR-HTH Glut,Marmoset-1460,Marmoset-1460,CL:0000003,P0014_1,cjNutmeg,10x multiome,EFO:0030059,Marmoset,NCBI:txid9483,Adult,Brain,Brain,unknown,unknown,unknown,unknown,unknown,unknown,normal,PATO:0000461,nucleus,True,231117,LPLCXR_231117_1,LPLCXR_231117_1_G7,520,13,1044.8,BR_PXR_231212_1,231117,LPLCXA_231117_1,LPLCXA_231117_1_A3,394,7,130.0,BR_PXA_231212_1,SI-TT-G7_i7,SI-TT-G7_b(i5),SI-NA-A3,81253,9292,0.0051075709052383,Callithrix jacchus,CS20250428_GROUP_0064,Interneuron,,VTR|HTH|Glut,21,,,,SLC17A6,#54621f,,CS20250428_SUBCL_0017,PR 2771,F|M|Glut,15,#66750b,,CS20250428_CLASS_0007,,F|M|Glut,5,#7d0f09,,CS20250428_NEIGH_0000,PR 2579,Glut|Sero|Dopa,2,#91f4bb,,TATCACGCATTAAACC,P0014_1,240110,Princeton
TCCTTAGTCCATAATG-P0014_1,Subpallium GABA,F M GABA,F GABA,ZI-HTH GABA,Marmoset-1355,Marmoset-1355,CL:0000003,P0014_1,cjNutmeg,10x multiome,EFO:0030059,Marmoset,NCBI:txid9483,Adult,Brain,Brain,unknown,unknown,unknown,unknown,unknown,unknown,normal,PATO:0000461,nucleus,True,231117,LPLCXR_231117_1,LPLCXR_231117_1_G7,520,13,1044.8,BR_PXR_231212_1,231117,LPLCXA_231117_1,LPLCXA_231117_1_A3,394,7,130.0,BR_PXA_231212_1,SI-TT-G7_i7,SI-TT-G7_b(i5),SI-NA-A3,70948,9052,0.0012986485380679,Callithrix jacchus,CS20250428_GROUP_0063,Interneuron,,ZI|HTH|GABA,46,,,,,#c49c94,,CS20250428_SUBCL_0037,,F|GABA,29,#7ba2df,,CS20250428_CLASS_0006,,F|M|GABA,9,#cd0f13,,CS20250428_NEIGH_0002,,Subpallium|GABA,3,#19613b,,TCCTTAGTCCATAATG,P0014_1,240110,Princeton
GGTCTTTGTATCTGGA-P0014_1,Glut Sero Dopa,M Dopa,M Dopa,SN-VTR CALB1 Dopa,Marmoset-1448,Marmoset-1448,CL:0000003,P0014_1,cjNutmeg,10x multiome,EFO:0030059,Marmoset,NCBI:txid9483,Adult,Brain,Brain,unknown,unknown,unknown,unknown,unknown,unknown,normal,PATO:0000461,nucleus,True,231117,LPLCXR_231117_1,LPLCXR_231117_1_G7,520,13,1044.8,BR_PXR_231212_1,231117,LPLCXA_231117_1,LPLCXA_231117_1_A3,394,7,130.0,BR_PXA_231212_1,SI-TT-G7_i7,SI-TT-G7_b(i5),SI-NA-A3,59217,8761,0.0015689497813582,Callithrix jacchus,CS20250428_GROUP_0029,Dopaminergic,CL:4042025,SN|VTR|CALB1|Dopa,22,Agarwal et al. 2020,,,"TH, CALB1, SLC6A3, NR4A2, BNC2",#854098,,CS20250428_SUBCL_0025,CL:4042025,M|Dopa,16,#77f0ca,,CS20250428_CLASS_0009,CL:2000097,M|Dopa,6,#0433b4,,CS20250428_NEIGH_0000,PR 2579,Glut|Sero|Dopa,2,#91f4bb,,GGTCTTTGTATCTGGA,P0014_1,240110,Princeton
TTGCGAGTCATTGACA-P0014_1,Subpallium GABA,F M GABA,F GABA,ZI-HTH GABA,Marmoset-1502,Marmoset-1502,CL:0000003,P0014_1,cjNutmeg,10x multiome,EFO:0030059,Marmoset,NCBI:txid9483,Adult,Brain,Brain,unknown,unknown,unknown,unknown,unknown,unknown,normal,PATO:0000461,nucleus,True,231117,LPLCXR_231117_1,LPLCXR_231117_1_G7,520,13,1044.8,BR_PXR_231212_1,231117,LPLCXA_231117_1,LPLCXA_231117_1_A3,394,7,130.0,BR_PXA_231212_1,SI-TT-G7_i7,SI-TT-G7_b(i5),SI-NA-A3,78128,9319,0.0015461560105904,Callithrix jacchus,CS20250428_GROUP_0063,Interneuron,,ZI|HTH|GABA,46,,,,,#c49c94,,CS20250428_SUBCL_0037,,F|GABA,29,#7ba2df,,CS20250428_CLASS_0006,,F|M|GABA,9,#cd0f13,,CS20250428_NEIGH_0002,,Subpallium|GABA,3,#19613b,,TTGCGAGTCATTGACA,P0014_1,240110,Princeton
GTTGCATAGGTTACAC-P0014_1,Subpallium GABA,F M GABA,F GABA,ZI-HTH GABA,Marmoset-1344,Marmoset-1344,CL:0000003,P0014_1,cjNutmeg,10x multiome,EFO:0030059,Marmoset,NCBI:txid9483,Adult,Brain,Brain,unknown,unknown,unknown,unknown,unknown,unknown,normal,PATO:0000461,nucleus,True,231117,LPLCXR_231117_1,LPLCXR_231117_1_G7,520,13,1044.8,BR_PXR_231212_1,231117,LPLCXA_231117_1,LPLCXA_231117_1_A3,394,7,130.0,BR_PXA_231212_1,SI-TT-G7_i7,SI-TT-G7_b(i5),SI-NA-A3,72254,8822,0.0012986485380679,Callithrix jacchus,CS20250428_GROUP_0063,Interneuron,,ZI|HTH|GABA,46,,,,,#c49c94,,CS20250428_SUBCL_0037,,F|GABA,29,#7ba2df,,CS20250428_CLASS_0006,,F|M|GABA,9,#cd0f13,,CS20250428_NEIGH_0002,,Subpallium|GABA,3,#19613b,,GTTGCATAGGTTACAC,P0014_1,240110,Princeton
GCTGCAATCTTTGACT-P0014_1,Glut Sero Dopa,F M Glut,F M Glut,VTR-HTH Glut,Marmoset-1533,Marmoset-1533,CL:0000003,P0014_1,cjNutmeg,10x multiome,EFO:0030059,Marmoset,NCBI:txid9483,Adult,Brain,Brain,unknown,unknown,unknown,unknown,unknown,unknown,normal,PATO:0000461,nucleus,True,231117,LPLCXR_231117_1,LPLCXR_231117_1_G7,520,13,1044.8,BR_PXR_231212_1,231117,LPLCXA_231117_1,LPLCXA_231117_1_A3,394,7,130.0,BR_PXA_231212_1,SI-TT-G7_i7,SI-TT-G7_b(i5),SI-NA-A3,71589,8459,0.0094873085618019,Callithrix jacchus,CS20250428_GROUP_0064,Interneuron,,VTR|HTH|Glut,21,,,,SLC17A6,#54621f,,CS20250428_SUBCL_0017,PR 2771,F|M|Glut,15,#66750b,,CS20250428_CLASS_0007,,F|M|Glut,5,#7d0f09,,CS20250428_NEIGH_0000,PR 2579,Glut|Sero|Dopa,2,#91f4bb,,GCTGCAATCTTTGACT,P0014_1,240110,Princeton
TTCACTGTCTGCAAAC-P0014_1,Glut Sero Dopa,F M Glut,F M Glut,VTR-HTH Glut,Marmoset-1464,Marmoset-1464,CL:0000003,P0014_1,cjNutmeg,10x multiome,EFO:0030059,Marmoset,NCBI:txid9483,Adult,Brain,Brain,unknown,unknown,unknown,unknown,unknown,unknown,normal,PATO:0000461,nucleus,True,231117,LPLCXR_231117_1,LPLCXR_231117_1_G7,520,13,1044.8,BR_PXR_231212_1,231117,LPLCXA_231117_1,LPLCXA_231117_1_A3,394,7,130.0,BR_PXA_231212_1,SI-TT-G7_i7,SI-TT-G7_b(i5),SI-NA-A3,63272,8626,0.0022278407122939,Callithrix jacchus,CS20250428_GROUP_0064,Interneuron,,VTR|HTH|Glut,21,,,,SLC17A6,#54621f,,CS20250428_SUBCL_0017,PR 2771,F|M|Glut,15,#66750b,,CS20250428_CLASS_0007,,F|M|Glut,5,#7d0f09,,CS20250428_NEIGH_0000,PR 2579,Glut|Sero|Dopa,2,#91f4bb,,TTCACTGTCTGCAAAC,P0014_1,240110,Princeton
GTGCTTCTCCTCATCA-P0014_1,Subpallium GABA,F M GABA,F M GATA3 GABA,SN GATA3-PAX8 GABA,Marmoset-1371,Marmoset-1371,CL:0000003,P0014_1,cjNutmeg,10x multiome,EFO:0030059,Marmoset,NCBI:txid9483,Adult,Brain,Brain,unknown,unknown,unknown,unknown,unknown,unknown,normal,PATO:0000461,nucleus,True,231117,LPLCXR_231117_1,LPLCXR_231117_1_G7,520,13,1044.8,BR_PXR_231212_1,231117,LPLCXA_231117_1,LPLCXA_231117_1_A3,394,7,130.0,BR_PXA_231212_1,SI-TT-G7_i7,SI-TT-G7_b(i5),SI-NA-A3,63152,9466,0.0030823615379631,Callithrix jacchus,CS20250428_GROUP_0032,Interneuron,,SN|GATA3|PAX8|GABA,42,Partanen et al. 2022,pSNpr,,"Pax5, Ctip2, Pou6f2",#ff7266,,CS20250428_SUBCL_0016,,F|M|GATA3|GABA,27,#311a96,,CS20250428_CLASS_0006,,F|M|GABA,9,#cd0f13,,CS20250428_NEIGH_0002,,Subpallium|GABA,3,#19613b,,GTGCTTCTCCTCATCA,P0014_1,240110,Princeton
TCTTAGTTCACTAAGC-P0014_1,Subpallium GABA,F M GABA,F GABA,ZI-HTH GABA,Marmoset-1362,Marmoset-1362,CL:0000003,P0014_1,cjNutmeg,10x multiome,EFO:0030059,Marmoset,NCBI:txid9483,Adult,Brain,Brain,unknown,unknown,unknown,unknown,unknown,unknown,normal,PATO:0000461,nucleus,True,231117,LPLCXR_231117_1,LPLCXR_231117_1_G7,520,13,1044.8,BR_PXR_231212_1,231117,LPLCXA_231117_1,LPLCXA_231117_1_A3,394,7,130.0,BR_PXA_231212_1,SI-TT-G7_i7,SI-TT-G7_b(i5),SI-NA-A3,62432,8796,0.0012986485380679,Callithrix jacchus,CS20250428_GROUP_0063,Interneuron,,ZI|HTH|GABA,46,,,,,#c49c94,,CS20250428_SUBCL_0037,,F|GABA,29,#7ba2df,,CS20250428_CLASS_0006,,F|M|GABA,9,#cd0f13,,CS20250428_NEIGH_0002,,Subpallium|GABA,3,#19613b,,TCTTAGTTCACTAAGC,P0014_1,240110,Princeton
ACGAATCTCAATCTCT-P0014_1,Subpallium GABA,F M GABA,F GABA,ZI-HTH GABA,Marmoset-1363,Marmoset-1363,CL:0000003,P0014_1,cjNutmeg,10x multiome,EFO:0030059,Marmoset,NCBI:txid9483,Adult,Brain,Brain,unknown,unknown,unknown,unknown,unknown,unknown,normal,PATO:0000461,nucleus,True,231117,LPLCXR_231117_1,LPLCXR_231117_1_G7,520,13,1044.8,BR_PXR_231212_1,231117,LPLCXA_231117_1,LPLCXA_231117_1_A3,394,7,130.0,BR_PXA_231212_1,SI-TT-G7_i7,SI-TT-G7_b(i5),SI-NA-A3,68052,8649,0.0018265089020133,Callithrix jacchus,CS20250428_GROUP_0063,Interneuron,,ZI|HTH|GABA,46,,,,,#c49c94,,CS20250428_SUBCL_0037,,F|GABA,29,#7ba2df,,CS20250428_CLASS_0006,,F|M|GABA,9,#cd0f13,,CS20250428_NEIGH_0002,,Subpallium|GABA,3,#19613b,,ACGAATCTCAATCTCT,P0014_1,240110,Princeton
TTTGTTGGTCATAACG-P0014_1,Subpallium GABA,F M GABA,F GABA,ZI-HTH GABA,Marmoset-1364,Marmoset-1364,CL:0000003,P0014_1,cjNutmeg,10x multiome,EFO:0030059,Marmoset,NCBI:txid9483,Adult,Brain,Brain,unknown,unknown,unknown,unknown,unknown,unknown,normal,PATO:0000461,nucleus,True,231117,LPLCXR_231117_1,LPLCXR_231117_1_G7,520,13,1044.8,BR_PXR_231212_1,231117,LPLCXA_231117_1,LPLCXA_231117_1_A3,394,7,130.0,BR_PXA_231212_1,SI-TT-G7_i7,SI-TT-G7_b(i5),SI-NA-A3,85669,9258,0.0015689497813582,Callithrix jacchus,CS20250428_GROUP_0063,Interneuron,,ZI|HTH|GABA,46,,,,,#c49c94,,CS20250428_SUBCL_0037,,F|GABA,29,#7ba2df,,CS20250428_CLASS_0006,,F|M|GABA,9,#cd0f13,,CS20250428_NEIGH_0002,,Subpallium|GABA,3,#19613b,,TTTGTTGGTCATAACG,P0014_1,240110,Princeton
CAATCGCCAACTAACT-P0014_1,Glut Sero Dopa,F M Glut,F M Glut,VTR-HTH Glut,Marmoset-1531,Marmoset-1531,CL:0000003,P0014_1,cjNutmeg,10x multiome,EFO:0030059,Marmoset,NCBI:txid9483,Adult,Brain,Brain,unknown,unknown,unknown,unknown,unknown,unknown,normal,PATO:0000461,nucleus,True,231117,LPLCXR_231117_1,LPLCXR_231117_1_G7,520,13,1044.8,BR_PXR_231212_1,231117,LPLCXA_231117_1,LPLCXA_231117_1_A3,394,7,130.0,BR_PXA_231212_1,SI-TT-G7_i7,SI-TT-G7_b(i5),SI-NA-A3,55423,8908,0.122757263481617,Callithrix jacchus,CS20250428_GROUP_0064,Interneuron,,VTR|HTH|Glut,21,,,,SLC17A6,#54621f,,CS20250428_SUBCL_0017,PR 2771,F|M|Glut,15,#66750b,,CS20250428_CLASS_0007,,F|M|Glut,5,#7d0f09,,CS20250428_NEIGH_0000,PR 2579,Glut|Sero|Dopa,2,#91f4bb,,CAATCGCCAACTAACT,P0014_1,240110,Princeton
GTCATCCTCTCGCCTG-P0014_1,Glut Sero Dopa,F M Glut,F M Glut,VTR-HTH Glut,Marmoset-1535,Marmoset-1535,CL:0000003,P0014_1,cjNutmeg,10x multiome,EFO:0030059,Marmoset,NCBI:txid9483,Adult,Brain,Brain,unknown,unknown,unknown,unknown,unknown,unknown,normal,PATO:0000461,nucleus,True,231117,LPLCXR_231117_1,LPLCXR_231117_1_G7,520,13,1044.8,BR_PXR_231212_1,231117,LPLCXA_231117_1,LPLCXA_231117_1_A3,394,7,130.0,BR_PXA_231212_1,SI-TT-G7_i7,SI-TT-G7_b(i5),SI-NA-A3,55297,9312,0.0505582354962826,Callithrix jacchus,CS20250428_GROUP_0064,Interneuron,,VTR|HTH|Glut,21,,,,SLC17A6,#54621f,,CS20250428_SUBCL_0017,PR 2771,F|M|Glut,15,#66750b,,CS20250428_CLASS_0007,,F|M|Glut,5,#7d0f09,,CS20250428_NEIGH_0000,PR 2579,Glut|Sero|Dopa,2,#91f4bb,,GTCATCCTCTCGCCTG,P0014_1,240110,Princeton
TTTGTCTAGTTTGAGC-P0014_1,Subpallium GABA,F M GABA,F M GATA3 GABA,SN-VTR-HTH GATA3-TCF7L2 GABA,Marmoset-1409,Marmoset-1409,CL:0000003,P0014_1,cjNutmeg,10x multiome,EFO:0030059,Marmoset,NCBI:txid9483,Adult,Brain,Brain,unknown,unknown,unknown,unknown,unknown,unknown,normal,PATO:0000461,nucleus,True,231117,LPLCXR_231117_1,LPLCXR_231117_1_G7,520,13,1044.8,BR_PXR_231212_1,231117,LPLCXA_231117_1,LPLCXA_231117_1_A3,394,7,130.0,BR_PXA_231212_1,SI-TT-G7_i7,SI-TT-G7_b(i5),SI-NA-A3,59635,7948,0.0012986485380679,Callithrix jacchus,CS20250428_GROUP_0037,Interneuron,,SN|VTR|HTH|GATA3|TCF7L2|GABA,43,,,,,#1dbfcf,,CS20250428_SUBCL_0016,,F|M|GATA3|GABA,27,#311a96,,CS20250428_CLASS_0006,,F|M|GABA,9,#cd0f13,,CS20250428_NEIGH_0002,,Subpallium|GABA,3,#19613b,,TTTGTCTAGTTTGAGC,P0014_1,240110,Princeton
GTATTGTCACAAAGCG-P0014_1,Glut Sero Dopa,F M Glut,F M Glut,VTR-HTH Glut,Marmoset-1466,Marmoset-1466,CL:0000003,P0014_1,cjNutmeg,10x multiome,EFO:0030059,Marmoset,NCBI:txid9483,Adult,Brain,Brain,unknown,unknown,unknown,unknown,unknown,unknown,normal,PATO:0000461,nucleus,True,231117,LPLCXR_231117_1,LPLCXR_231117_1_G7,520,13,1044.8,BR_PXR_231212_1,231117,LPLCXA_231117_1,LPLCXA_231117_1_A3,394,7,130.0,BR_PXA_231212_1,SI-TT-G7_i7,SI-TT-G7_b(i5),SI-NA-A3,23100,5761,0.0020972576458007,Callithrix jacchus,CS20250428_GROUP_0064,Interneuron,,VTR|HTH|Glut,21,,,,SLC17A6,#54621f,,CS20250428_SUBCL_0017,PR 2771,F|M|Glut,15,#66750b,,CS20250428_CLASS_0007,,F|M|Glut,5,#7d0f09,,CS20250428_NEIGH_0000,PR 2579,Glut|Sero|Dopa,2,#91f4bb,,GTATTGTCACAAAGCG,P0014_1,240110,Princeton
AGCCGCTAGTCATCCC-P0014_1,Glut Sero Dopa,F M Glut,F M Glut,VTR-HTH Glut,Marmoset-1461,Marmoset-1461,CL:0000003,P0014_1,cjNutmeg,10x multiome,EFO:0030059,Marmoset,NCBI:txid9483,Adult,Brain,Brain,unknown,unknown,unknown,unknown,unknown,unknown,normal,PATO:0000461,nucleus,True,231117,LPLCXR_231117_1,LPLCXR_231117_1_G7,520,13,1044.8,BR_PXR_231212_1,231117,LPLCXA_231117_1,LPLCXA_231117_1_A3,394,7,130.0,BR_PXA_231212_1,SI-TT-G7_i7,SI-TT-G7_b(i5),SI-NA-A3,56043,7853,0.0015461560105904,Callithrix jacchus,CS20250428_GROUP_0064,Interneuron,,VTR|HTH|Glut,21,,,,SLC17A6,#54621f,,CS20250428_SUBCL_0017,PR 2771,F|M|Glut,15,#66750b,,CS20250428_CLASS_0007,,F|M|Glut,5,#7d0f09,,CS20250428_NEIGH_0000,PR 2579,Glut|Sero|Dopa,2,#91f4bb,,AGCCGCTAGTCATCCC,P0014_1,240110,Princeton
CCTCAGTTCTTAGTGA-P0014_1,Subpallium GABA,F M GABA,F M GATA3 GABA,SN GATA3-PVALB GABA,Marmoset-1484,Marmoset-1484,CL:0000003,P0014_1,cjNutmeg,10x multiome,EFO:0030059,Marmoset,NCBI:txid9483,Adult,Brain,Brain,unknown,unknown,unknown,unknown,unknown,unknown,normal,PATO:0000461,nucleus,True,231117,LPLCXR_231117_1,LPLCXR_231117_1_G7,520,13,1044.8,BR_PXR_231212_1,231117,LPLCXA_231117_1,LPLCXA_231117_1_A3,394,7,130.0,BR_PXA_231212_1,SI-TT-G7_i7,SI-TT-G7_b(i5),SI-NA-A3,62235,9591,0.0015689497813582,Callithrix jacchus,CS20250428_GROUP_0033,Interneuron,PR 2577,SN|GATA3|PVALB|GABA,41,Partanen et al. 2022,aSNpr,,Six3 and Foxp1,#017d7c,,CS20250428_SUBCL_0016,,F|M|GATA3|GABA,27,#311a96,,CS20250428_CLASS_0006,,F|M|GABA,9,#cd0f13,,CS20250428_NEIGH_0002,,Subpallium|GABA,3,#19613b,,CCTCAGTTCTTAGTGA,P0014_1,240110,Princeton
CGCATTACATCATGGC-P0014_1,Subpallium GABA,F M GABA,F GABA,ZI-HTH GABA,Marmoset-1383,Marmoset-1383,CL:0000003,P0014_1,cjNutmeg,10x multiome,EFO:0030059,Marmoset,NCBI:txid9483,Adult,Brain,Brain,unknown,unknown,unknown,unknown,unknown,unknown,normal,PATO:0000461,nucleus,True,231117,LPLCXR_231117_1,LPLCXR_231117_1_G7,520,13,1044.8,BR_PXR_231212_1,231117,LPLCXA_231117_1,LPLCXA_231117_1_A3,394,7,130.0,BR_PXA_231212_1,SI-TT-G7_i7,SI-TT-G7_b(i5),SI-NA-A3,60041,8288,0.155078589916229,Callithrix jacchus,CS20250428_GROUP_0063,Interneuron,,ZI|HTH|GABA,46,,,,,#c49c94,,CS20250428_SUBCL_0037,,F|GABA,29,#7ba2df,,CS20250428_CLASS_0006,,F|M|GABA,9,#cd0f13,,CS20250428_NEIGH_0002,,Subpallium|GABA,3,#19613b,,CGCATTACATCATGGC,P0014_1,240110,Princeton
ACCTTCATCATTCATC-P0014_1,Subpallium GABA,F M GABA,F M GATA3 GABA,SN GATA3-PAX8 GABA,Marmoset-1387,Marmoset-1387,CL:0000003,P0014_1,cjNutmeg,10x multiome,EFO:0030059,Marmoset,NCBI:txid9483,Adult,Brain,Brain,unknown,unknown,unknown,unknown,unknown,unknown,normal,PATO:0000461,nucleus,True,231117,LPLCXR_231117_1,LPLCXR_231117_1_G7,520,13,1044.8,BR_PXR_231212_1,231117,LPLCXA_231117_1,LPLCXA_231117_1_A3,394,7,130.0,BR_PXA_231212_1,SI-TT-G7_i7,SI-TT-G7_b(i5),SI-NA-A3,65590,8209,0.0012986485380679,Callithrix jacchus,CS20250428_GROUP_0032,Interneuron,,SN|GATA3|PAX8|GABA,42,Partanen et al. 2022,pSNpr,,"Pax5, Ctip2, Pou6f2",#ff7266,,CS20250428_SUBCL_0016,,F|M|GATA3|GABA,27,#311a96,,CS20250428_CLASS_0006,,F|M|GABA,9,#cd0f13,,CS20250428_NEIGH_0002,,Subpallium|GABA,3,#19613b,,ACCTTCATCATTCATC,P0014_1,240110,Princeton
CATTTGTTCTCTAGCC-P0014_1,Glut Sero Dopa,M Dopa,M Dopa,SN-VTR CALB1 Dopa,Marmoset-1449,Marmoset-1449,CL:0000003,P0014_1,cjNutmeg,10x multiome,EFO:0030059,Marmoset,NCBI:txid9483,Adult,Brain,Brain,unknown,unknown,unknown,unknown,unknown,unknown,normal,PATO:0000461,nucleus,True,231117,LPLCXR_231117_1,LPLCXR_231117_1_G7,520,13,1044.8,BR_PXR_231212_1,231117,LPLCXA_231117_1,LPLCXA_231117_1_A3,394,7,130.0,BR_PXA_231212_1,SI-TT-G7_i7,SI-TT-G7_b(i5),SI-NA-A3,54834,8436,0.348717480897903,Callithrix jacchus,CS20250428_GROUP_0029,Dopaminergic,CL:4042025,SN|VTR|CALB1|Dopa,22,Agarwal et al. 2020,,,"TH, CALB1, SLC6A3, NR4A2, BNC2",#854098,,CS20250428_SUBCL_0025,CL:4042025,M|Dopa,16,#77f0ca,,CS20250428_CLASS_0009,CL:2000097,M|Dopa,6,#0433b4,,CS20250428_NEIGH_0000,PR 2579,Glut|Sero|Dopa,2,#91f4bb,,CATTTGTTCTCTAGCC,P0014_1,240110,Princeton
TGAGGTGCATGAATCT-P0014_1,Glut Sero Dopa,M Dopa,M Dopa,SN SOX6 Dopa,Marmoset-1442,Marmoset-1442,CL:0000003,P0014_1,cjNutmeg,10x multiome,EFO:0030059,Marmoset,NCBI:txid9483,Adult,Brain,Brain,unknown,unknown,unknown,unknown,unknown,unknown,normal,PATO:0000461,nucleus,True,231117,LPLCXR_231117_1,LPLCXR_231117_1_G7,520,13,1044.8,BR_PXR_231212_1,231117,LPLCXA_231117_1,LPLCXA_231117_1_A3,394,7,130.0,BR_PXA_231212_1,SI-TT-G7_i7,SI-TT-G7_b(i5),SI-NA-A3,60570,8682,0.0015689497813582,Callithrix jacchus,CS20250428_GROUP_0035,Dopaminergic,CL:4042025,SN|SOX6|Dopa,23,"Tushar et al, 2022",,,"TH, SOX6",#854098,,CS20250428_SUBCL_0025,CL:4042025,M|Dopa,16,#77f0ca,,CS20250428_CLASS_0009,CL:2000097,M|Dopa,6,#0433b4,,CS20250428_NEIGH_0000,,Glut|Sero|Dopa,2,#91f4bb,,TGAGGTGCATGAATCT,P0014_1,240110,Princeton
CCTAAGGTCCAGGTTG-P0014_1,Glut Sero Dopa,M Dopa,M Dopa,SN-VTR GAD2 Dopa,Marmoset-1451,Marmoset-1451,CL:0000003,P0014_1,cjNutmeg,10x multiome,EFO:0030059,Marmoset,NCBI:txid9483,Adult,Brain,Brain,unknown,unknown,unknown,unknown,unknown,unknown,normal,PATO:0000461,nucleus,True,231117,LPLCXR_231117_1,LPLCXR_231117_1_G7,520,13,1044.8,BR_PXR_231212_1,231117,LPLCXA_231117_1,LPLCXA_231117_1_A3,394,7,130.0,BR_PXA_231212_1,SI-TT-G7_i7,SI-TT-G7_b(i5),SI-NA-A3,61711,8256,0.0270411986857653,Callithrix jacchus,CS20250428_GROUP_0031,Dopaminergic,,SN|VTR|GAD2|Dopa,24,"Zachary et al, 2024",,,"TH, GAD2",#854098,,CS20250428_SUBCL_0025,CL:4042025,M|Dopa,16,#77f0ca,,CS20250428_CLASS_0009,CL:2000097,M|Dopa,6,#0433b4,,CS20250428_NEIGH_0000,,Glut|Sero|Dopa,2,#91f4bb,,CCTAAGGTCCAGGTTG,P0014_1,240110,Princeton
GTCCATTGTCTTACTA-P0014_1,Glut Sero Dopa,F M Glut,F M Glut,VTR-HTH Glut,Marmoset-1534,Marmoset-1534,CL:0000003,P0014_1,cjNutmeg,10x multiome,EFO:0030059,Marmoset,NCBI:txid9483,Adult,Brain,Brain,unknown,unknown,unknown,unknown,unknown,unknown,normal,PATO:0000461,nucleus,True,231117,LPLCXR_231117_1,LPLCXR_231117_1_G7,520,13,1044.8,BR_PXR_231212_1,231117,LPLCXA_231117_1,LPLCXA_231117_1_A3,394,7,130.0,BR_PXA_231212_1,SI-TT-G7_i7,SI-TT-G7_b(i5),SI-NA-A3,54644,8532,0.0012986485380679,Callithrix jacchus,CS20250428_GROUP_0064,Interneuron,,VTR|HTH|Glut,21,,,,SLC17A6,#54621f,,CS20250428_SUBCL_0017,PR 2771,F|M|Glut,15,#66750b,,CS20250428_CLASS_0007,,F|M|Glut,5,#7d0f09,,CS20250428_NEIGH_0000,PR 2579,Glut|Sero|Dopa,2,#91f4bb,,GTCCATTGTCTTACTA,P0014_1,240110,Princeton
AACAAGCCATGGAGGC-P0014_1,Glut Sero Dopa,F M Glut,F M Glut,VTR-HTH Glut,Marmoset-1537,Marmoset-1537,CL:0000003,P0014_1,cjNutmeg,10x multiome,EFO:0030059,Marmoset,NCBI:txid9483,Adult,Brain,Brain,unknown,unknown,unknown,unknown,unknown,unknown,normal,PATO:0000461,nucleus,True,231117,LPLCXR_231117_1,LPLCXR_231117_1_G7,520,13,1044.8,BR_PXR_231212_1,231117,LPLCXA_231117_1,LPLCXA_231117_1_A3,394,7,130.0,BR_PXA_231212_1,SI-TT-G7_i7,SI-TT-G7_b(i5),SI-NA-A3,60647,8571,0.0012986485380679,Callithrix jacchus,CS20250428_GROUP_0064,Interneuron,,VTR|HTH|Glut,21,,,,SLC17A6,#54621f,,CS20250428_SUBCL_0017,PR 2771,F|M|Glut,15,#66750b,,CS20250428_CLASS_0007,,F|M|Glut,5,#7d0f09,,CS20250428_NEIGH_0000,PR 2579,Glut|Sero|Dopa,2,#91f4bb,,AACAAGCCATGGAGGC,P0014_1,240110,Princeton
AATATCCCACATTGCA-P0014_1,Glut Sero Dopa,F M Glut,F M Glut,VTR-HTH Glut,Marmoset-1541,Marmoset-1541,CL:0000003,P0014_1,cjNutmeg,10x multiome,EFO:0030059,Marmoset,NCBI:txid9483,Adult,Brain,Brain,unknown,unknown,unknown,unknown,unknown,unknown,normal,PATO:0000461,nucleus,True,231117,LPLCXR_231117_1,LPLCXR_231117_1_G7,520,13,1044.8,BR_PXR_231212_1,231117,LPLCXA_231117_1,LPLCXA_231117_1_A3,394,7,130.0,BR_PXA_231212_1,SI-TT-G7_i7,SI-TT-G7_b(i5),SI-NA-A3,57662,8108,0.0582193545997143,Callithrix jacchus,CS20250428_GROUP_0064,Interneuron,,VTR|HTH|Glut,21,,,,SLC17A6,#54621f,,CS20250428_SUBCL_0017,PR 2771,F|M|Glut,15,#66750b,,CS20250428_CLASS_0007,,F|M|Glut,5,#7d0f09,,CS20250428_NEIGH_0000,PR 2579,Glut|Sero|Dopa,2,#91f4bb,,AATATCCCACATTGCA,P0014_1,240110,Princeton
TTGGATTCATTGACAT-P0014_1,Glut Sero Dopa,F M Glut,F M Glut,VTR-HTH Glut,Marmoset-1544,Marmoset-1544,CL:0000003,P0014_1,cjNutmeg,10x multiome,EFO:0030059,Marmoset,NCBI:txid9483,Adult,Brain,Brain,unknown,unknown,unknown,unknown,unknown,unknown,normal,PATO:0000461,nucleus,True,231117,LPLCXR_231117_1,LPLCXR_231117_1_G7,520,13,1044.8,BR_PXR_231212_1,231117,LPLCXA_231117_1,LPLCXA_231117_1_A3,394,7,130.0,BR_PXA_231212_1,SI-TT-G7_i7,SI-TT-G7_b(i5),SI-NA-A3,53419,8009,0.0012986485380679,Callithrix jacchus,CS20250428_GROUP_0064,Interneuron,,VTR|HTH|Glut,21,,,,SLC17A6,#54621f,,CS20250428_SUBCL_0017,PR 2771,F|M|Glut,15,#66750b,,CS20250428_CLASS_0007,,F|M|Glut,5,#7d0f09,,CS20250428_NEIGH_0000,PR 2579,Glut|Sero|Dopa,2,#91f4bb,,TTGGATTCATTGACAT,P0014_1,240110,Princeton
CAAGGCTGTCCGCTGT-P0014_1,Subpallium GABA,F M GABA,F M GATA3 GABA,SN-VTR-HTH GATA3-TCF7L2 GABA,Marmoset-1414,Marmoset-1414,CL:0000003,P0014_1,cjNutmeg,10x multiome,EFO:0030059,Marmoset,NCBI:txid9483,Adult,Brain,Brain,unknown,unknown,unknown,unknown,unknown,unknown,normal,PATO:0000461,nucleus,True,231117,LPLCXR_231117_1,LPLCXR_231117_1_G7,520,13,1044.8,BR_PXR_231212_1,231117,LPLCXA_231117_1,LPLCXA_231117_1_A3,394,7,130.0,BR_PXA_231212_1,SI-TT-G7_i7,SI-TT-G7_b(i5),SI-NA-A3,59166,8135,0.0012986485380679,Callithrix jacchus,CS20250428_GROUP_0037,Interneuron,,SN|VTR|HTH|GATA3|TCF7L2|GABA,43,,,,,#1dbfcf,,CS20250428_SUBCL_0016,,F|M|GATA3|GABA,27,#311a96,,CS20250428_CLASS_0006,,F|M|GABA,9,#cd0f13,,CS20250428_NEIGH_0002,,Subpallium|GABA,3,#19613b,,CAAGGCTGTCCGCTGT,P0014_1,240110,Princeton
CTCTAGCTCCTCCATA-P0014_1,Subpallium GABA,F M GABA,F GABA,ZI-HTH GABA,Marmoset-396,Marmoset-396,CL:0000003,P0014_1,cjNutmeg,10x multiome,EFO:0030059,Marmoset,NCBI:txid9483,Adult,Brain,Brain,unknown,unknown,unknown,unknown,unknown,unknown,normal,PATO:0000461,nucleus,True,231117,LPLCXR_231117_1,LPLCXR_231117_1_G7,520,13,1044.8,BR_PXR_231212_1,231117,LPLCXA_231117_1,LPLCXA_231117_1_A3,394,7,130.0,BR_PXA_231212_1,SI-TT-G7_i7,SI-TT-G7_b(i5),SI-NA-A3,66284,9320,0.0483013167977333,Callithrix jacchus,CS20250428_GROUP_0063,Interneuron,,ZI|HTH|GABA,46,,,,,#c49c94,,CS20250428_SUBCL_0037,,F|GABA,29,#7ba2df,,CS20250428_CLASS_0006,,F|M|GABA,9,#cd0f13,,CS20250428_NEIGH_0002,,Subpallium|GABA,3,#19613b,,CTCTAGCTCCTCCATA,P0014_1,240110,Princeton
GTCATGCCATAAGTCT-P0014_1,Subpallium GABA,F M GABA,F M GATA3 GABA,SN-VTR-HTH GATA3-TCF7L2 GABA,Marmoset-1411,Marmoset-1411,CL:0000003,P0014_1,cjNutmeg,10x multiome,EFO:0030059,Marmoset,NCBI:txid9483,Adult,Brain,Brain,unknown,unknown,unknown,unknown,unknown,unknown,normal,PATO:0000461,nucleus,True,231117,LPLCXR_231117_1,LPLCXR_231117_1_G7,520,13,1044.8,BR_PXR_231212_1,231117,LPLCXA_231117_1,LPLCXA_231117_1_A3,394,7,130.0,BR_PXA_231212_1,SI-TT-G7_i7,SI-TT-G7_b(i5),SI-NA-A3,59156,8704,0.0024066369514912,Callithrix jacchus,CS20250428_GROUP_0037,Interneuron,,SN|VTR|HTH|GATA3|TCF7L2|GABA,43,,,,,#1dbfcf,,CS20250428_SUBCL_0016,,F|M|GATA3|GABA,27,#311a96,,CS20250428_CLASS_0006,,F|M|GABA,9,#cd0f13,,CS20250428_NEIGH_0002,,Subpallium|GABA,3,#19613b,,GTCATGCCATAAGTCT,P0014_1,240110,Princeton
CGGCCATAGGGACTAA-P0014_1,Subpallium GABA,F M GABA,F GABA,ZI-HTH GABA,Marmoset-1356,Marmoset-1356,CL:0000003,P0014_1,cjNutmeg,10x multiome,EFO:0030059,Marmoset,NCBI:txid9483,Adult,Brain,Brain,unknown,unknown,unknown,unknown,unknown,unknown,normal,PATO:0000461,nucleus,True,231117,LPLCXR_231117_1,LPLCXR_231117_1_G7,520,13,1044.8,BR_PXR_231212_1,231117,LPLCXA_231117_1,LPLCXA_231117_1_A3,394,7,130.0,BR_PXA_231212_1,SI-TT-G7_i7,SI-TT-G7_b(i5),SI-NA-A3,45444,8748,0.0015689497813582,Callithrix jacchus,CS20250428_GROUP_0063,Interneuron,,ZI|HTH|GABA,46,,,,,#c49c94,,CS20250428_SUBCL_0037,,F|GABA,29,#7ba2df,,CS20250428_CLASS_0006,,F|M|GABA,9,#cd0f13,,CS20250428_NEIGH_0002,,Subpallium|GABA,3,#19613b,,CGGCCATAGGGACTAA,P0014_1,240110,Princeton
CCATAGCCAACACCTA-P0014_1,Subpallium GABA,F M GABA,F M GATA3 GABA,SN GATA3-PAX8 GABA,Marmoset-1377,Marmoset-1377,CL:0000003,P0014_1,cjNutmeg,10x multiome,EFO:0030059,Marmoset,NCBI:txid9483,Adult,Brain,Brain,unknown,unknown,unknown,unknown,unknown,unknown,normal,PATO:0000461,nucleus,True,231117,LPLCXR_231117_1,LPLCXR_231117_1_G7,520,13,1044.8,BR_PXR_231212_1,231117,LPLCXA_231117_1,LPLCXA_231117_1_A3,394,7,130.0,BR_PXA_231212_1,SI-TT-G7_i7,SI-TT-G7_b(i5),SI-NA-A3,50695,8740,0.0012986485380679,Callithrix jacchus,CS20250428_GROUP_0032,Interneuron,,SN|GATA3|PAX8|GABA,42,Partanen et al. 2022,pSNpr,,"Pax5, Ctip2, Pou6f2",#ff7266,,CS20250428_SUBCL_0016,,F|M|GATA3|GABA,27,#311a96,,CS20250428_CLASS_0006,,F|M|GABA,9,#cd0f13,,CS20250428_NEIGH_0002,,Subpallium|GABA,3,#19613b,,CCATAGCCAACACCTA,P0014_1,240110,Princeton
TCCCGTTAGTAGCGGG-P0014_1,Subpallium GABA,F M GABA,F M GATA3 GABA,SN-VTR-HTH GATA3-TCF7L2 GABA,Marmoset-1413,Marmoset-1413,CL:0000003,P0014_1,cjNutmeg,10x multiome,EFO:0030059,Marmoset,NCBI:txid9483,Adult,Brain,Brain,unknown,unknown,unknown,unknown,unknown,unknown,normal,PATO:0000461,nucleus,True,231117,LPLCXR_231117_1,LPLCXR_231117_1_G7,520,13,1044.8,BR_PXR_231212_1,231117,LPLCXA_231117_1,LPLCXA_231117_1_A3,394,7,130.0,BR_PXA_231212_1,SI-TT-G7_i7,SI-TT-G7_b(i5),SI-NA-A3,44041,7149,0.0015689497813582,Callithrix jacchus,CS20250428_GROUP_0037,Interneuron,,SN|VTR|HTH|GATA3|TCF7L2|GABA,43,,,,,#1dbfcf,,CS20250428_SUBCL_0016,,F|M|GATA3|GABA,27,#311a96,,CS20250428_CLASS_0006,,F|M|GABA,9,#cd0f13,,CS20250428_NEIGH_0002,,Subpallium|GABA,3,#19613b,,TCCCGTTAGTAGCGGG,P0014_1,240110,Princeton
GAGCCTTCAACATAAG-P0014_1,Subpallium GABA,F M GABA,F M GATA3 GABA,SN GATA3-PVALB GABA,Marmoset-1485,Marmoset-1485,CL:0000003,P0014_1,cjNutmeg,10x multiome,EFO:0030059,Marmoset,NCBI:txid9483,Adult,Brain,Brain,unknown,unknown,unknown,unknown,unknown,unknown,normal,PATO:0000461,nucleus,True,231117,LPLCXR_231117_1,LPLCXR_231117_1_G7,520,13,1044.8,BR_PXR_231212_1,231117,LPLCXA_231117_1,LPLCXA_231117_1_A3,394,7,130.0,BR_PXA_231212_1,SI-TT-G7_i7,SI-TT-G7_b(i5),SI-NA-A3,50004,8299,0.0015689497813582,Callithrix jacchus,CS20250428_GROUP_0033,Interneuron,PR 2577,SN|GATA3|PVALB|GABA,41,Partanen et al. 2022,aSNpr,,Six3 and Foxp1,#017d7c,,CS20250428_SUBCL_0016,,F|M|GATA3|GABA,27,#311a96,,CS20250428_CLASS_0006,,F|M|GABA,9,#cd0f13,,CS20250428_NEIGH_0002,,Subpallium|GABA,3,#19613b,,GAGCCTTCAACATAAG,P0014_1,240110,Princeton
GATTGTTCATTGCGAC-P0014_1,Glut Sero Dopa,F M Glut,F M Glut,VTR-HTH Glut,Marmoset-1525,Marmoset-1525,CL:0000003,P0014_1,cjNutmeg,10x multiome,EFO:0030059,Marmoset,NCBI:txid9483,Adult,Brain,Brain,unknown,unknown,unknown,unknown,unknown,unknown,normal,PATO:0000461,nucleus,True,231117,LPLCXR_231117_1,LPLCXR_231117_1_G7,520,13,1044.8,BR_PXR_231212_1,231117,LPLCXA_231117_1,LPLCXA_231117_1_A3,394,7,130.0,BR_PXA_231212_1,SI-TT-G7_i7,SI-TT-G7_b(i5),SI-NA-A3,64721,8479,0.28953891992569,Callithrix jacchus,CS20250428_GROUP_0064,Interneuron,,VTR|HTH|Glut,21,,,,SLC17A6,#54621f,,CS20250428_SUBCL_0017,PR 2771,F|M|Glut,15,#66750b,,CS20250428_CLASS_0007,,F|M|Glut,5,#7d0f09,,CS20250428_NEIGH_0000,PR 2579,Glut|Sero|Dopa,2,#91f4bb,,GATTGTTCATTGCGAC,P0014_1,240110,Princeton
GGGATTAAGCTTTGGG-P0014_1,Glut Sero Dopa,F M Glut,F Glut,STH PVALB-PITX2 Glut,Marmoset-1469,Marmoset-1469,CL:0000003,P0014_1,cjNutmeg,10x multiome,EFO:0030059,Marmoset,NCBI:txid9483,Adult,Brain,Brain,unknown,unknown,unknown,unknown,unknown,unknown,normal,PATO:0000461,nucleus,True,231117,LPLCXR_231117_1,LPLCXR_231117_1_G7,520,13,1044.8,BR_PXR_231212_1,231117,LPLCXA_231117_1,LPLCXA_231117_1_A3,394,7,130.0,BR_PXA_231212_1,SI-TT-G7_i7,SI-TT-G7_b(i5),SI-NA-A3,32385,7691,0.0012986485380679,Callithrix jacchus,CS20250428_GROUP_0038,Interneuron,,STH|PVALB|PITX2|Glut,18,Yao et al. 2023,,,,#f57e20,,CS20250428_SUBCL_0013,PR 2771,F|Glut,14,#39e1e2,,CS20250428_CLASS_0007,,F|M|Glut,5,#7d0f09,,CS20250428_NEIGH_0000,PR 2579,Glut|Sero|Dopa,2,#91f4bb,,GGGATTAAGCTTTGGG,P0014_1,240110,Princeton
ACGTCCAAGCCATCAG-P0014_1,Glut Sero Dopa,F M Glut,F M Glut,VTR-HTH Glut,Marmoset-1545,Marmoset-1545,CL:0000003,P0014_1,cjNutmeg,10x multiome,EFO:0030059,Marmoset,NCBI:txid9483,Adult,Brain,Brain,unknown,unknown,unknown,unknown,unknown,unknown,normal,PATO:0000461,nucleus,True,231117,LPLCXR_231117_1,LPLCXR_231117_1_G7,520,13,1044.8,BR_PXR_231212_1,231117,LPLCXA_231117_1,LPLCXA_231117_1_A3,394,7,130.0,BR_PXA_231212_1,SI-TT-G7_i7,SI-TT-G7_b(i5),SI-NA-A3,56086,8181,0.172598004341125,Callithrix jacchus,CS20250428_GROUP_0064,Interneuron,,VTR|HTH|Glut,21,,,,SLC17A6,#54621f,,CS20250428_SUBCL_0017,PR 2771,F|M|Glut,15,#66750b,,CS20250428_CLASS_0007,,F|M|Glut,5,#7d0f09,,CS20250428_NEIGH_0000,PR 2579,Glut|Sero|Dopa,2,#91f4bb,,ACGTCCAAGCCATCAG,P0014_1,240110,Princeton
ACCTGTTGTCATCATC-P0014_1,Subpallium GABA,F M GABA,F M GATA3 GABA,SN-VTR-HTH GATA3-TCF7L2 GABA,Marmoset-1368,Marmoset-1368,CL:0000003,P0014_1,cjNutmeg,10x multiome,EFO:0030059,Marmoset,NCBI:txid9483,Adult,Brain,Brain,unknown,unknown,unknown,unknown,unknown,unknown,normal,PATO:0000461,nucleus,True,231117,LPLCXR_231117_1,LPLCXR_231117_1_G7,520,13,1044.8,BR_PXR_231212_1,231117,LPLCXA_231117_1,LPLCXA_231117_1_A3,394,7,130.0,BR_PXA_231212_1,SI-TT-G7_i7,SI-TT-G7_b(i5),SI-NA-A3,66099,8300,0.0029487691354006,Callithrix jacchus,CS20250428_GROUP_0037,Interneuron,,SN|VTR|HTH|GATA3|TCF7L2|GABA,43,,,,,#1dbfcf,,CS20250428_SUBCL_0016,,F|M|GATA3|GABA,27,#311a96,,CS20250428_CLASS_0006,,F|M|GABA,9,#cd0f13,,CS20250428_NEIGH_0002,,Subpallium|GABA,3,#19613b,,ACCTGTTGTCATCATC,P0014_1,240110,Princeton
GCGCTTGCAATTATGC-P0014_1,Glut Sero Dopa,F M Glut,F M Glut,VTR-HTH Glut,Marmoset-1345,Marmoset-1345,CL:0000003,P0014_1,cjNutmeg,10x multiome,EFO:0030059,Marmoset,NCBI:txid9483,Adult,Brain,Brain,unknown,unknown,unknown,unknown,unknown,unknown,normal,PATO:0000461,nucleus,True,231117,LPLCXR_231117_1,LPLCXR_231117_1_G7,520,13,1044.8,BR_PXR_231212_1,231117,LPLCXA_231117_1,LPLCXA_231117_1_A3,394,7,130.0,BR_PXA_231212_1,SI-TT-G7_i7,SI-TT-G7_b(i5),SI-NA-A3,62148,8368,0.190530493855476,Callithrix jacchus,CS20250428_GROUP_0064,Interneuron,,VTR|HTH|Glut,21,,,,SLC17A6,#54621f,,CS20250428_SUBCL_0017,PR 2771,F|M|Glut,15,#66750b,,CS20250428_CLASS_0007,,F|M|Glut,5,#7d0f09,,CS20250428_NEIGH_0000,PR 2579,Glut|Sero|Dopa,2,#91f4bb,,GCGCTTGCAATTATGC,P0014_1,240110,Princeton
GTCATCACAACAACAA-P0014_1,Glut Sero Dopa,F M Glut,F M Glut,VTR-HTH Glut,Marmoset-1526,Marmoset-1526,CL:0000003,P0014_1,cjNutmeg,10x multiome,EFO:0030059,Marmoset,NCBI:txid9483,Adult,Brain,Brain,unknown,unknown,unknown,unknown,unknown,unknown,normal,PATO:0000461,nucleus,True,231117,LPLCXR_231117_1,LPLCXR_231117_1_G7,520,13,1044.8,BR_PXR_231212_1,231117,LPLCXA_231117_1,LPLCXA_231117_1_A3,394,7,130.0,BR_PXA_231212_1,SI-TT-G7_i7,SI-TT-G7_b(i5),SI-NA-A3,56774,8659,0.499421089887619,Callithrix jacchus,CS20250428_GROUP_0064,Interneuron,,VTR|HTH|Glut,21,,,,SLC17A6,#54621f,,CS20250428_SUBCL_0017,PR 2771,F|M|Glut,15,#66750b,,CS20250428_CLASS_0007,,F|M|Glut,5,#7d0f09,,CS20250428_NEIGH_0000,PR 2579,Glut|Sero|Dopa,2,#91f4bb,,GTCATCACAACAACAA,P0014_1,240110,Princeton
GGAAGCTAGCATTTCT-P0014_1,Glut Sero Dopa,M Dopa,M Dopa,SN-VTR GAD2 Dopa,Marmoset-1453,Marmoset-1453,CL:0000003,P0014_1,cjNutmeg,10x multiome,EFO:0030059,Marmoset,NCBI:txid9483,Adult,Brain,Brain,unknown,unknown,unknown,unknown,unknown,unknown,normal,PATO:0000461,nucleus,True,231117,LPLCXR_231117_1,LPLCXR_231117_1_G7,520,13,1044.8,BR_PXR_231212_1,231117,LPLCXA_231117_1,LPLCXA_231117_1_A3,394,7,130.0,BR_PXA_231212_1,SI-TT-G7_i7,SI-TT-G7_b(i5),SI-NA-A3,53649,8750,0.0024066369514912,Callithrix jacchus,CS20250428_GROUP_0031,Dopaminergic,,SN|VTR|GAD2|Dopa,24,"Zachary et al, 2024",,,"TH, GAD2",#854098,,CS20250428_SUBCL_0025,CL:4042025,M|Dopa,16,#77f0ca,,CS20250428_CLASS_0009,CL:2000097,M|Dopa,6,#0433b4,,CS20250428_NEIGH_0000,,Glut|Sero|Dopa,2,#91f4bb,,GGAAGCTAGCATTTCT,P0014_1,240110,Princeton
GCACATTAGTTGGCCA-P0014_1,Subpallium GABA,F M GABA,F M GATA3 GABA,SN-VTR-HTH GATA3-TCF7L2 GABA,Marmoset-1404,Marmoset-1404,CL:0000003,P0014_1,cjNutmeg,10x multiome,EFO:0030059,Marmoset,NCBI:txid9483,Adult,Brain,Brain,unknown,unknown,unknown,unknown,unknown,unknown,normal,PATO:0000461,nucleus,True,231117,LPLCXR_231117_1,LPLCXR_231117_1_G7,520,13,1044.8,BR_PXR_231212_1,231117,LPLCXA_231117_1,LPLCXA_231117_1_A3,394,7,130.0,BR_PXA_231212_1,SI-TT-G7_i7,SI-TT-G7_b(i5),SI-NA-A3,32765,7732,0.0020715394057333,Callithrix jacchus,CS20250428_GROUP_0037,Interneuron,,SN|VTR|HTH|GATA3|TCF7L2|GABA,43,,,,,#1dbfcf,,CS20250428_SUBCL_0016,,F|M|GATA3|GABA,27,#311a96,,CS20250428_CLASS_0006,,F|M|GABA,9,#cd0f13,,CS20250428_NEIGH_0002,,Subpallium|GABA,3,#19613b,,GCACATTAGTTGGCCA,P0014_1,240110,Princeton
GGAACCACAATGCCTA-P0014_1,Subpallium GABA,F M GABA,F GABA,ZI-HTH GABA,Marmoset-397,Marmoset-397,CL:0000003,P0014_1,cjNutmeg,10x multiome,EFO:0030059,Marmoset,NCBI:txid9483,Adult,Brain,Brain,unknown,unknown,unknown,unknown,unknown,unknown,normal,PATO:0000461,nucleus,True,231117,LPLCXR_231117_1,LPLCXR_231117_1_G7,520,13,1044.8,BR_PXR_231212_1,231117,LPLCXA_231117_1,LPLCXA_231117_1_A3,394,7,130.0,BR_PXA_231212_1,SI-TT-G7_i7,SI-TT-G7_b(i5),SI-NA-A3,42934,8119,0.0907994583249092,Callithrix jacchus,CS20250428_GROUP_0063,Interneuron,,ZI|HTH|GABA,46,,,,,#c49c94,,CS20250428_SUBCL_0037,,F|GABA,29,#7ba2df,,CS20250428_CLASS_0006,,F|M|GABA,9,#cd0f13,,CS20250428_NEIGH_0002,,Subpallium|GABA,3,#19613b,,GGAACCACAATGCCTA,P0014_1,240110,Princeton
CCCTGGACAACTAGAA-P0014_1,Subpallium GABA,F M GABA,F GABA,ZI-HTH GABA,Marmoset-1381,Marmoset-1381,CL:0000003,P0014_1,cjNutmeg,10x multiome,EFO:0030059,Marmoset,NCBI:txid9483,Adult,Brain,Brain,unknown,unknown,unknown,unknown,unknown,unknown,normal,PATO:0000461,nucleus,True,231117,LPLCXR_231117_1,LPLCXR_231117_1_G7,520,13,1044.8,BR_PXR_231212_1,231117,LPLCXA_231117_1,LPLCXA_231117_1_A3,394,7,130.0,BR_PXA_231212_1,SI-TT-G7_i7,SI-TT-G7_b(i5),SI-NA-A3,49834,7724,0.0012986485380679,Callithrix jacchus,CS20250428_GROUP_0063,Interneuron,,ZI|HTH|GABA,46,,,,,#c49c94,,CS20250428_SUBCL_0037,,F|GABA,29,#7ba2df,,CS20250428_CLASS_0006,,F|M|GABA,9,#cd0f13,,CS20250428_NEIGH_0002,,Subpallium|GABA,3,#19613b,,CCCTGGACAACTAGAA,P0014_1,240110,Princeton
CTATTCAGTCCGTAGG-P0014_1,Glut Sero Dopa,M Dopa,M Dopa,SN-VTR CALB1 Dopa,Marmoset-1440,Marmoset-1440,CL:0000003,P0014_1,cjNutmeg,10x multiome,EFO:0030059,Marmoset,NCBI:txid9483,Adult,Brain,Brain,unknown,unknown,unknown,unknown,unknown,unknown,normal,PATO:0000461,nucleus,True,231117,LPLCXR_231117_1,LPLCXR_231117_1_G7,520,13,1044.8,BR_PXR_231212_1,231117,LPLCXA_231117_1,LPLCXA_231117_1_A3,394,7,130.0,BR_PXA_231212_1,SI-TT-G7_i7,SI-TT-G7_b(i5),SI-NA-A3,44471,7708,0.0035293432883918,Callithrix jacchus,CS20250428_GROUP_0029,Dopaminergic,CL:4042025,SN|VTR|CALB1|Dopa,22,Agarwal et al. 2020,,,"TH, CALB1, SLC6A3, NR4A2, BNC2",#854098,,CS20250428_SUBCL_0025,CL:4042025,M|Dopa,16,#77f0ca,,CS20250428_CLASS_0009,CL:2000097,M|Dopa,6,#0433b4,,CS20250428_NEIGH_0000,PR 2579,Glut|Sero|Dopa,2,#91f4bb,,CTATTCAGTCCGTAGG,P0014_1,240110,Princeton
GCACGCTAGGATCACT-P0014_1,Glut Sero Dopa,F M Glut,F M Glut,VTR-HTH Glut,Marmoset-1471,Marmoset-1471,CL:0000003,P0014_1,cjNutmeg,10x multiome,EFO:0030059,Marmoset,NCBI:txid9483,Adult,Brain,Brain,unknown,unknown,unknown,unknown,unknown,unknown,normal,PATO:0000461,nucleus,True,231117,LPLCXR_231117_1,LPLCXR_231117_1_G7,520,13,1044.8,BR_PXR_231212_1,231117,LPLCXA_231117_1,LPLCXA_231117_1_A3,394,7,130.0,BR_PXA_231212_1,SI-TT-G7_i7,SI-TT-G7_b(i5),SI-NA-A3,76311,8734,0.0012986485380679,Callithrix jacchus,CS20250428_GROUP_0064,Interneuron,,VTR|HTH|Glut,21,,,,SLC17A6,#54621f,,CS20250428_SUBCL_0017,PR 2771,F|M|Glut,15,#66750b,,CS20250428_CLASS_0007,,F|M|Glut,5,#7d0f09,,CS20250428_NEIGH_0000,PR 2579,Glut|Sero|Dopa,2,#91f4bb,,GCACGCTAGGATCACT,P0014_1,240110,Princeton
ACCTTCATCGCCTAAG-P0014_1,Glut Sero Dopa,F M Glut,F M Glut,VTR-HTH Glut,Marmoset-1475,Marmoset-1475,CL:0000003,P0014_1,cjNutmeg,10x multiome,EFO:0030059,Marmoset,NCBI:txid9483,Adult,Brain,Brain,unknown,unknown,unknown,unknown,unknown,unknown,normal,PATO:0000461,nucleus,True,231117,LPLCXR_231117_1,LPLCXR_231117_1_G7,520,13,1044.8,BR_PXR_231212_1,231117,LPLCXA_231117_1,LPLCXA_231117_1_A3,394,7,130.0,BR_PXA_231212_1,SI-TT-G7_i7,SI-TT-G7_b(i5),SI-NA-A3,55328,8205,0.004601361695677,Callithrix jacchus,CS20250428_GROUP_0064,Interneuron,,VTR|HTH|Glut,21,,,,SLC17A6,#54621f,,CS20250428_SUBCL_0017,PR 2771,F|M|Glut,15,#66750b,,CS20250428_CLASS_0007,,F|M|Glut,5,#7d0f09,,CS20250428_NEIGH_0000,PR 2579,Glut|Sero|Dopa,2,#91f4bb,,ACCTTCATCGCCTAAG,P0014_1,240110,Princeton
ACTTGCACAAGGTGGC-P0014_1,Subpallium GABA,F M GABA,F GABA,ZI-HTH GABA,Marmoset-1380,Marmoset-1380,CL:0000003,P0014_1,cjNutmeg,10x multiome,EFO:0030059,Marmoset,NCBI:txid9483,Adult,Brain,Brain,unknown,unknown,unknown,unknown,unknown,unknown,normal,PATO:0000461,nucleus,True,231117,LPLCXR_231117_1,LPLCXR_231117_1_G7,520,13,1044.8,BR_PXR_231212_1,231117,LPLCXA_231117_1,LPLCXA_231117_1_A3,394,7,130.0,BR_PXA_231212_1,SI-TT-G7_i7,SI-TT-G7_b(i5),SI-NA-A3,49212,7763,0.0067132553085684,Callithrix jacchus,CS20250428_GROUP_0063,Interneuron,,ZI|HTH|GABA,46,,,,,#c49c94,,CS20250428_SUBCL_0037,,F|GABA,29,#7ba2df,,CS20250428_CLASS_0006,,F|M|GABA,9,#cd0f13,,CS20250428_NEIGH_0002,,Subpallium|GABA,3,#19613b,,ACTTGCACAAGGTGGC,P0014_1,240110,Princeton
GTCTCACTCGTTAAGC-P0014_1,Glut Sero Dopa,F M Glut,F M Glut,VTR-HTH Glut,Marmoset-1476,Marmoset-1476,CL:0000003,P0014_1,cjNutmeg,10x multiome,EFO:0030059,Marmoset,NCBI:txid9483,Adult,Brain,Brain,unknown,unknown,unknown,unknown,unknown,unknown,normal,PATO:0000461,nucleus,True,231117,LPLCXR_231117_1,LPLCXR_231117_1_G7,520,13,1044.8,BR_PXR_231212_1,231117,LPLCXA_231117_1,LPLCXA_231117_1_A3,394,7,130.0,BR_PXA_231212_1,SI-TT-G7_i7,SI-TT-G7_b(i5),SI-NA-A3,55866,8254,0.129184529185295,Callithrix jacchus,CS20250428_GROUP_0064,Interneuron,,VTR|HTH|Glut,21,,,,SLC17A6,#54621f,,CS20250428_SUBCL_0017,PR 2771,F|M|Glut,15,#66750b,,CS20250428_CLASS_0007,,F|M|Glut,5,#7d0f09,,CS20250428_NEIGH_0000,PR 2579,Glut|Sero|Dopa,2,#91f4bb,,GTCTCACTCGTTAAGC,P0014_1,240110,Princeton
TTCGGTACATCTAGCA-P0014_1,Subpallium GABA,F M GABA,F M GATA3 GABA,SN-VTR-HTH GATA3-TCF7L2 GABA,Marmoset-1388,Marmoset-1388,CL:0000003,P0014_1,cjNutmeg,10x multiome,EFO:0030059,Marmoset,NCBI:txid9483,Adult,Brain,Brain,unknown,unknown,unknown,unknown,unknown,unknown,normal,PATO:0000461,nucleus,True,231117,LPLCXR_231117_1,LPLCXR_231117_1_G7,520,13,1044.8,BR_PXR_231212_1,231117,LPLCXA_231117_1,LPLCXA_231117_1_A3,394,7,130.0,BR_PXA_231212_1,SI-TT-G7_i7,SI-TT-G7_b(i5),SI-NA-A3,42510,7247,0.381191432476044,Callithrix jacchus,CS20250428_GROUP_0037,Interneuron,,SN|VTR|HTH|GATA3|TCF7L2|GABA,43,,,,,#1dbfcf,,CS20250428_SUBCL_0016,,F|M|GATA3|GABA,27,#311a96,,CS20250428_CLASS_0006,,F|M|GABA,9,#cd0f13,,CS20250428_NEIGH_0002,,Subpallium|GABA,3,#19613b,,TTCGGTACATCTAGCA,P0014_1,240110,Princeton
CGTGCTGCATGAGTTT-P0014_1,Glut Sero Dopa,F M Glut,F Glut,STH PVALB-PITX2 Glut,Marmoset-1477,Marmoset-1477,CL:0000003,P0014_1,cjNutmeg,10x multiome,EFO:0030059,Marmoset,NCBI:txid9483,Adult,Brain,Brain,unknown,unknown,unknown,unknown,unknown,unknown,normal,PATO:0000461,nucleus,True,231117,LPLCXR_231117_1,LPLCXR_231117_1_G7,520,13,1044.8,BR_PXR_231212_1,231117,LPLCXA_231117_1,LPLCXA_231117_1_A3,394,7,130.0,BR_PXA_231212_1,SI-TT-G7_i7,SI-TT-G7_b(i5),SI-NA-A3,41786,6913,0.0012986485380679,Callithrix jacchus,CS20250428_GROUP_0038,Interneuron,,STH|PVALB|PITX2|Glut,18,Yao et al. 2023,,,,#f57e20,,CS20250428_SUBCL_0013,PR 2771,F|Glut,14,#39e1e2,,CS20250428_CLASS_0007,,F|M|Glut,5,#7d0f09,,CS20250428_NEIGH_0000,PR 2579,Glut|Sero|Dopa,2,#91f4bb,,CGTGCTGCATGAGTTT,P0014_1,240110,Princeton
TCCGGAATCCTCGATC-P0014_1,Subpallium GABA,F M GABA,F M GATA3 GABA,SN-VTR-HTH GATA3-TCF7L2 GABA,Marmoset-1369,Marmoset-1369,CL:0000003,P0014_1,cjNutmeg,10x multiome,EFO:0030059,Marmoset,NCBI:txid9483,Adult,Brain,Brain,unknown,unknown,unknown,unknown,unknown,unknown,normal,PATO:0000461,nucleus,True,231117,LPLCXR_231117_1,LPLCXR_231117_1_G7,520,13,1044.8,BR_PXR_231212_1,231117,LPLCXA_231117_1,LPLCXA_231117_1_A3,394,7,130.0,BR_PXA_231212_1,SI-TT-G7_i7,SI-TT-G7_b(i5),SI-NA-A3,47129,7297,0.002441331744194,Callithrix jacchus,CS20250428_GROUP_0037,Interneuron,,SN|VTR|HTH|GATA3|TCF7L2|GABA,43,,,,,#1dbfcf,,CS20250428_SUBCL_0016,,F|M|GATA3|GABA,27,#311a96,,CS20250428_CLASS_0006,,F|M|GABA,9,#cd0f13,,CS20250428_NEIGH_0002,,Subpallium|GABA,3,#19613b,,TCCGGAATCCTCGATC,P0014_1,240110,Princeton
CCGGTAGGTTACAAAC-P0014_1,Glut Sero Dopa,M Dopa,M Dopa,SN-VTR GAD2 Dopa,Marmoset-1454,Marmoset-1454,CL:0000003,P0014_1,cjNutmeg,10x multiome,EFO:0030059,Marmoset,NCBI:txid9483,Adult,Brain,Brain,unknown,unknown,unknown,unknown,unknown,unknown,normal,PATO:0000461,nucleus,True,231117,LPLCXR_231117_1,LPLCXR_231117_1_G7,520,13,1044.8,BR_PXR_231212_1,231117,LPLCXA_231117_1,LPLCXA_231117_1_A3,394,7,130.0,BR_PXA_231212_1,SI-TT-G7_i7,SI-TT-G7_b(i5),SI-NA-A3,46988,7586,0.0015461560105904,Callithrix jacchus,CS20250428_GROUP_0031,Dopaminergic,,SN|VTR|GAD2|Dopa,24,"Zachary et al, 2024",,,"TH, GAD2",#854098,,CS20250428_SUBCL_0025,CL:4042025,M|Dopa,16,#77f0ca,,CS20250428_CLASS_0009,CL:2000097,M|Dopa,6,#0433b4,,CS20250428_NEIGH_0000,,Glut|Sero|Dopa,2,#91f4bb,,CCGGTAGGTTACAAAC,P0014_1,240110,Princeton
CTAACCACACCTGCCT-P0014_1,Glut Sero Dopa,M Dopa,M Dopa,SN-VTR CALB1 Dopa,Marmoset-1437,Marmoset-1437,CL:0000003,P0014_1,cjNutmeg,10x multiome,EFO:0030059,Marmoset,NCBI:txid9483,Adult,Brain,Brain,unknown,unknown,unknown,unknown,unknown,unknown,normal,PATO:0000461,nucleus,True,231117,LPLCXR_231117_1,LPLCXR_231117_1_G7,520,13,1044.8,BR_PXR_231212_1,231117,LPLCXA_231117_1,LPLCXA_231117_1_A3,394,7,130.0,BR_PXA_231212_1,SI-TT-G7_i7,SI-TT-G7_b(i5),SI-NA-A3,45210,8248,0.0012986485380679,Callithrix jacchus,CS20250428_GROUP_0029,Dopaminergic,CL:4042025,SN|VTR|CALB1|Dopa,22,Agarwal et al. 2020,,,"TH, CALB1, SLC6A3, NR4A2, BNC2",#854098,,CS20250428_SUBCL_0025,CL:4042025,M|Dopa,16,#77f0ca,,CS20250428_CLASS_0009,CL:2000097,M|Dopa,6,#0433b4,,CS20250428_NEIGH_0000,PR 2579,Glut|Sero|Dopa,2,#91f4bb,,CTAACCACACCTGCCT,P0014_1,240110,Princeton
GGTGTCCAGTTATGTG-P0014_1,Glut Sero Dopa,F M Glut,F M Glut,VTR-HTH Glut,Marmoset-1540,Marmoset-1540,CL:0000003,P0014_1,cjNutmeg,10x multiome,EFO:0030059,Marmoset,NCBI:txid9483,Adult,Brain,Brain,unknown,unknown,unknown,unknown,unknown,unknown,normal,PATO:0000461,nucleus,True,231117,LPLCXR_231117_1,LPLCXR_231117_1_G7,520,13,1044.8,BR_PXR_231212_1,231117,LPLCXA_231117_1,LPLCXA_231117_1_A3,394,7,130.0,BR_PXA_231212_1,SI-TT-G7_i7,SI-TT-G7_b(i5),SI-NA-A3,44362,7991,0.0012986485380679,Callithrix jacchus,CS20250428_GROUP_0064,Interneuron,,VTR|HTH|Glut,21,,,,SLC17A6,#54621f,,CS20250428_SUBCL_0017,PR 2771,F|M|Glut,15,#66750b,,CS20250428_CLASS_0007,,F|M|Glut,5,#7d0f09,,CS20250428_NEIGH_0000,PR 2579,Glut|Sero|Dopa,2,#91f4bb,,GGTGTCCAGTTATGTG,P0014_1,240110,Princeton
CCTTTAGTCGCAAACT-P0014_1,Glut Sero Dopa,F M Glut,F M Glut,VTR-HTH Glut,Marmoset-1478,Marmoset-1478,CL:0000003,P0014_1,cjNutmeg,10x multiome,EFO:0030059,Marmoset,NCBI:txid9483,Adult,Brain,Brain,unknown,unknown,unknown,unknown,unknown,unknown,normal,PATO:0000461,nucleus,True,231117,LPLCXR_231117_1,LPLCXR_231117_1_G7,520,13,1044.8,BR_PXR_231212_1,231117,LPLCXA_231117_1,LPLCXA_231117_1_A3,394,7,130.0,BR_PXA_231212_1,SI-TT-G7_i7,SI-TT-G7_b(i5),SI-NA-A3,44949,8703,0.102462485432625,Callithrix jacchus,CS20250428_GROUP_0064,Interneuron,,VTR|HTH|Glut,21,,,,SLC17A6,#54621f,,CS20250428_SUBCL_0017,PR 2771,F|M|Glut,15,#66750b,,CS20250428_CLASS_0007,,F|M|Glut,5,#7d0f09,,CS20250428_NEIGH_0000,PR 2579,Glut|Sero|Dopa,2,#91f4bb,,CCTTTAGTCGCAAACT,P0014_1,240110,Princeton
ACATAGCTCCTTAGGG-P0014_1,Subpallium GABA,F M GABA,F M GATA3 GABA,SN-VTR-HTH GATA3-TCF7L2 GABA,Marmoset-1370,Marmoset-1370,CL:0000003,P0014_1,cjNutmeg,10x multiome,EFO:0030059,Marmoset,NCBI:txid9483,Adult,Brain,Brain,unknown,unknown,unknown,unknown,unknown,unknown,normal,PATO:0000461,nucleus,True,231117,LPLCXR_231117_1,LPLCXR_231117_1_G7,520,13,1044.8,BR_PXR_231212_1,231117,LPLCXA_231117_1,LPLCXA_231117_1_A3,394,7,130.0,BR_PXA_231212_1,SI-TT-G7_i7,SI-TT-G7_b(i5),SI-NA-A3,47228,7666,0.002441331744194,Callithrix jacchus,CS20250428_GROUP_0037,Interneuron,,SN|VTR|HTH|GATA3|TCF7L2|GABA,43,,,,,#1dbfcf,,CS20250428_SUBCL_0016,,F|M|GATA3|GABA,27,#311a96,,CS20250428_CLASS_0006,,F|M|GABA,9,#cd0f13,,CS20250428_NEIGH_0002,,Subpallium|GABA,3,#19613b,,ACATAGCTCCTTAGGG,P0014_1,240110,Princeton
GTTCTTGTCTTGACCC-P0014_1,Glut Sero Dopa,M Dopa,M Dopa,SN-VTR GAD2 Dopa,Marmoset-1456,Marmoset-1456,CL:0000003,P0014_1,cjNutmeg,10x multiome,EFO:0030059,Marmoset,NCBI:txid9483,Adult,Brain,Brain,unknown,unknown,unknown,unknown,unknown,unknown,normal,PATO:0000461,nucleus,True,231117,LPLCXR_231117_1,LPLCXR_231117_1_G7,520,13,1044.8,BR_PXR_231212_1,231117,LPLCXA_231117_1,LPLCXA_231117_1_A3,394,7,130.0,BR_PXA_231212_1,SI-TT-G7_i7,SI-TT-G7_b(i5),SI-NA-A3,36872,8228,0.0681034773588181,Callithrix jacchus,CS20250428_GROUP_0031,Dopaminergic,,SN|VTR|GAD2|Dopa,24,"Zachary et al, 2024",,,"TH, GAD2",#854098,,CS20250428_SUBCL_0025,CL:4042025,M|Dopa,16,#77f0ca,,CS20250428_CLASS_0009,CL:2000097,M|Dopa,6,#0433b4,,CS20250428_NEIGH_0000,,Glut|Sero|Dopa,2,#91f4bb,,GTTCTTGTCTTGACCC,P0014_1,240110,Princeton
CGGAGCAAGGAATAAC-P0014_1,Glut Sero Dopa,F M Glut,F M Glut,VTR-HTH Glut,Marmoset-1462,Marmoset-1462,CL:0000003,P0014_1,cjNutmeg,10x multiome,EFO:0030059,Marmoset,NCBI:txid9483,Adult,Brain,Brain,unknown,unknown,unknown,unknown,unknown,unknown,normal,PATO:0000461,nucleus,True,231117,LPLCXR_231117_1,LPLCXR_231117_1_G7,520,13,1044.8,BR_PXR_231212_1,231117,LPLCXA_231117_1,LPLCXA_231117_1_A3,394,7,130.0,BR_PXA_231212_1,SI-TT-G7_i7,SI-TT-G7_b(i5),SI-NA-A3,46510,7572,0.0015689497813582,Callithrix jacchus,CS20250428_GROUP_0064,Interneuron,,VTR|HTH|Glut,21,,,,SLC17A6,#54621f,,CS20250428_SUBCL_0017,PR 2771,F|M|Glut,15,#66750b,,CS20250428_CLASS_0007,,F|M|Glut,5,#7d0f09,,CS20250428_NEIGH_0000,PR 2579,Glut|Sero|Dopa,2,#91f4bb,,CGGAGCAAGGAATAAC,P0014_1,240110,Princeton
AGCAGGTAGCACGTTG-P0014_1,Glut Sero Dopa,F M Glut,F Glut,STH PVALB-PITX2 Glut,Marmoset-1470,Marmoset-1470,CL:0000003,P0014_1,cjNutmeg,10x multiome,EFO:0030059,Marmoset,NCBI:txid9483,Adult,Brain,Brain,unknown,unknown,unknown,unknown,unknown,unknown,normal,PATO:0000461,nucleus,True,231117,LPLCXR_231117_1,LPLCXR_231117_1_G7,520,13,1044.8,BR_PXR_231212_1,231117,LPLCXA_231117_1,LPLCXA_231117_1_A3,394,7,130.0,BR_PXA_231212_1,SI-TT-G7_i7,SI-TT-G7_b(i5),SI-NA-A3,37731,8295,0.0018289202125743,Callithrix jacchus,CS20250428_GROUP_0038,Interneuron,,STH|PVALB|PITX2|Glut,18,Yao et al. 2023,,,,#f57e20,,CS20250428_SUBCL_0013,PR 2771,F|Glut,14,#39e1e2,,CS20250428_CLASS_0007,,F|M|Glut,5,#7d0f09,,CS20250428_NEIGH_0000,PR 2579,Glut|Sero|Dopa,2,#91f4bb,,AGCAGGTAGCACGTTG,P0014_1,240110,Princeton
AATGTCCAGGCCTAAT-P0014_1,Glut Sero Dopa,F M Glut,F M Glut,VTR-HTH Glut,Marmoset-1547,Marmoset-1547,CL:0000003,P0014_1,cjNutmeg,10x multiome,EFO:0030059,Marmoset,NCBI:txid9483,Adult,Brain,Brain,unknown,unknown,unknown,unknown,unknown,unknown,normal,PATO:0000461,nucleus,True,231117,LPLCXR_231117_1,LPLCXR_231117_1_G7,520,13,1044.8,BR_PXR_231212_1,231117,LPLCXA_231117_1,LPLCXA_231117_1_A3,394,7,130.0,BR_PXA_231212_1,SI-TT-G7_i7,SI-TT-G7_b(i5),SI-NA-A3,40614,8416,0.119956254959106,Callithrix jacchus,CS20250428_GROUP_0064,Interneuron,,VTR|HTH|Glut,21,,,,SLC17A6,#54621f,,CS20250428_SUBCL_0017,PR 2771,F|M|Glut,15,#66750b,,CS20250428_CLASS_0007,,F|M|Glut,5,#7d0f09,,CS20250428_NEIGH_0000,PR 2579,Glut|Sero|Dopa,2,#91f4bb,,AATGTCCAGGCCTAAT,P0014_1,240110,Princeton
CTGCTACTCGATATTG-P0014_1,Subpallium GABA,F M GABA,F GABA,ZI-HTH GABA,Marmoset-1365,Marmoset-1365,CL:0000003,P0014_1,cjNutmeg,10x multiome,EFO:0030059,Marmoset,NCBI:txid9483,Adult,Brain,Brain,unknown,unknown,unknown,unknown,unknown,unknown,normal,PATO:0000461,nucleus,True,231117,LPLCXR_231117_1,LPLCXR_231117_1_G7,520,13,1044.8,BR_PXR_231212_1,231117,LPLCXA_231117_1,LPLCXA_231117_1_A3,394,7,130.0,BR_PXA_231212_1,SI-TT-G7_i7,SI-TT-G7_b(i5),SI-NA-A3,37321,7845,0.0015689497813582,Callithrix jacchus,CS20250428_GROUP_0063,Interneuron,,ZI|HTH|GABA,46,,,,,#c49c94,,CS20250428_SUBCL_0037,,F|GABA,29,#7ba2df,,CS20250428_CLASS_0006,,F|M|GABA,9,#cd0f13,,CS20250428_NEIGH_0002,,Subpallium|GABA,3,#19613b,,CTGCTACTCGATATTG,P0014_1,240110,Princeton
TACTGACAGGAGCAAC-P0014_1,Glut Sero Dopa,F M Glut,F M Glut,VTR-HTH Glut,Marmoset-1523,Marmoset-1523,CL:0000003,P0014_1,cjNutmeg,10x multiome,EFO:0030059,Marmoset,NCBI:txid9483,Adult,Brain,Brain,unknown,unknown,unknown,unknown,unknown,unknown,normal,PATO:0000461,nucleus,True,231117,LPLCXR_231117_1,LPLCXR_231117_1_G7,520,13,1044.8,BR_PXR_231212_1,231117,LPLCXA_231117_1,LPLCXA_231117_1_A3,394,7,130.0,BR_PXA_231212_1,SI-TT-G7_i7,SI-TT-G7_b(i5),SI-NA-A3,46605,8680,0.411587923765182,Callithrix jacchus,CS20250428_GROUP_0064,Interneuron,,VTR|HTH|Glut,21,,,,SLC17A6,#54621f,,CS20250428_SUBCL_0017,PR 2771,F|M|Glut,15,#66750b,,CS20250428_CLASS_0007,,F|M|Glut,5,#7d0f09,,CS20250428_NEIGH_0000,PR 2579,Glut|Sero|Dopa,2,#91f4bb,,TACTGACAGGAGCAAC,P0014_1,240110,Princeton
TCGTGCTTCGTCAAGT-P0014_1,Subpallium GABA,F M GABA,SN PAX7 GABA,SN EBF2 GABA,Marmoset-1420,Marmoset-1420,CL:0000003,P0014_1,cjNutmeg,10x multiome,EFO:0030059,Marmoset,NCBI:txid9483,Adult,Brain,Brain,unknown,unknown,unknown,unknown,unknown,unknown,normal,PATO:0000461,nucleus,True,231117,LPLCXR_231117_1,LPLCXR_231117_1_G7,520,13,1044.8,BR_PXR_231212_1,231117,LPLCXA_231117_1,LPLCXA_231117_1_A3,394,7,130.0,BR_PXA_231212_1,SI-TT-G7_i7,SI-TT-G7_b(i5),SI-NA-A3,17010,5870,0.0110839614644647,Callithrix jacchus,CS20250428_GROUP_0030,Interneuron,,SN|EBF2|GABA,44,,,,,#c8df45,,CS20250428_SUBCL_0026,,SN|PAX7|GABA,28,#720a7d,,CS20250428_CLASS_0006,,F|M|GABA,9,#cd0f13,,CS20250428_NEIGH_0002,,Subpallium|GABA,3,#19613b,,TCGTGCTTCGTCAAGT,P0014_1,240110,Princeton
GCACTTACAAGTTATC-P0014_1,Glut Sero Dopa,F M Glut,F M Glut,VTR-HTH Glut,Marmoset-1463,Marmoset-1463,CL:0000003,P0014_1,cjNutmeg,10x multiome,EFO:0030059,Marmoset,NCBI:txid9483,Adult,Brain,Brain,unknown,unknown,unknown,unknown,unknown,unknown,normal,PATO:0000461,nucleus,True,231117,LPLCXR_231117_1,LPLCXR_231117_1_G7,520,13,1044.8,BR_PXR_231212_1,231117,LPLCXA_231117_1,LPLCXA_231117_1_A3,394,7,130.0,BR_PXA_231212_1,SI-TT-G7_i7,SI-TT-G7_b(i5),SI-NA-A3,38558,8017,0.0024965901393443,Callithrix jacchus,CS20250428_GROUP_0064,Interneuron,,VTR|HTH|Glut,21,,,,SLC17A6,#54621f,,CS20250428_SUBCL_0017,PR 2771,F|M|Glut,15,#66750b,,CS20250428_CLASS_0007,,F|M|Glut,5,#7d0f09,,CS20250428_NEIGH_0000,PR 2579,Glut|Sero|Dopa,2,#91f4bb,,GCACTTACAAGTTATC,P0014_1,240110,Princeton
TCCTCTAAGTGACCTG-P0014_1,Glut Sero Dopa,F M Glut,F M Glut,VTR-HTH Glut,Marmoset-1528,Marmoset-1528,CL:0000003,P0014_1,cjNutmeg,10x multiome,EFO:0030059,Marmoset,NCBI:txid9483,Adult,Brain,Brain,unknown,unknown,unknown,unknown,unknown,unknown,normal,PATO:0000461,nucleus,True,231117,LPLCXR_231117_1,LPLCXR_231117_1_G7,520,13,1044.8,BR_PXR_231212_1,231117,LPLCXA_231117_1,LPLCXA_231117_1_A3,394,7,130.0,BR_PXA_231212_1,SI-TT-G7_i7,SI-TT-G7_b(i5),SI-NA-A3,35163,7200,0.0019093552837148,Callithrix jacchus,CS20250428_GROUP_0064,Interneuron,,VTR|HTH|Glut,21,,,,SLC17A6,#54621f,,CS20250428_SUBCL_0017,PR 2771,F|M|Glut,15,#66750b,,CS20250428_CLASS_0007,,F|M|Glut,5,#7d0f09,,CS20250428_NEIGH_0000,PR 2579,Glut|Sero|Dopa,2,#91f4bb,,TCCTCTAAGTGACCTG,P0014_1,240110,Princeton
ACTTGCACAGTCTATG-P0014_1,Glut Sero Dopa,M Dopa,M Dopa,SN-VTR CALB1 Dopa,Marmoset-1457,Marmoset-1457,CL:0000003,P0014_1,cjNutmeg,10x multiome,EFO:0030059,Marmoset,NCBI:txid9483,Adult,Brain,Brain,unknown,unknown,unknown,unknown,unknown,unknown,normal,PATO:0000461,nucleus,True,231117,LPLCXR_231117_1,LPLCXR_231117_1_G7,520,13,1044.8,BR_PXR_231212_1,231117,LPLCXA_231117_1,LPLCXA_231117_1_A3,394,7,130.0,BR_PXA_231212_1,SI-TT-G7_i7,SI-TT-G7_b(i5),SI-NA-A3,36607,7575,0.0019088692497462,Callithrix jacchus,CS20250428_GROUP_0029,Dopaminergic,CL:4042025,SN|VTR|CALB1|Dopa,22,Agarwal et al. 2020,,,"TH, CALB1, SLC6A3, NR4A2, BNC2",#854098,,CS20250428_SUBCL_0025,CL:4042025,M|Dopa,16,#77f0ca,,CS20250428_CLASS_0009,CL:2000097,M|Dopa,6,#0433b4,,CS20250428_NEIGH_0000,PR 2579,Glut|Sero|Dopa,2,#91f4bb,,ACTTGCACAGTCTATG,P0014_1,240110,Princeton
GTTCGCTTCTCTAGCC-P0014_1,Glut Sero Dopa,F M Glut,F M Glut,VTR-HTH Glut,Marmoset-1467,Marmoset-1467,CL:0000003,P0014_1,cjNutmeg,10x multiome,EFO:0030059,Marmoset,NCBI:txid9483,Adult,Brain,Brain,unknown,unknown,unknown,unknown,unknown,unknown,normal,PATO:0000461,nucleus,True,231117,LPLCXR_231117_1,LPLCXR_231117_1_G7,520,13,1044.8,BR_PXR_231212_1,231117,LPLCXA_231117_1,LPLCXA_231117_1_A3,394,7,130.0,BR_PXA_231212_1,SI-TT-G7_i7,SI-TT-G7_b(i5),SI-NA-A3,40054,7603,0.0012986485380679,Callithrix jacchus,CS20250428_GROUP_0064,Interneuron,,VTR|HTH|Glut,21,,,,SLC17A6,#54621f,,CS20250428_SUBCL_0017,PR 2771,F|M|Glut,15,#66750b,,CS20250428_CLASS_0007,,F|M|Glut,5,#7d0f09,,CS20250428_NEIGH_0000,PR 2579,Glut|Sero|Dopa,2,#91f4bb,,GTTCGCTTCTCTAGCC,P0014_1,240110,Princeton
ACCTTGCTCTTGACCC-P0014_1,Glut Sero Dopa,F M Glut,F M Glut,VTR-HTH Glut,Marmoset-1473,Marmoset-1473,CL:0000003,P0014_1,cjNutmeg,10x multiome,EFO:0030059,Marmoset,NCBI:txid9483,Adult,Brain,Brain,unknown,unknown,unknown,unknown,unknown,unknown,normal,PATO:0000461,nucleus,True,231117,LPLCXR_231117_1,LPLCXR_231117_1_G7,520,13,1044.8,BR_PXR_231212_1,231117,LPLCXA_231117_1,LPLCXA_231117_1_A3,394,7,130.0,BR_PXA_231212_1,SI-TT-G7_i7,SI-TT-G7_b(i5),SI-NA-A3,32192,7286,0.0012986485380679,Callithrix jacchus,CS20250428_GROUP_0064,Interneuron,,VTR|HTH|Glut,21,,,,SLC17A6,#54621f,,CS20250428_SUBCL_0017,PR 2771,F|M|Glut,15,#66750b,,CS20250428_CLASS_0007,,F|M|Glut,5,#7d0f09,,CS20250428_NEIGH_0000,PR 2579,Glut|Sero|Dopa,2,#91f4bb,,ACCTTGCTCTTGACCC,P0014_1,240110,Princeton
TTACGTTTCAATGTCA-P0014_1,Subpallium GABA,F M GABA,F GABA,ZI-HTH GABA,Marmoset-1354,Marmoset-1354,CL:0000003,P0014_1,cjNutmeg,10x multiome,EFO:0030059,Marmoset,NCBI:txid9483,Adult,Brain,Brain,unknown,unknown,unknown,unknown,unknown,unknown,normal,PATO:0000461,nucleus,True,231117,LPLCXR_231117_1,LPLCXR_231117_1_G7,520,13,1044.8,BR_PXR_231212_1,231117,LPLCXA_231117_1,LPLCXA_231117_1_A3,394,7,130.0,BR_PXA_231212_1,SI-TT-G7_i7,SI-TT-G7_b(i5),SI-NA-A3,34604,6579,0.0015689497813582,Callithrix jacchus,CS20250428_GROUP_0063,Interneuron,,ZI|HTH|GABA,46,,,,,#c49c94,,CS20250428_SUBCL_0037,,F|GABA,29,#7ba2df,,CS20250428_CLASS_0006,,F|M|GABA,9,#cd0f13,,CS20250428_NEIGH_0002,,Subpallium|GABA,3,#19613b,,TTACGTTTCAATGTCA,P0014_1,240110,Princeton
CATGAGGCACGAATTT-P0014_1,Glut Sero Dopa,F M Glut,F M Glut,VTR-HTH Glut,Marmoset-1546,Marmoset-1546,CL:0000003,P0014_1,cjNutmeg,10x multiome,EFO:0030059,Marmoset,NCBI:txid9483,Adult,Brain,Brain,unknown,unknown,unknown,unknown,unknown,unknown,normal,PATO:0000461,nucleus,True,231117,LPLCXR_231117_1,LPLCXR_231117_1_G7,520,13,1044.8,BR_PXR_231212_1,231117,LPLCXA_231117_1,LPLCXA_231117_1_A3,394,7,130.0,BR_PXA_231212_1,SI-TT-G7_i7,SI-TT-G7_b(i5),SI-NA-A3,35235,7888,0.430203557014465,Callithrix jacchus,CS20250428_GROUP_0064,Interneuron,,VTR|HTH|Glut,21,,,,SLC17A6,#54621f,,CS20250428_SUBCL_0017,PR 2771,F|M|Glut,15,#66750b,,CS20250428_CLASS_0007,,F|M|Glut,5,#7d0f09,,CS20250428_NEIGH_0000,PR 2579,Glut|Sero|Dopa,2,#91f4bb,,CATGAGGCACGAATTT,P0014_1,240110,Princeton
ACACGGACACGTTACA-P0014_1,Glut Sero Dopa,F M Glut,F M Glut,VTR-HTH Glut,Marmoset-1549,Marmoset-1549,CL:0000003,P0014_1,cjNutmeg,10x multiome,EFO:0030059,Marmoset,NCBI:txid9483,Adult,Brain,Brain,unknown,unknown,unknown,unknown,unknown,unknown,normal,PATO:0000461,nucleus,True,231117,LPLCXR_231117_1,LPLCXR_231117_1_G7,520,13,1044.8,BR_PXR_231212_1,231117,LPLCXA_231117_1,LPLCXA_231117_1_A3,394,7,130.0,BR_PXA_231212_1,SI-TT-G7_i7,SI-TT-G7_b(i5),SI-NA-A3,47788,7801,0.0012986485380679,Callithrix jacchus,CS20250428_GROUP_0064,Interneuron,,VTR|HTH|Glut,21,,,,SLC17A6,#54621f,,CS20250428_SUBCL_0017,PR 2771,F|M|Glut,15,#66750b,,CS20250428_CLASS_0007,,F|M|Glut,5,#7d0f09,,CS20250428_NEIGH_0000,PR 2579,Glut|Sero|Dopa,2,#91f4bb,,ACACGGACACGTTACA,P0014_1,240110,Princeton
CCTTAGTGTTAGCGTA-P0014_1,Glut Sero Dopa,M Dopa,M Dopa,SN-VTR GAD2 Dopa,Marmoset-1452,Marmoset-1452,CL:0000003,P0014_1,cjNutmeg,10x multiome,EFO:0030059,Marmoset,NCBI:txid9483,Adult,Brain,Brain,unknown,unknown,unknown,unknown,unknown,unknown,normal,PATO:0000461,nucleus,True,231117,LPLCXR_231117_1,LPLCXR_231117_1_G7,520,13,1044.8,BR_PXR_231212_1,231117,LPLCXA_231117_1,LPLCXA_231117_1_A3,394,7,130.0,BR_PXA_231212_1,SI-TT-G7_i7,SI-TT-G7_b(i5),SI-NA-A3,35764,6719,0.433045446872711,Callithrix jacchus,CS20250428_GROUP_0031,Dopaminergic,,SN|VTR|GAD2|Dopa,24,"Zachary et al, 2024",,,"TH, GAD2",#854098,,CS20250428_SUBCL_0025,CL:4042025,M|Dopa,16,#77f0ca,,CS20250428_CLASS_0009,CL:2000097,M|Dopa,6,#0433b4,,CS20250428_NEIGH_0000,,Glut|Sero|Dopa,2,#91f4bb,,CCTTAGTGTTAGCGTA,P0014_1,240110,Princeton
TAGCTTAAGTTATGTG-P0014_1,Glut Sero Dopa,F M Glut,F M Glut,VTR-HTH Glut,Marmoset-1552,Marmoset-1552,CL:0000003,P0014_1,cjNutmeg,10x multiome,EFO:0030059,Marmoset,NCBI:txid9483,Adult,Brain,Brain,unknown,unknown,unknown,unknown,unknown,unknown,normal,PATO:0000461,nucleus,True,231117,LPLCXR_231117_1,LPLCXR_231117_1_G7,520,13,1044.8,BR_PXR_231212_1,231117,LPLCXA_231117_1,LPLCXA_231117_1_A3,394,7,130.0,BR_PXA_231212_1,SI-TT-G7_i7,SI-TT-G7_b(i5),SI-NA-A3,32243,6707,0.0012986485380679,Callithrix jacchus,CS20250428_GROUP_0064,Interneuron,,VTR|HTH|Glut,21,,,,SLC17A6,#54621f,,CS20250428_SUBCL_0017,PR 2771,F|M|Glut,15,#66750b,,CS20250428_CLASS_0007,,F|M|Glut,5,#7d0f09,,CS20250428_NEIGH_0000,PR 2579,Glut|Sero|Dopa,2,#91f4bb,,TAGCTTAAGTTATGTG,P0014_1,240110,Princeton
GGAAGCTAGTTCCCGT-P0014_1,Subpallium GABA,F M GABA,F M GATA3 GABA,SN-VTR-HTH GATA3-TCF7L2 GABA,Marmoset-1399,Marmoset-1399,CL:0000003,P0014_1,cjNutmeg,10x multiome,EFO:0030059,Marmoset,NCBI:txid9483,Adult,Brain,Brain,unknown,unknown,unknown,unknown,unknown,unknown,normal,PATO:0000461,nucleus,True,231117,LPLCXR_231117_1,LPLCXR_231117_1_G7,520,13,1044.8,BR_PXR_231212_1,231117,LPLCXA_231117_1,LPLCXA_231117_1_A3,394,7,130.0,BR_PXA_231212_1,SI-TT-G7_i7,SI-TT-G7_b(i5),SI-NA-A3,41585,7466,0.0078273229300975,Callithrix jacchus,CS20250428_GROUP_0037,Interneuron,,SN|VTR|HTH|GATA3|TCF7L2|GABA,43,,,,,#1dbfcf,,CS20250428_SUBCL_0016,,F|M|GATA3|GABA,27,#311a96,,CS20250428_CLASS_0006,,F|M|GABA,9,#cd0f13,,CS20250428_NEIGH_0002,,Subpallium|GABA,3,#19613b,,GGAAGCTAGTTCCCGT,P0014_1,240110,Princeton
TCTAGCGAGCTATGAC-P0014_1,Glut Sero Dopa,F M Glut,F M Glut,VTR-HTH Glut,Marmoset-1550,Marmoset-1550,CL:0000003,P0014_1,cjNutmeg,10x multiome,EFO:0030059,Marmoset,NCBI:txid9483,Adult,Brain,Brain,unknown,unknown,unknown,unknown,unknown,unknown,normal,PATO:0000461,nucleus,True,231117,LPLCXR_231117_1,LPLCXR_231117_1_G7,520,13,1044.8,BR_PXR_231212_1,231117,LPLCXA_231117_1,LPLCXA_231117_1_A3,394,7,130.0,BR_PXA_231212_1,SI-TT-G7_i7,SI-TT-G7_b(i5),SI-NA-A3,27186,6144,0.0012986485380679,Callithrix jacchus,CS20250428_GROUP_0064,Interneuron,,VTR|HTH|Glut,21,,,,SLC17A6,#54621f,,CS20250428_SUBCL_0017,PR 2771,F|M|Glut,15,#66750b,,CS20250428_CLASS_0007,,F|M|Glut,5,#7d0f09,,CS20250428_NEIGH_0000,PR 2579,Glut|Sero|Dopa,2,#91f4bb,,TCTAGCGAGCTATGAC,P0014_1,240110,Princeton
ACGAATCTCCCATAAA-P0014_1,Glut Sero Dopa,F M Glut,F M Glut,VTR-HTH Glut,Marmoset-1553,Marmoset-1553,CL:0000003,P0014_1,cjNutmeg,10x multiome,EFO:0030059,Marmoset,NCBI:txid9483,Adult,Brain,Brain,unknown,unknown,unknown,unknown,unknown,unknown,normal,PATO:0000461,nucleus,True,231117,LPLCXR_231117_1,LPLCXR_231117_1_G7,520,13,1044.8,BR_PXR_231212_1,231117,LPLCXA_231117_1,LPLCXA_231117_1_A3,394,7,130.0,BR_PXA_231212_1,SI-TT-G7_i7,SI-TT-G7_b(i5),SI-NA-A3,36546,6995,0.0035985538270324,Callithrix jacchus,CS20250428_GROUP_0064,Interneuron,,VTR|HTH|Glut,21,,,,SLC17A6,#54621f,,CS20250428_SUBCL_0017,PR 2771,F|M|Glut,15,#66750b,,CS20250428_CLASS_0007,,F|M|Glut,5,#7d0f09,,CS20250428_NEIGH_0000,PR 2579,Glut|Sero|Dopa,2,#91f4bb,,ACGAATCTCCCATAAA,P0014_1,240110,Princeton
TCATTGCGTCCCGAAG-P0014_1,Subpallium GABA,F M GABA,F GABA,ZI-HTH GABA,Marmoset-1501,Marmoset-1501,CL:0000003,P0014_1,cjNutmeg,10x multiome,EFO:0030059,Marmoset,NCBI:txid9483,Adult,Brain,Brain,unknown,unknown,unknown,unknown,unknown,unknown,normal,PATO:0000461,nucleus,True,231117,LPLCXR_231117_1,LPLCXR_231117_1_G7,520,13,1044.8,BR_PXR_231212_1,231117,LPLCXA_231117_1,LPLCXA_231117_1_A3,394,7,130.0,BR_PXA_231212_1,SI-TT-G7_i7,SI-TT-G7_b(i5),SI-NA-A3,31277,6751,0.43709397315979,Callithrix jacchus,CS20250428_GROUP_0063,Interneuron,,ZI|HTH|GABA,46,,,,,#c49c94,,CS20250428_SUBCL_0037,,F|GABA,29,#7ba2df,,CS20250428_CLASS_0006,,F|M|GABA,9,#cd0f13,,CS20250428_NEIGH_0002,,Subpallium|GABA,3,#19613b,,TCATTGCGTCCCGAAG,P0014_1,240110,Princeton
CTTATGTTCCAAACAC-P0014_1,Glut Sero Dopa,F M Glut,F M Glut,VTR-HTH Glut,Marmoset-1474,Marmoset-1474,CL:0000003,P0014_1,cjNutmeg,10x multiome,EFO:0030059,Marmoset,NCBI:txid9483,Adult,Brain,Brain,unknown,unknown,unknown,unknown,unknown,unknown,normal,PATO:0000461,nucleus,True,231117,LPLCXR_231117_1,LPLCXR_231117_1_G7,520,13,1044.8,BR_PXR_231212_1,231117,LPLCXA_231117_1,LPLCXA_231117_1_A3,394,7,130.0,BR_PXA_231212_1,SI-TT-G7_i7,SI-TT-G7_b(i5),SI-NA-A3,32690,6688,0.0012986485380679,Callithrix jacchus,CS20250428_GROUP_0064,Interneuron,,VTR|HTH|Glut,21,,,,SLC17A6,#54621f,,CS20250428_SUBCL_0017,PR 2771,F|M|Glut,15,#66750b,,CS20250428_CLASS_0007,,F|M|Glut,5,#7d0f09,,CS20250428_NEIGH_0000,PR 2579,Glut|Sero|Dopa,2,#91f4bb,,CTTATGTTCCAAACAC,P0014_1,240110,Princeton
TTCAGTTTCATAACCA-P0014_1,Glut Sero Dopa,F M Glut,F M Glut,VTR-HTH Glut,Marmoset-1554,Marmoset-1554,CL:0000003,P0014_1,cjNutmeg,10x multiome,EFO:0030059,Marmoset,NCBI:txid9483,Adult,Brain,Brain,unknown,unknown,unknown,unknown,unknown,unknown,normal,PATO:0000461,nucleus,True,231117,LPLCXR_231117_1,LPLCXR_231117_1_G7,520,13,1044.8,BR_PXR_231212_1,231117,LPLCXA_231117_1,LPLCXA_231117_1_A3,394,7,130.0,BR_PXA_231212_1,SI-TT-G7_i7,SI-TT-G7_b(i5),SI-NA-A3,27313,7116,0.0019093552837148,Callithrix jacchus,CS20250428_GROUP_0064,Interneuron,,VTR|HTH|Glut,21,,,,SLC17A6,#54621f,,CS20250428_SUBCL_0017,PR 2771,F|M|Glut,15,#66750b,,CS20250428_CLASS_0007,,F|M|Glut,5,#7d0f09,,CS20250428_NEIGH_0000,PR 2579,Glut|Sero|Dopa,2,#91f4bb,,TTCAGTTTCATAACCA,P0014_1,240110,Princeton
GTGTTACAGCACAGGG-P0014_1,Subpallium GABA,F M GABA,F GABA,ZI-HTH GABA,Marmoset-1349,Marmoset-1349,CL:0000003,P0014_1,cjNutmeg,10x multiome,EFO:0030059,Marmoset,NCBI:txid9483,Adult,Brain,Brain,unknown,unknown,unknown,unknown,unknown,unknown,normal,PATO:0000461,nucleus,True,231117,LPLCXR_231117_1,LPLCXR_231117_1_G7,520,13,1044.8,BR_PXR_231212_1,231117,LPLCXA_231117_1,LPLCXA_231117_1_A3,394,7,130.0,BR_PXA_231212_1,SI-TT-G7_i7,SI-TT-G7_b(i5),SI-NA-A3,21445,5797,0.0012986485380679,Callithrix jacchus,CS20250428_GROUP_0063,Interneuron,,ZI|HTH|GABA,46,,,,,#c49c94,,CS20250428_SUBCL_0037,,F|GABA,29,#7ba2df,,CS20250428_CLASS_0006,,F|M|GABA,9,#cd0f13,,CS20250428_NEIGH_0002,,Subpallium|GABA,3,#19613b,,GTGTTACAGCACAGGG,P0014_1,240110,Princeton
TTGCGTCTCAGGAAGC-P0014_1,Subpallium GABA,F M GABA,F GABA,ZI-HTH GABA,Marmoset-1367,Marmoset-1367,CL:0000003,P0014_1,cjNutmeg,10x multiome,EFO:0030059,Marmoset,NCBI:txid9483,Adult,Brain,Brain,unknown,unknown,unknown,unknown,unknown,unknown,normal,PATO:0000461,nucleus,True,231117,LPLCXR_231117_1,LPLCXR_231117_1_G7,520,13,1044.8,BR_PXR_231212_1,231117,LPLCXA_231117_1,LPLCXA_231117_1_A3,394,7,130.0,BR_PXA_231212_1,SI-TT-G7_i7,SI-TT-G7_b(i5),SI-NA-A3,56455,7900,0.0015689497813582,Callithrix jacchus,CS20250428_GROUP_0063,Interneuron,,ZI|HTH|GABA,46,,,,,#c49c94,,CS20250428_SUBCL_0037,,F|GABA,29,#7ba2df,,CS20250428_CLASS_0006,,F|M|GABA,9,#cd0f13,,CS20250428_NEIGH_0002,,Subpallium|GABA,3,#19613b,,TTGCGTCTCAGGAAGC,P0014_1,240110,Princeton
GCGGAACCAACCTGGT-P0014_1,Subpallium GABA,F M GABA,F M GATA3 GABA,SN GATA3-PAX8 GABA,Marmoset-1372,Marmoset-1372,CL:0000003,P0014_1,cjNutmeg,10x multiome,EFO:0030059,Marmoset,NCBI:txid9483,Adult,Brain,Brain,unknown,unknown,unknown,unknown,unknown,unknown,normal,PATO:0000461,nucleus,True,231117,LPLCXR_231117_1,LPLCXR_231117_1_G7,520,13,1044.8,BR_PXR_231212_1,231117,LPLCXA_231117_1,LPLCXA_231117_1_A3,394,7,130.0,BR_PXA_231212_1,SI-TT-G7_i7,SI-TT-G7_b(i5),SI-NA-A3,26531,6816,0.0012986485380679,Callithrix jacchus,CS20250428_GROUP_0032,Interneuron,,SN|GATA3|PAX8|GABA,42,Partanen et al. 2022,pSNpr,,"Pax5, Ctip2, Pou6f2",#ff7266,,CS20250428_SUBCL_0016,,F|M|GATA3|GABA,27,#311a96,,CS20250428_CLASS_0006,,F|M|GABA,9,#cd0f13,,CS20250428_NEIGH_0002,,Subpallium|GABA,3,#19613b,,GCGGAACCAACCTGGT,P0014_1,240110,Princeton
CGGTAACGTTTATCTG-P0014_1,Subpallium GABA,F M GABA,SN PAX7 GABA,SN EBF2 GABA,Marmoset-1421,Marmoset-1421,CL:0000003,P0014_1,cjNutmeg,10x multiome,EFO:0030059,Marmoset,NCBI:txid9483,Adult,Brain,Brain,unknown,unknown,unknown,unknown,unknown,unknown,normal,PATO:0000461,nucleus,True,231117,LPLCXR_231117_1,LPLCXR_231117_1_G7,520,13,1044.8,BR_PXR_231212_1,231117,LPLCXA_231117_1,LPLCXA_231117_1_A3,394,7,130.0,BR_PXA_231212_1,SI-TT-G7_i7,SI-TT-G7_b(i5),SI-NA-A3,36304,6665,0.0027953400276601,Callithrix jacchus,CS20250428_GROUP_0030,Interneuron,,SN|EBF2|GABA,44,,,,,#c8df45,,CS20250428_SUBCL_0026,,SN|PAX7|GABA,28,#720a7d,,CS20250428_CLASS_0006,,F|M|GABA,9,#cd0f13,,CS20250428_NEIGH_0002,,Subpallium|GABA,3,#19613b,,CGGTAACGTTTATCTG,P0014_1,240110,Princeton
TGGCTATAGGTGAGAC-P0014_1,Subpallium GABA,F M GABA,F M GATA3 GABA,SN-VTR-HTH GATA3-TCF7L2 GABA,Marmoset-1394,Marmoset-1394,CL:0000003,P0014_1,cjNutmeg,10x multiome,EFO:0030059,Marmoset,NCBI:txid9483,Adult,Brain,Brain,unknown,unknown,unknown,unknown,unknown,unknown,normal,PATO:0000461,nucleus,True,231117,LPLCXR_231117_1,LPLCXR_231117_1_G7,520,13,1044.8,BR_PXR_231212_1,231117,LPLCXA_231117_1,LPLCXA_231117_1_A3,394,7,130.0,BR_PXA_231212_1,SI-TT-G7_i7,SI-TT-G7_b(i5),SI-NA-A3,39037,7185,0.0012986485380679,Callithrix jacchus,CS20250428_GROUP_0037,Interneuron,,SN|VTR|HTH|GATA3|TCF7L2|GABA,43,,,,,#1dbfcf,,CS20250428_SUBCL_0016,,F|M|GATA3|GABA,27,#311a96,,CS20250428_CLASS_0006,,F|M|GABA,9,#cd0f13,,CS20250428_NEIGH_0002,,Subpallium|GABA,3,#19613b,,TGGCTATAGGTGAGAC,P0014_1,240110,Princeton
GTCATCACAACACCTA-P0014_1,Glut Sero Dopa,M Dopa,M Dopa,SN SOX6 Dopa,Marmoset-1447,Marmoset-1447,CL:0000003,P0014_1,cjNutmeg,10x multiome,EFO:0030059,Marmoset,NCBI:txid9483,Adult,Brain,Brain,unknown,unknown,unknown,unknown,unknown,unknown,normal,PATO:0000461,nucleus,True,231117,LPLCXR_231117_1,LPLCXR_231117_1_G7,520,13,1044.8,BR_PXR_231212_1,231117,LPLCXA_231117_1,LPLCXA_231117_1_A3,394,7,130.0,BR_PXA_231212_1,SI-TT-G7_i7,SI-TT-G7_b(i5),SI-NA-A3,24673,6208,0.0012986485380679,Callithrix jacchus,CS20250428_GROUP_0035,Dopaminergic,CL:4042025,SN|SOX6|Dopa,23,"Tushar et al, 2022",,,"TH, SOX6",#854098,,CS20250428_SUBCL_0025,CL:4042025,M|Dopa,16,#77f0ca,,CS20250428_CLASS_0009,CL:2000097,M|Dopa,6,#0433b4,,CS20250428_NEIGH_0000,,Glut|Sero|Dopa,2,#91f4bb,,GTCATCACAACACCTA,P0014_1,240110,Princeton
GTGTAACTCCCTGACT-P0014_1,Subpallium GABA,F M GABA,F GABA,ZI-HTH GABA,Marmoset-1503,Marmoset-1503,CL:0000003,P0014_1,cjNutmeg,10x multiome,EFO:0030059,Marmoset,NCBI:txid9483,Adult,Brain,Brain,unknown,unknown,unknown,unknown,unknown,unknown,normal,PATO:0000461,nucleus,True,231117,LPLCXR_231117_1,LPLCXR_231117_1_G7,520,13,1044.8,BR_PXR_231212_1,231117,LPLCXA_231117_1,LPLCXA_231117_1_A3,394,7,130.0,BR_PXA_231212_1,SI-TT-G7_i7,SI-TT-G7_b(i5),SI-NA-A3,50386,8082,0.0018678770866245,Callithrix jacchus,CS20250428_GROUP_0063,Interneuron,,ZI|HTH|GABA,46,,,,,#c49c94,,CS20250428_SUBCL_0037,,F|GABA,29,#7ba2df,,CS20250428_CLASS_0006,,F|M|GABA,9,#cd0f13,,CS20250428_NEIGH_0002,,Subpallium|GABA,3,#19613b,,GTGTAACTCCCTGACT,P0014_1,240110,Princeton
GATTATGTCACGTTAA-P0014_1,Glut Sero Dopa,F M Glut,F M Glut,VTR-HTH Glut,Marmoset-1548,Marmoset-1548,CL:0000003,P0014_1,cjNutmeg,10x multiome,EFO:0030059,Marmoset,NCBI:txid9483,Adult,Brain,Brain,unknown,unknown,unknown,unknown,unknown,unknown,normal,PATO:0000461,nucleus,True,231117,LPLCXR_231117_1,LPLCXR_231117_1_G7,520,13,1044.8,BR_PXR_231212_1,231117,LPLCXA_231117_1,LPLCXA_231117_1_A3,394,7,130.0,BR_PXA_231212_1,SI-TT-G7_i7,SI-TT-G7_b(i5),SI-NA-A3,29179,7239,0.0012986485380679,Callithrix jacchus,CS20250428_GROUP_0064,Interneuron,,VTR|HTH|Glut,21,,,,SLC17A6,#54621f,,CS20250428_SUBCL_0017,PR 2771,F|M|Glut,15,#66750b,,CS20250428_CLASS_0007,,F|M|Glut,5,#7d0f09,,CS20250428_NEIGH_0000,PR 2579,Glut|Sero|Dopa,2,#91f4bb,,GATTATGTCACGTTAA,P0014_1,240110,Princeton
AATACCGGTCCTTCTC-P0014_1,Glut Sero Dopa,F M Glut,F M Glut,VTR-HTH Glut,Marmoset-1551,Marmoset-1551,CL:0000003,P0014_1,cjNutmeg,10x multiome,EFO:0030059,Marmoset,NCBI:txid9483,Adult,Brain,Brain,unknown,unknown,unknown,unknown,unknown,unknown,normal,PATO:0000461,nucleus,True,231117,LPLCXR_231117_1,LPLCXR_231117_1_G7,520,13,1044.8,BR_PXR_231212_1,231117,LPLCXA_231117_1,LPLCXA_231117_1_A3,394,7,130.0,BR_PXA_231212_1,SI-TT-G7_i7,SI-TT-G7_b(i5),SI-NA-A3,21795,6329,0.0012986485380679,Callithrix jacchus,CS20250428_GROUP_0064,Interneuron,,VTR|HTH|Glut,21,,,,SLC17A6,#54621f,,CS20250428_SUBCL_0017,PR 2771,F|M|Glut,15,#66750b,,CS20250428_CLASS_0007,,F|M|Glut,5,#7d0f09,,CS20250428_NEIGH_0000,PR 2579,Glut|Sero|Dopa,2,#91f4bb,,AATACCGGTCCTTCTC,P0014_1,240110,Princeton
TTGGAGGCATTGTTGG-P0014_1,Glut Sero Dopa,F M Glut,F M Glut,VTR-HTH Glut,Marmoset-1536,Marmoset-1536,CL:0000003,P0014_1,cjNutmeg,10x multiome,EFO:0030059,Marmoset,NCBI:txid9483,Adult,Brain,Brain,unknown,unknown,unknown,unknown,unknown,unknown,normal,PATO:0000461,nucleus,True,231117,LPLCXR_231117_1,LPLCXR_231117_1_G7,520,13,1044.8,BR_PXR_231212_1,231117,LPLCXA_231117_1,LPLCXA_231117_1_A3,394,7,130.0,BR_PXA_231212_1,SI-TT-G7_i7,SI-TT-G7_b(i5),SI-NA-A3,27013,6129,0.0012986485380679,Callithrix jacchus,CS20250428_GROUP_0064,Interneuron,,VTR|HTH|Glut,21,,,,SLC17A6,#54621f,,CS20250428_SUBCL_0017,PR 2771,F|M|Glut,15,#66750b,,CS20250428_CLASS_0007,,F|M|Glut,5,#7d0f09,,CS20250428_NEIGH_0000,PR 2579,Glut|Sero|Dopa,2,#91f4bb,,TTGGAGGCATTGTTGG,P0014_1,240110,Princeton
GAGCGGTCATTGTTGG-P0014_1,Glut Sero Dopa,F M Glut,F M Glut,VTR-HTH Glut,Marmoset-1529,Marmoset-1529,CL:0000003,P0014_1,cjNutmeg,10x multiome,EFO:0030059,Marmoset,NCBI:txid9483,Adult,Brain,Brain,unknown,unknown,unknown,unknown,unknown,unknown,normal,PATO:0000461,nucleus,True,231117,LPLCXR_231117_1,LPLCXR_231117_1_G7,520,13,1044.8,BR_PXR_231212_1,231117,LPLCXA_231117_1,LPLCXA_231117_1_A3,394,7,130.0,BR_PXA_231212_1,SI-TT-G7_i7,SI-TT-G7_b(i5),SI-NA-A3,19331,5080,0.0015800987603142,Callithrix jacchus,CS20250428_GROUP_0064,Interneuron,,VTR|HTH|Glut,21,,,,SLC17A6,#54621f,,CS20250428_SUBCL_0017,PR 2771,F|M|Glut,15,#66750b,,CS20250428_CLASS_0007,,F|M|Glut,5,#7d0f09,,CS20250428_NEIGH_0000,PR 2579,Glut|Sero|Dopa,2,#91f4bb,,GAGCGGTCATTGTTGG,P0014_1,240110,Princeton
GCTGCATCAGAGGGAG-P0014_1,Subpallium GABA,F M GABA,F GABA,ZI-HTH GABA,Marmoset-1382,Marmoset-1382,CL:0000003,P0014_1,cjNutmeg,10x multiome,EFO:0030059,Marmoset,NCBI:txid9483,Adult,Brain,Brain,unknown,unknown,unknown,unknown,unknown,unknown,normal,PATO:0000461,nucleus,True,231117,LPLCXR_231117_1,LPLCXR_231117_1_G7,520,13,1044.8,BR_PXR_231212_1,231117,LPLCXA_231117_1,LPLCXA_231117_1_A3,394,7,130.0,BR_PXA_231212_1,SI-TT-G7_i7,SI-TT-G7_b(i5),SI-NA-A3,25158,6070,0.0140553712844849,Callithrix jacchus,CS20250428_GROUP_0063,Interneuron,,ZI|HTH|GABA,46,,,,,#c49c94,,CS20250428_SUBCL_0037,,F|GABA,29,#7ba2df,,CS20250428_CLASS_0006,,F|M|GABA,9,#cd0f13,,CS20250428_NEIGH_0002,,Subpallium|GABA,3,#19613b,,GCTGCATCAGAGGGAG,P0014_1,240110,Princeton
GGAAACTCACCTGCCT-P0014_1,Glut Sero Dopa,F M Glut,F M Glut,VTR-HTH Glut,Marmoset-1555,Marmoset-1555,CL:0000003,P0014_1,cjNutmeg,10x multiome,EFO:0030059,Marmoset,NCBI:txid9483,Adult,Brain,Brain,unknown,unknown,unknown,unknown,unknown,unknown,normal,PATO:0000461,nucleus,True,231117,LPLCXR_231117_1,LPLCXR_231117_1_G7,520,13,1044.8,BR_PXR_231212_1,231117,LPLCXA_231117_1,LPLCXA_231117_1_A3,394,7,130.0,BR_PXA_231212_1,SI-TT-G7_i7,SI-TT-G7_b(i5),SI-NA-A3,36680,6960,0.284915208816528,Callithrix jacchus,CS20250428_GROUP_0064,Interneuron,,VTR|HTH|Glut,21,,,,SLC17A6,#54621f,,CS20250428_SUBCL_0017,PR 2771,F|M|Glut,15,#66750b,,CS20250428_CLASS_0007,,F|M|Glut,5,#7d0f09,,CS20250428_NEIGH_0000,PR 2579,Glut|Sero|Dopa,2,#91f4bb,,GGAAACTCACCTGCCT,P0014_1,240110,Princeton
AACAAGCCACAGGAAT-P0014_1,Glut Sero Dopa,M Dopa,M Dopa,SN-VTR GAD2 Dopa,Marmoset-1455,Marmoset-1455,CL:0000003,P0014_1,cjNutmeg,10x multiome,EFO:0030059,Marmoset,NCBI:txid9483,Adult,Brain,Brain,unknown,unknown,unknown,unknown,unknown,unknown,normal,PATO:0000461,nucleus,True,231117,LPLCXR_231117_1,LPLCXR_231117_1_G7,520,13,1044.8,BR_PXR_231212_1,231117,LPLCXA_231117_1,LPLCXA_231117_1_A3,394,7,130.0,BR_PXA_231212_1,SI-TT-G7_i7,SI-TT-G7_b(i5),SI-NA-A3,41142,7064,0.0020715394057333,Callithrix jacchus,CS20250428_GROUP_0031,Dopaminergic,,SN|VTR|GAD2|Dopa,24,"Zachary et al, 2024",,,"TH, GAD2",#854098,,CS20250428_SUBCL_0025,CL:4042025,M|Dopa,16,#77f0ca,,CS20250428_CLASS_0009,CL:2000097,M|Dopa,6,#0433b4,,CS20250428_NEIGH_0000,,Glut|Sero|Dopa,2,#91f4bb,,AACAAGCCACAGGAAT,P0014_1,240110,Princeton
TATAGCCAGGTTTGCG-P0014_1,Subpallium GABA,F M GABA,F GABA,ZI-HTH GABA,Marmoset-1507,Marmoset-1507,CL:0000003,P0014_1,cjNutmeg,10x multiome,EFO:0030059,Marmoset,NCBI:txid9483,Adult,Brain,Brain,unknown,unknown,unknown,unknown,unknown,unknown,normal,PATO:0000461,nucleus,True,231117,LPLCXR_231117_1,LPLCXR_231117_1_G7,520,13,1044.8,BR_PXR_231212_1,231117,LPLCXA_231117_1,LPLCXA_231117_1_A3,394,7,130.0,BR_PXA_231212_1,SI-TT-G7_i7,SI-TT-G7_b(i5),SI-NA-A3,22204,6757,0.0015689497813582,Callithrix jacchus,CS20250428_GROUP_0063,Interneuron,,ZI|HTH|GABA,46,,,,,#c49c94,,CS20250428_SUBCL_0037,,F|GABA,29,#7ba2df,,CS20250428_CLASS_0006,,F|M|GABA,9,#cd0f13,,CS20250428_NEIGH_0002,,Subpallium|GABA,3,#19613b,,TATAGCCAGGTTTGCG,P0014_1,240110,Princeton
AGGCTAAAGGCTATGT-P0014_1,Subpallium GABA,F M GABA,F M GATA3 GABA,SN-VTR-HTH GATA3-TCF7L2 GABA,Marmoset-1357,Marmoset-1357,CL:0000003,P0014_1,cjNutmeg,10x multiome,EFO:0030059,Marmoset,NCBI:txid9483,Adult,Brain,Brain,unknown,unknown,unknown,unknown,unknown,unknown,normal,PATO:0000461,nucleus,True,231117,LPLCXR_231117_1,LPLCXR_231117_1_G7,520,13,1044.8,BR_PXR_231212_1,231117,LPLCXA_231117_1,LPLCXA_231117_1_A3,394,7,130.0,BR_PXA_231212_1,SI-TT-G7_i7,SI-TT-G7_b(i5),SI-NA-A3,29938,7766,0.0012986485380679,Callithrix jacchus,CS20250428_GROUP_0037,Interneuron,,SN|VTR|HTH|GATA3|TCF7L2|GABA,43,,,,,#1dbfcf,,CS20250428_SUBCL_0016,,F|M|GATA3|GABA,27,#311a96,,CS20250428_CLASS_0006,,F|M|GABA,9,#cd0f13,,CS20250428_NEIGH_0002,,Subpallium|GABA,3,#19613b,,AGGCTAAAGGCTATGT,P0014_1,240110,Princeton
TAGCTAATCCTAGTAA-P0014_1,Glut Sero Dopa,F M Glut,F M Glut,VTR-HTH Glut,Marmoset-1465,Marmoset-1465,CL:0000003,P0014_1,cjNutmeg,10x multiome,EFO:0030059,Marmoset,NCBI:txid9483,Adult,Brain,Brain,unknown,unknown,unknown,unknown,unknown,unknown,normal,PATO:0000461,nucleus,True,231117,LPLCXR_231117_1,LPLCXR_231117_1_G7,520,13,1044.8,BR_PXR_231212_1,231117,LPLCXA_231117_1,LPLCXA_231117_1_A3,394,7,130.0,BR_PXA_231212_1,SI-TT-G7_i7,SI-TT-G7_b(i5),SI-NA-A3,14175,4832,0.0012986485380679,Callithrix jacchus,CS20250428_GROUP_0064,Interneuron,,VTR|HTH|Glut,21,,,,SLC17A6,#54621f,,CS20250428_SUBCL_0017,PR 2771,F|M|Glut,15,#66750b,,CS20250428_CLASS_0007,,F|M|Glut,5,#7d0f09,,CS20250428_NEIGH_0000,PR 2579,Glut|Sero|Dopa,2,#91f4bb,,TAGCTAATCCTAGTAA,P0014_1,240110,Princeton
AATGCGCGTGCAATGC-P0014_1,Glut Sero Dopa,F M Glut,F M Glut,VTR-HTH Glut,Marmoset-1468,Marmoset-1468,CL:0000003,P0014_1,cjNutmeg,10x multiome,EFO:0030059,Marmoset,NCBI:txid9483,Adult,Brain,Brain,unknown,unknown,unknown,unknown,unknown,unknown,normal,PATO:0000461,nucleus,True,231117,LPLCXR_231117_1,LPLCXR_231117_1_G7,520,13,1044.8,BR_PXR_231212_1,231117,LPLCXA_231117_1,LPLCXA_231117_1_A3,394,7,130.0,BR_PXA_231212_1,SI-TT-G7_i7,SI-TT-G7_b(i5),SI-NA-A3,34307,6759,0.0020972576458007,Callithrix jacchus,CS20250428_GROUP_0064,Interneuron,,VTR|HTH|Glut,21,,,,SLC17A6,#54621f,,CS20250428_SUBCL_0017,PR 2771,F|M|Glut,15,#66750b,,CS20250428_CLASS_0007,,F|M|Glut,5,#7d0f09,,CS20250428_NEIGH_0000,PR 2579,Glut|Sero|Dopa,2,#91f4bb,,AATGCGCGTGCAATGC,P0014_1,240110,Princeton
GGTAACCGTTTCCACG-P0014_1,Glut Sero Dopa,F M Glut,F M Glut,VTR-HTH Glut,Marmoset-1556,Marmoset-1556,CL:0000003,P0014_1,cjNutmeg,10x multiome,EFO:0030059,Marmoset,NCBI:txid9483,Adult,Brain,Brain,unknown,unknown,unknown,unknown,unknown,unknown,normal,PATO:0000461,nucleus,True,231117,LPLCXR_231117_1,LPLCXR_231117_1_G7,520,13,1044.8,BR_PXR_231212_1,231117,LPLCXA_231117_1,LPLCXA_231117_1_A3,394,7,130.0,BR_PXA_231212_1,SI-TT-G7_i7,SI-TT-G7_b(i5),SI-NA-A3,35432,7997,0.283343940973282,Callithrix jacchus,CS20250428_GROUP_0064,Interneuron,,VTR|HTH|Glut,21,,,,SLC17A6,#54621f,,CS20250428_SUBCL_0017,PR 2771,F|M|Glut,15,#66750b,,CS20250428_CLASS_0007,,F|M|Glut,5,#7d0f09,,CS20250428_NEIGH_0000,PR 2579,Glut|Sero|Dopa,2,#91f4bb,,GGTAACCGTTTCCACG,P0014_1,240110,Princeton
TAGGAACCAACGTGCT-P0014_1,Subpallium GABA,F M GABA,SN PAX7 GABA,SN EBF2 GABA,Marmoset-1422,Marmoset-1422,CL:0000003,P0014_1,cjNutmeg,10x multiome,EFO:0030059,Marmoset,NCBI:txid9483,Adult,Brain,Brain,unknown,unknown,unknown,unknown,unknown,unknown,normal,PATO:0000461,nucleus,True,231117,LPLCXR_231117_1,LPLCXR_231117_1_G7,520,13,1044.8,BR_PXR_231212_1,231117,LPLCXA_231117_1,LPLCXA_231117_1_A3,394,7,130.0,BR_PXA_231212_1,SI-TT-G7_i7,SI-TT-G7_b(i5),SI-NA-A3,14365,4855,0.0012986485380679,Callithrix jacchus,CS20250428_GROUP_0030,Interneuron,,SN|EBF2|GABA,44,,,,,#c8df45,,CS20250428_SUBCL_0026,,SN|PAX7|GABA,28,#720a7d,,CS20250428_CLASS_0006,,F|M|GABA,9,#cd0f13,,CS20250428_NEIGH_0002,,Subpallium|GABA,3,#19613b,,TAGGAACCAACGTGCT,P0014_1,240110,Princeton
ATGGTTATCAATCTAG-P0014_1,Glut Sero Dopa,M Dopa,M Dopa,SN-VTR CALB1 Dopa,Marmoset-1450,Marmoset-1450,CL:0000003,P0014_1,cjNutmeg,10x multiome,EFO:0030059,Marmoset,NCBI:txid9483,Adult,Brain,Brain,unknown,unknown,unknown,unknown,unknown,unknown,normal,PATO:0000461,nucleus,True,231117,LPLCXR_231117_1,LPLCXR_231117_1_G7,520,13,1044.8,BR_PXR_231212_1,231117,LPLCXA_231117_1,LPLCXA_231117_1_A3,394,7,130.0,BR_PXA_231212_1,SI-TT-G7_i7,SI-TT-G7_b(i5),SI-NA-A3,3940,2021,0.0020332033745944,Callithrix jacchus,CS20250428_GROUP_0029,Dopaminergic,CL:4042025,SN|VTR|CALB1|Dopa,22,Agarwal et al. 2020,,,"TH, CALB1, SLC6A3, NR4A2, BNC2",#854098,,CS20250428_SUBCL_0025,CL:4042025,M|Dopa,16,#77f0ca,,CS20250428_CLASS_0009,CL:2000097,M|Dopa,6,#0433b4,,CS20250428_NEIGH_0000,PR 2579,Glut|Sero|Dopa,2,#91f4bb,,ATGGTTATCAATCTAG,P0014_1,240110,Princeton
GTGCGGTTCCATAAGC-P0014_1,Subpallium GABA,F M GABA,F M GATA3 GABA,SN GATA3-PAX8 GABA,Marmoset-1373,Marmoset-1373,CL:0000003,P0014_1,cjNutmeg,10x multiome,EFO:0030059,Marmoset,NCBI:txid9483,Adult,Brain,Brain,unknown,unknown,unknown,unknown,unknown,unknown,normal,PATO:0000461,nucleus,True,231117,LPLCXR_231117_1,LPLCXR_231117_1_G7,520,13,1044.8,BR_PXR_231212_1,231117,LPLCXA_231117_1,LPLCXA_231117_1_A3,394,7,130.0,BR_PXA_231212_1,SI-TT-G7_i7,SI-TT-G7_b(i5),SI-NA-A3,20192,5963,0.0012986485380679,Callithrix jacchus,CS20250428_GROUP_0032,Interneuron,,SN|GATA3|PAX8|GABA,42,Partanen et al. 2022,pSNpr,,"Pax5, Ctip2, Pou6f2",#ff7266,,CS20250428_SUBCL_0016,,F|M|GATA3|GABA,27,#311a96,,CS20250428_CLASS_0006,,F|M|GABA,9,#cd0f13,,CS20250428_NEIGH_0002,,Subpallium|GABA,3,#19613b,,GTGCGGTTCCATAAGC,P0014_1,240110,Princeton
TACGCTTGTTAAGTGT-P0014_1,Nonneuron,Astro-Epen,Astrocyte,Astrocyte,Marmoset-526,Marmoset-526,CL:0000003,P0014_1,cjNutmeg,10x multiome,EFO:0030059,Marmoset,NCBI:txid9483,Adult,Brain,Brain,unknown,unknown,unknown,unknown,unknown,unknown,normal,PATO:0000461,nucleus,True,231117,LPLCXR_231117_1,LPLCXR_231117_1_G7,520,13,1044.8,BR_PXR_231212_1,231117,LPLCXA_231117_1,LPLCXA_231117_1_A3,394,7,130.0,BR_PXA_231212_1,SI-TT-G7_i7,SI-TT-G7_b(i5),SI-NA-A3,4244,1781,0.0028277349192649,Callithrix jacchus,CS20250428_GROUP_0039,Nonneuron,CL:0000127,Astrocyte,1,Yao et al. 2023,,,,#e16c95,,CS20250428_SUBCL_0000,CL:0000127,Astrocyte,1,#604f15,,CS20250428_CLASS_0000,CL:0000125,Astro|Epen,1,#6ec0da,,CS20250428_NEIGH_0001,CL:0000000,Nonneuron,1,#f2ca7d,,TACGCTTGTTAAGTGT,P0014_1,240110,Princeton
GTTCACCTCTTTGACT-P0014_1,Subpallium GABA,F M GABA,F M GATA3 GABA,SN-VTR-HTH GATA3-TCF7L2 GABA,Marmoset-1398,Marmoset-1398,CL:0000003,P0014_1,cjNutmeg,10x multiome,EFO:0030059,Marmoset,NCBI:txid9483,Adult,Brain,Brain,unknown,unknown,unknown,unknown,unknown,unknown,normal,PATO:0000461,nucleus,True,231117,LPLCXR_231117_1,LPLCXR_231117_1_G7,520,13,1044.8,BR_PXR_231212_1,231117,LPLCXA_231117_1,LPLCXA_231117_1_A3,394,7,130.0,BR_PXA_231212_1,SI-TT-G7_i7,SI-TT-G7_b(i5),SI-NA-A3,5741,2392,0.0015689497813582,Callithrix jacchus,CS20250428_GROUP_0037,Interneuron,,SN|VTR|HTH|GATA3|TCF7L2|GABA,43,,,,,#1dbfcf,,CS20250428_SUBCL_0016,,F|M|GATA3|GABA,27,#311a96,,CS20250428_CLASS_0006,,F|M|GABA,9,#cd0f13,,CS20250428_NEIGH_0002,,Subpallium|GABA,3,#19613b,,GTTCACCTCTTTGACT,P0014_1,240110,Princeton
AGAGGATGTATCTGGA-P0014_2,Glut Sero Dopa,M Dopa,M Dopa,SN-VTR CALB1 Dopa,Marmoset-1444,Marmoset-1444,CL:0000003,P0014_2,cjNutmeg,10x multiome,EFO:0030059,Marmoset,NCBI:txid9483,Adult,Brain,Brain,unknown,unknown,unknown,unknown,unknown,unknown,normal,PATO:0000461,nucleus,True,231117,LPLCXR_231117_1,LPLCXR_231117_1_H7,489,13,866.25,BR_PXR_231212_1,231117,LPLCXA_231117_1,LPLCXA_231117_1_B3,398,7,120.8,BR_PXA_231212_1,SI-TT-H7_i7,SI-TT-H7_b(i5),SI-NA-B3,92959,9510,0.0006216999609023,Callithrix jacchus,CS20250428_GROUP_0029,Dopaminergic,CL:4042025,SN|VTR|CALB1|Dopa,22,Agarwal et al. 2020,,,"TH, CALB1, SLC6A3, NR4A2, BNC2",#854098,,CS20250428_SUBCL_0025,CL:4042025,M|Dopa,16,#77f0ca,,CS20250428_CLASS_0009,CL:2000097,M|Dopa,6,#0433b4,,CS20250428_NEIGH_0000,PR 2579,Glut|Sero|Dopa,2,#91f4bb,,AGAGGATGTATCTGGA,P0014_2,240110,Princeton
GGCTGAGAGACAAAGT-P0014_2,Subpallium GABA,F M GABA,F GABA,ZI-HTH GABA,Marmoset-1504,Marmoset-1504,CL:0000003,P0014_2,cjNutmeg,10x multiome,EFO:0030059,Marmoset,NCBI:txid9483,Adult,Brain,Brain,unknown,unknown,unknown,unknown,unknown,unknown,normal,PATO:0000461,nucleus,True,231117,LPLCXR_231117_1,LPLCXR_231117_1_H7,489,13,866.25,BR_PXR_231212_1,231117,LPLCXA_231117_1,LPLCXA_231117_1_B3,398,7,120.8,BR_PXA_231212_1,SI-TT-H7_i7,SI-TT-H7_b(i5),SI-NA-B3,84340,9388,0.438590109348297,Callithrix jacchus,CS20250428_GROUP_0063,Interneuron,,ZI|HTH|GABA,46,,,,,#c49c94,,CS20250428_SUBCL_0037,,F|GABA,29,#7ba2df,,CS20250428_CLASS_0006,,F|M|GABA,9,#cd0f13,,CS20250428_NEIGH_0002,,Subpallium|GABA,3,#19613b,,GGCTGAGAGACAAAGT,P0014_2,240110,Princeton
ATAAGTCGTTTGGCGG-P0014_2,Glut Sero Dopa,F M Glut,F M Glut,VTR-HTH Glut,Marmoset-1538,Marmoset-1538,CL:0000003,P0014_2,cjNutmeg,10x multiome,EFO:0030059,Marmoset,NCBI:txid9483,Adult,Brain,Brain,unknown,unknown,unknown,unknown,unknown,unknown,normal,PATO:0000461,nucleus,True,231117,LPLCXR_231117_1,LPLCXR_231117_1_H7,489,13,866.25,BR_PXR_231212_1,231117,LPLCXA_231117_1,LPLCXA_231117_1_B3,398,7,120.8,BR_PXA_231212_1,SI-TT-H7_i7,SI-TT-H7_b(i5),SI-NA-B3,69633,8651,0.0194818135350943,Callithrix jacchus,CS20250428_GROUP_0064,Interneuron,,VTR|HTH|Glut,21,,,,SLC17A6,#54621f,,CS20250428_SUBCL_0017,PR 2771,F|M|Glut,15,#66750b,,CS20250428_CLASS_0007,,F|M|Glut,5,#7d0f09,,CS20250428_NEIGH_0000,PR 2579,Glut|Sero|Dopa,2,#91f4bb,,ATAAGTCGTTTGGCGG,P0014_2,240110,Princeton
TTTGACCGTTCATTTG-P0014_2,Subpallium GABA,F M GABA,F M GATA3 GABA,SN GATA3-PAX8 GABA,Marmoset-1375,Marmoset-1375,CL:0000003,P0014_2,cjNutmeg,10x multiome,EFO:0030059,Marmoset,NCBI:txid9483,Adult,Brain,Brain,unknown,unknown,unknown,unknown,unknown,unknown,normal,PATO:0000461,nucleus,True,231117,LPLCXR_231117_1,LPLCXR_231117_1_H7,489,13,866.25,BR_PXR_231212_1,231117,LPLCXA_231117_1,LPLCXA_231117_1_B3,398,7,120.8,BR_PXA_231212_1,SI-TT-H7_i7,SI-TT-H7_b(i5),SI-NA-B3,34826,7791,0.0007767591741867,Callithrix jacchus,CS20250428_GROUP_0032,Interneuron,,SN|GATA3|PAX8|GABA,42,Partanen et al. 2022,pSNpr,,"Pax5, Ctip2, Pou6f2",#ff7266,,CS20250428_SUBCL_0016,,F|M|GATA3|GABA,27,#311a96,,CS20250428_CLASS_0006,,F|M|GABA,9,#cd0f13,,CS20250428_NEIGH_0002,,Subpallium|GABA,3,#19613b,,TTTGACCGTTCATTTG,P0014_2,240110,Princeton
TGAAGTGAGGGTTAGA-P0014_2,Subpallium GABA,F M GABA,F GABA,ZI-HTH GABA,Marmoset-1350,Marmoset-1350,CL:0000003,P0014_2,cjNutmeg,10x multiome,EFO:0030059,Marmoset,NCBI:txid9483,Adult,Brain,Brain,unknown,unknown,unknown,unknown,unknown,unknown,normal,PATO:0000461,nucleus,True,231117,LPLCXR_231117_1,LPLCXR_231117_1_H7,489,13,866.25,BR_PXR_231212_1,231117,LPLCXA_231117_1,LPLCXA_231117_1_B3,398,7,120.8,BR_PXA_231212_1,SI-TT-H7_i7,SI-TT-H7_b(i5),SI-NA-B3,36860,6834,0.011848502792418,Callithrix jacchus,CS20250428_GROUP_0063,Interneuron,,ZI|HTH|GABA,46,,,,,#c49c94,,CS20250428_SUBCL_0037,,F|GABA,29,#7ba2df,,CS20250428_CLASS_0006,,F|M|GABA,9,#cd0f13,,CS20250428_NEIGH_0002,,Subpallium|GABA,3,#19613b,,TGAAGTGAGGGTTAGA,P0014_2,240110,Princeton
CTCACACTCAAACTCA-P0014_2,Glut Sero Dopa,F M Glut,F M Glut,VTR-HTH Glut,Marmoset-1539,Marmoset-1539,CL:0000003,P0014_2,cjNutmeg,10x multiome,EFO:0030059,Marmoset,NCBI:txid9483,Adult,Brain,Brain,unknown,unknown,unknown,unknown,unknown,unknown,normal,PATO:0000461,nucleus,True,231117,LPLCXR_231117_1,LPLCXR_231117_1_H7,489,13,866.25,BR_PXR_231212_1,231117,LPLCXA_231117_1,LPLCXA_231117_1_B3,398,7,120.8,BR_PXA_231212_1,SI-TT-H7_i7,SI-TT-H7_b(i5),SI-NA-B3,51214,7658,0.05214649066329,Callithrix jacchus,CS20250428_GROUP_0064,Interneuron,,VTR|HTH|Glut,21,,,,SLC17A6,#54621f,,CS20250428_SUBCL_0017,PR 2771,F|M|Glut,15,#66750b,,CS20250428_CLASS_0007,,F|M|Glut,5,#7d0f09,,CS20250428_NEIGH_0000,PR 2579,Glut|Sero|Dopa,2,#91f4bb,,CTCACACTCAAACTCA,P0014_2,240110,Princeton
TGCATGAGTACGTTTC-P0014_2,Glut Sero Dopa,F M Glut,F M Glut,VTR-HTH Glut,Marmoset-1524,Marmoset-1524,CL:0000003,P0014_2,cjNutmeg,10x multiome,EFO:0030059,Marmoset,NCBI:txid9483,Adult,Brain,Brain,unknown,unknown,unknown,unknown,unknown,unknown,normal,PATO:0000461,nucleus,True,231117,LPLCXR_231117_1,LPLCXR_231117_1_H7,489,13,866.25,BR_PXR_231212_1,231117,LPLCXA_231117_1,LPLCXA_231117_1_B3,398,7,120.8,BR_PXA_231212_1,SI-TT-H7_i7,SI-TT-H7_b(i5),SI-NA-B3,25337,6981,0.0113841034471989,Callithrix jacchus,CS20250428_GROUP_0064,Interneuron,,VTR|HTH|Glut,21,,,,SLC17A6,#54621f,,CS20250428_SUBCL_0017,PR 2771,F|M|Glut,15,#66750b,,CS20250428_CLASS_0007,,F|M|Glut,5,#7d0f09,,CS20250428_NEIGH_0000,PR 2579,Glut|Sero|Dopa,2,#91f4bb,,TGCATGAGTACGTTTC,P0014_2,240110,Princeton
ACGTCAAGTCGCAAAC-P0014_2,Glut Sero Dopa,F M Glut,F M Glut,VTR-HTH Glut,Marmoset-1542,Marmoset-1542,CL:0000003,P0014_2,cjNutmeg,10x multiome,EFO:0030059,Marmoset,NCBI:txid9483,Adult,Brain,Brain,unknown,unknown,unknown,unknown,unknown,unknown,normal,PATO:0000461,nucleus,True,231117,LPLCXR_231117_1,LPLCXR_231117_1_H7,489,13,866.25,BR_PXR_231212_1,231117,LPLCXA_231117_1,LPLCXA_231117_1_B3,398,7,120.8,BR_PXA_231212_1,SI-TT-H7_i7,SI-TT-H7_b(i5),SI-NA-B3,35144,6764,0.0005809299764223,Callithrix jacchus,CS20250428_GROUP_0064,Interneuron,,VTR|HTH|Glut,21,,,,SLC17A6,#54621f,,CS20250428_SUBCL_0017,PR 2771,F|M|Glut,15,#66750b,,CS20250428_CLASS_0007,,F|M|Glut,5,#7d0f09,,CS20250428_NEIGH_0000,PR 2579,Glut|Sero|Dopa,2,#91f4bb,,ACGTCAAGTCGCAAAC,P0014_2,240110,Princeton
TGCACACCAGCTTACA-P0014_2,Subpallium GABA,F M GABA,F GABA,ZI-HTH GABA,Marmoset-1366,Marmoset-1366,CL:0000003,P0014_2,cjNutmeg,10x multiome,EFO:0030059,Marmoset,NCBI:txid9483,Adult,Brain,Brain,unknown,unknown,unknown,unknown,unknown,unknown,normal,PATO:0000461,nucleus,True,231117,LPLCXR_231117_1,LPLCXR_231117_1_H7,489,13,866.25,BR_PXR_231212_1,231117,LPLCXA_231117_1,LPLCXA_231117_1_B3,398,7,120.8,BR_PXA_231212_1,SI-TT-H7_i7,SI-TT-H7_b(i5),SI-NA-B3,40057,7877,0.0323077738285065,Callithrix jacchus,CS20250428_GROUP_0063,Interneuron,,ZI|HTH|GABA,46,,,,,#c49c94,,CS20250428_SUBCL_0037,,F|GABA,29,#7ba2df,,CS20250428_CLASS_0006,,F|M|GABA,9,#cd0f13,,CS20250428_NEIGH_0002,,Subpallium|GABA,3,#19613b,,TGCACACCAGCTTACA,P0014_2,240110,Princeton
ATTGACTCAGGCCTTG-P0014_2,Subpallium GABA,F M GABA,SN PAX7 GABA,SN SEMA5A GABA,Marmoset-1425,Marmoset-1425,CL:0000003,P0014_2,cjNutmeg,10x multiome,EFO:0030059,Marmoset,NCBI:txid9483,Adult,Brain,Brain,unknown,unknown,unknown,unknown,unknown,unknown,normal,PATO:0000461,nucleus,True,231117,LPLCXR_231117_1,LPLCXR_231117_1_H7,489,13,866.25,BR_PXR_231212_1,231117,LPLCXA_231117_1,LPLCXA_231117_1_B3,398,7,120.8,BR_PXA_231212_1,SI-TT-H7_i7,SI-TT-H7_b(i5),SI-NA-B3,25949,6389,0.0929044932126999,Callithrix jacchus,CS20250428_GROUP_0034,Interneuron,,SN|SEMA5A|GABA,45,,,,,#3604fb,,CS20250428_SUBCL_0026,,SN|PAX7|GABA,28,#720a7d,,CS20250428_CLASS_0006,,F|M|GABA,9,#cd0f13,,CS20250428_NEIGH_0002,,Subpallium|GABA,3,#19613b,,ATTGACTCAGGCCTTG,P0014_2,240110,Princeton
CCCTCACCAGGCTACT-P0014_2,Nonneuron,Astro-Epen,Astrocyte,Astrocyte,Marmoset-527,Marmoset-527,CL:0000003,P0014_2,cjNutmeg,10x multiome,EFO:0030059,Marmoset,NCBI:txid9483,Adult,Brain,Brain,unknown,unknown,unknown,unknown,unknown,unknown,normal,PATO:0000461,nucleus,True,231117,LPLCXR_231117_1,LPLCXR_231117_1_H7,489,13,866.25,BR_PXR_231212_1,231117,LPLCXA_231117_1,LPLCXA_231117_1_B3,398,7,120.8,BR_PXA_231212_1,SI-TT-H7_i7,SI-TT-H7_b(i5),SI-NA-B3,7619,2805,0.0045756711624562,Callithrix jacchus,CS20250428_GROUP_0039,Nonneuron,CL:0000127,Astrocyte,1,Yao et al. 2023,,,,#e16c95,,CS20250428_SUBCL_0000,CL:0000127,Astrocyte,1,#604f15,,CS20250428_CLASS_0000,CL:0000125,Astro|Epen,1,#6ec0da,,CS20250428_NEIGH_0001,CL:0000000,Nonneuron,1,#f2ca7d,,CCCTCACCAGGCTACT,P0014_2,240110,Princeton
GAGCAAATCGGCTATG-P0015_1,Subpallium GABA,F M GABA,CN ONECUT1 GABA,GPi Core,Marmoset-1488,Marmoset-1488,CL:0000003,P0015_1,cjNutmeg,10x multiome,EFO:0030059,Marmoset,NCBI:txid9483,Adult,Brain,Brain,unknown,unknown,unknown,unknown,unknown,unknown,normal,PATO:0000461,nucleus,True,231117,LPLCXR_231117_1,LPLCXR_231117_1_A8,479,12,1123.5,BR_PXR_231212_1,231117,LPLCXA_231117_1,LPLCXA_231117_1_C3,380,7,170.6,BR_PXA_231212_1,SI-TT-A8_i7,SI-TT-A8_b(i5),SI-NA-C3,93145,9756,0.003565885592252,Callithrix jacchus,CS20250428_GROUP_0015,Interneuron,,GPi Core,40,Wallace et al. 2017,GPi Core,,,#d3489a,,CS20250428_SUBCL_0007,,CN|ONECUT1|GABA,26,#967be5,,CS20250428_CLASS_0006,,F|M|GABA,9,#cd0f13,,CS20250428_NEIGH_0002,,Subpallium|GABA,3,#19613b,,GAGCAAATCGGCTATG,P0015_1,240110,Princeton
GCCACTAAGCTCAAAC-P0015_1,Subpallium GABA,F M GABA,F GABA,ZI-HTH GABA,Marmoset-1509,Marmoset-1509,CL:0000003,P0015_1,cjNutmeg,10x multiome,EFO:0030059,Marmoset,NCBI:txid9483,Adult,Brain,Brain,unknown,unknown,unknown,unknown,unknown,unknown,normal,PATO:0000461,nucleus,True,231117,LPLCXR_231117_1,LPLCXR_231117_1_A8,479,12,1123.5,BR_PXR_231212_1,231117,LPLCXA_231117_1,LPLCXA_231117_1_C3,380,7,170.6,BR_PXA_231212_1,SI-TT-A8_i7,SI-TT-A8_b(i5),SI-NA-C3,74203,8734,0.169710054993629,Callithrix jacchus,CS20250428_GROUP_0063,Interneuron,,ZI|HTH|GABA,46,,,,,#c49c94,,CS20250428_SUBCL_0037,,F|GABA,29,#7ba2df,,CS20250428_CLASS_0006,,F|M|GABA,9,#cd0f13,,CS20250428_NEIGH_0002,,Subpallium|GABA,3,#19613b,,GCCACTAAGCTCAAAC,P0015_1,240110,Princeton
TAGGGTTTCCGTGACA-P0015_1,Subpallium GABA,F M GABA,F GABA,ZI-HTH GABA,Marmoset-1512,Marmoset-1512,CL:0000003,P0015_1,cjNutmeg,10x multiome,EFO:0030059,Marmoset,NCBI:txid9483,Adult,Brain,Brain,unknown,unknown,unknown,unknown,unknown,unknown,normal,PATO:0000461,nucleus,True,231117,LPLCXR_231117_1,LPLCXR_231117_1_A8,479,12,1123.5,BR_PXR_231212_1,231117,LPLCXA_231117_1,LPLCXA_231117_1_C3,380,7,170.6,BR_PXA_231212_1,SI-TT-A8_i7,SI-TT-A8_b(i5),SI-NA-C3,67812,8418,0.0026880837976932,Callithrix jacchus,CS20250428_GROUP_0063,Interneuron,,ZI|HTH|GABA,46,,,,,#c49c94,,CS20250428_SUBCL_0037,,F|GABA,29,#7ba2df,,CS20250428_CLASS_0006,,F|M|GABA,9,#cd0f13,,CS20250428_NEIGH_0002,,Subpallium|GABA,3,#19613b,,TAGGGTTTCCGTGACA,P0015_1,240110,Princeton
CGAGGCAAGGAAGCAC-P0015_1,Subpallium GABA-Glut,CN GABA-Glut,CN GABA-Glut,GPi Shell,Marmoset-859,Marmoset-859,CL:0000003,P0015_1,cjNutmeg,10x multiome,EFO:0030059,Marmoset,NCBI:txid9483,Adult,Brain,Brain,unknown,unknown,unknown,unknown,unknown,unknown,normal,PATO:0000461,nucleus,True,231117,LPLCXR_231117_1,LPLCXR_231117_1_A8,479,12,1123.5,BR_PXR_231212_1,231117,LPLCXA_231117_1,LPLCXA_231117_1_C3,380,7,170.6,BR_PXA_231212_1,SI-TT-A8_i7,SI-TT-A8_b(i5),SI-NA-C3,55541,8234,0.0962191894650459,Callithrix jacchus,CS20250428_GROUP_0016,Interneuron,,GPi Shell,62,Wallace et al. 2017,GPi Shell,,,#642265,,CS20250428_SUBCL_0014,,CN|GABA|Glut,36,#d2599a,,CS20250428_CLASS_0002,,CN|GABA|Glut,12,#1c8d83,,CS20250428_NEIGH_0003,,Subpallium|GABA|Glut,4,#7e1d19,,CGAGGCAAGGAAGCAC,P0015_1,240110,Princeton
CATCCTCAGTTAGGCT-P0015_1,Subpallium GABA,CN MGE GABA,STR RSPO2 GABA,STR SST-RSPO2 GABA,Marmoset-929,Marmoset-929,CL:0000003,P0015_1,cjNutmeg,10x multiome,EFO:0030059,Marmoset,NCBI:txid9483,Adult,Brain,Brain,unknown,unknown,unknown,unknown,unknown,unknown,normal,PATO:0000461,nucleus,True,231117,LPLCXR_231117_1,LPLCXR_231117_1_A8,479,12,1123.5,BR_PXR_231212_1,231117,LPLCXA_231117_1,LPLCXA_231117_1_C3,380,7,170.6,BR_PXA_231212_1,SI-TT-A8_i7,SI-TT-A8_b(i5),SI-NA-C3,63068,8013,0.140959993004799,Callithrix jacchus,CS20250428_GROUP_0044,Interneuron,,STR|SST|RSPO2|GABA,31,,,,,#7f7f7f,,CS20250428_SUBCL_0031,,STR|RSPO2|GABA,21,#5b0e63,,CS20250428_CLASS_0005,,CN|MGE|GABA,7,#ce4c27,,CS20250428_NEIGH_0002,,Subpallium|GABA,3,#19613b,,CATCCTCAGTTAGGCT,P0015_1,240110,Princeton
AGGTCAAAGGAGGGTT-P0015_1,Subpallium GABA,CN MGE GABA,STR RSPO2 GABA,STR LYPD6-RSPO2 GABA,Marmoset-953,Marmoset-953,CL:0000003,P0015_1,cjNutmeg,10x multiome,EFO:0030059,Marmoset,NCBI:txid9483,Adult,Brain,Brain,unknown,unknown,unknown,unknown,unknown,unknown,normal,PATO:0000461,nucleus,True,231117,LPLCXR_231117_1,LPLCXR_231117_1_A8,479,12,1123.5,BR_PXR_231212_1,231117,LPLCXA_231117_1,LPLCXA_231117_1_C3,380,7,170.6,BR_PXA_231212_1,SI-TT-A8_i7,SI-TT-A8_b(i5),SI-NA-C3,45545,7904,0.022156773135066,Callithrix jacchus,CS20250428_GROUP_0041,Interneuron,,STR|LYPD6|RSPO2|GABA,32,,,,,#a9f266,,CS20250428_SUBCL_0031,,STR|RSPO2|GABA,21,#5b0e63,,CS20250428_CLASS_0005,,CN|MGE|GABA,7,#ce4c27,,CS20250428_NEIGH_0002,,Subpallium|GABA,3,#19613b,,AGGTCAAAGGAGGGTT,P0015_1,240110,Princeton
GCCATTACAAACGGGC-P0015_1,Subpallium GABA,CN MGE GABA,STR RSPO2 GABA,STR LYPD6-RSPO2 GABA,Marmoset-946,Marmoset-946,CL:0000003,P0015_1,cjNutmeg,10x multiome,EFO:0030059,Marmoset,NCBI:txid9483,Adult,Brain,Brain,unknown,unknown,unknown,unknown,unknown,unknown,normal,PATO:0000461,nucleus,True,231117,LPLCXR_231117_1,LPLCXR_231117_1_A8,479,12,1123.5,BR_PXR_231212_1,231117,LPLCXA_231117_1,LPLCXA_231117_1_C3,380,7,170.6,BR_PXA_231212_1,SI-TT-A8_i7,SI-TT-A8_b(i5),SI-NA-C3,37071,7876,0.0552880838513374,Callithrix jacchus,CS20250428_GROUP_0041,Interneuron,,STR|LYPD6|RSPO2|GABA,32,,,,,#a9f266,,CS20250428_SUBCL_0031,,STR|RSPO2|GABA,21,#5b0e63,,CS20250428_CLASS_0005,,CN|MGE|GABA,7,#ce4c27,,CS20250428_NEIGH_0002,,Subpallium|GABA,3,#19613b,,GCCATTACAAACGGGC,P0015_1,240110,Princeton
ATTCACTTCACTTTAC-P0015_1,Subpallium GABA,CN MGE GABA,STR RSPO2 GABA,STR SST-RSPO2 GABA,Marmoset-954,Marmoset-954,CL:0000003,P0015_1,cjNutmeg,10x multiome,EFO:0030059,Marmoset,NCBI:txid9483,Adult,Brain,Brain,unknown,unknown,unknown,unknown,unknown,unknown,normal,PATO:0000461,nucleus,True,231117,LPLCXR_231117_1,LPLCXR_231117_1_A8,479,12,1123.5,BR_PXR_231212_1,231117,LPLCXA_231117_1,LPLCXA_231117_1_C3,380,7,170.6,BR_PXA_231212_1,SI-TT-A8_i7,SI-TT-A8_b(i5),SI-NA-C3,50598,8608,0.0122741432860494,Callithrix jacchus,CS20250428_GROUP_0044,Interneuron,,STR|SST|RSPO2|GABA,31,,,,,#7f7f7f,,CS20250428_SUBCL_0031,,STR|RSPO2|GABA,21,#5b0e63,,CS20250428_CLASS_0005,,CN|MGE|GABA,7,#ce4c27,,CS20250428_NEIGH_0002,,Subpallium|GABA,3,#19613b,,ATTCACTTCACTTTAC,P0015_1,240110,Princeton
GCCTTTATCTATTGTC-P0015_1,Subpallium GABA,CN CGE GABA,CN VIP GABA,VIP GABA,Marmoset-331,Marmoset-331,CL:0000003,P0015_1,cjNutmeg,10x multiome,EFO:0030059,Marmoset,NCBI:txid9483,Adult,Brain,Brain,unknown,unknown,unknown,unknown,unknown,unknown,normal,PATO:0000461,nucleus,True,231117,LPLCXR_231117_1,LPLCXR_231117_1_A8,479,12,1123.5,BR_PXR_231212_1,231117,LPLCXA_231117_1,LPLCXA_231117_1_C3,380,7,170.6,BR_PXA_231212_1,SI-TT-A8_i7,SI-TT-A8_b(i5),SI-NA-C3,39573,7377,0.0086359605193138,Callithrix jacchus,CS20250428_GROUP_0047,Interneuron,Need to Create a PR,VIP|GABA,37,Krienen et al. 2020,VIP,,VIP,#fc2b80,,CS20250428_SUBCL_0009,,CN|VIP|GABA,24,#1bc06a,,CS20250428_CLASS_0001,,CN|CGE|GABA,8,#26e8bb,,CS20250428_NEIGH_0002,,Subpallium|GABA,3,#19613b,,GCCTTTATCTATTGTC,P0015_1,240110,Princeton
TTTCACCCAGGAACTG-P0015_1,Subpallium GABA-Glut,CN GABA-Glut,CN GABA-Glut,GPi Shell,Marmoset-861,Marmoset-861,CL:0000003,P0015_1,cjNutmeg,10x multiome,EFO:0030059,Marmoset,NCBI:txid9483,Adult,Brain,Brain,unknown,unknown,unknown,unknown,unknown,unknown,normal,PATO:0000461,nucleus,True,231117,LPLCXR_231117_1,LPLCXR_231117_1_A8,479,12,1123.5,BR_PXR_231212_1,231117,LPLCXA_231117_1,LPLCXA_231117_1_C3,380,7,170.6,BR_PXA_231212_1,SI-TT-A8_i7,SI-TT-A8_b(i5),SI-NA-C3,42528,8832,0.0028910334222018,Callithrix jacchus,CS20250428_GROUP_0016,Interneuron,,GPi Shell,62,Wallace et al. 2017,GPi Shell,,,#642265,,CS20250428_SUBCL_0014,,CN|GABA|Glut,36,#d2599a,,CS20250428_CLASS_0002,,CN|GABA|Glut,12,#1c8d83,,CS20250428_NEIGH_0003,,Subpallium|GABA|Glut,4,#7e1d19,,TTTCACCCAGGAACTG,P0015_1,240110,Princeton
TACGCTTGTCACAAAT-P0015_1,Subpallium GABA,CN MGE GABA,STR SST GABA,STR SST-ADARB2 GABA,Marmoset-740,Marmoset-740,CL:0000003,P0015_1,cjNutmeg,10x multiome,EFO:0030059,Marmoset,NCBI:txid9483,Adult,Brain,Brain,unknown,unknown,unknown,unknown,unknown,unknown,normal,PATO:0000461,nucleus,True,231117,LPLCXR_231117_1,LPLCXR_231117_1_A8,479,12,1123.5,BR_PXR_231212_1,231117,LPLCXA_231117_1,LPLCXA_231117_1_C3,380,7,170.6,BR_PXA_231212_1,SI-TT-A8_i7,SI-TT-A8_b(i5),SI-NA-C3,41263,7276,0.0531235300004482,Callithrix jacchus,CS20250428_GROUP_0042,Interneuron,,STR|SST|ADARB2|GABA,30,,,,,#cfebed,,CS20250428_SUBCL_0032,,STR|SST|GABA,20,#ed8d40,,CS20250428_CLASS_0005,,CN|MGE|GABA,7,#ce4c27,,CS20250428_NEIGH_0002,,Subpallium|GABA,3,#19613b,,TACGCTTGTCACAAAT,P0015_1,240110,Princeton
GCTGCATCAGCCTGCA-P0015_1,Subpallium GABA,F M GABA,CN LHX8 GABA,GPe-NDB-SI LHX6-LHX8-GBX1 GABA,Marmoset-790,Marmoset-790,CL:0000003,P0015_1,cjNutmeg,10x multiome,EFO:0030059,Marmoset,NCBI:txid9483,Adult,Brain,Brain,unknown,unknown,unknown,unknown,unknown,unknown,normal,PATO:0000461,nucleus,True,231117,LPLCXR_231117_1,LPLCXR_231117_1_A8,479,12,1123.5,BR_PXR_231212_1,231117,LPLCXA_231117_1,LPLCXA_231117_1_C3,380,7,170.6,BR_PXA_231212_1,SI-TT-A8_i7,SI-TT-A8_b(i5),SI-NA-C3,37590,6691,0.0002772165171336,Callithrix jacchus,CS20250428_GROUP_0020,Interneuron,,GPe|NDB|SI|LHX6|LHX8|GBX1|GABA,39,,,,,#653614,,CS20250428_SUBCL_0005,,CN|LHX8|GABA,25,#caf28b,,CS20250428_CLASS_0006,,F|M|GABA,9,#cd0f13,,CS20250428_NEIGH_0002,,Subpallium|GABA,3,#19613b,,GCTGCATCAGCCTGCA,P0015_1,240110,Princeton
CACCAACCAGGGAGCT-P0015_1,Subpallium GABA,F M GABA,F GABA,ZI-HTH GABA,Marmoset-1508,Marmoset-1508,CL:0000003,P0015_1,cjNutmeg,10x multiome,EFO:0030059,Marmoset,NCBI:txid9483,Adult,Brain,Brain,unknown,unknown,unknown,unknown,unknown,unknown,normal,PATO:0000461,nucleus,True,231117,LPLCXR_231117_1,LPLCXR_231117_1_A8,479,12,1123.5,BR_PXR_231212_1,231117,LPLCXA_231117_1,LPLCXA_231117_1_C3,380,7,170.6,BR_PXA_231212_1,SI-TT-A8_i7,SI-TT-A8_b(i5),SI-NA-C3,41136,8030,0.0915393456816673,Callithrix jacchus,CS20250428_GROUP_0063,Interneuron,,ZI|HTH|GABA,46,,,,,#c49c94,,CS20250428_SUBCL_0037,,F|GABA,29,#7ba2df,,CS20250428_CLASS_0006,,F|M|GABA,9,#cd0f13,,CS20250428_NEIGH_0002,,Subpallium|GABA,3,#19613b,,CACCAACCAGGGAGCT,P0015_1,240110,Princeton
TTAGAAGCATTTAAGC-P0015_1,Subpallium GABA,F M GABA,CN LHX8 GABA,GPe-NDB-SI LHX6-LHX8-GBX1 GABA,Marmoset-792,Marmoset-792,CL:0000003,P0015_1,cjNutmeg,10x multiome,EFO:0030059,Marmoset,NCBI:txid9483,Adult,Brain,Brain,unknown,unknown,unknown,unknown,unknown,unknown,normal,PATO:0000461,nucleus,True,231117,LPLCXR_231117_1,LPLCXR_231117_1_A8,479,12,1123.5,BR_PXR_231212_1,231117,LPLCXA_231117_1,LPLCXA_231117_1_C3,380,7,170.6,BR_PXA_231212_1,SI-TT-A8_i7,SI-TT-A8_b(i5),SI-NA-C3,29896,7405,0.0363279655575752,Callithrix jacchus,CS20250428_GROUP_0020,Interneuron,,GPe|NDB|SI|LHX6|LHX8|GBX1|GABA,39,,,,,#653614,,CS20250428_SUBCL_0005,,CN|LHX8|GABA,25,#caf28b,,CS20250428_CLASS_0006,,F|M|GABA,9,#cd0f13,,CS20250428_NEIGH_0002,,Subpallium|GABA,3,#19613b,,TTAGAAGCATTTAAGC,P0015_1,240110,Princeton
AAATCCGGTGATGATT-P0015_1,Subpallium GABA,F M GABA,F GABA,ZI-HTH GABA,Marmoset-1513,Marmoset-1513,CL:0000003,P0015_1,cjNutmeg,10x multiome,EFO:0030059,Marmoset,NCBI:txid9483,Adult,Brain,Brain,unknown,unknown,unknown,unknown,unknown,unknown,normal,PATO:0000461,nucleus,True,231117,LPLCXR_231117_1,LPLCXR_231117_1_A8,479,12,1123.5,BR_PXR_231212_1,231117,LPLCXA_231117_1,LPLCXA_231117_1_C3,380,7,170.6,BR_PXA_231212_1,SI-TT-A8_i7,SI-TT-A8_b(i5),SI-NA-C3,33978,8348,0.000510839454364,Callithrix jacchus,CS20250428_GROUP_0063,Interneuron,,ZI|HTH|GABA,46,,,,,#c49c94,,CS20250428_SUBCL_0037,,F|GABA,29,#7ba2df,,CS20250428_CLASS_0006,,F|M|GABA,9,#cd0f13,,CS20250428_NEIGH_0002,,Subpallium|GABA,3,#19613b,,AAATCCGGTGATGATT,P0015_1,240110,Princeton
CTTGTTCCACAACAGG-P0015_1,Subpallium GABA,CN MGE GABA,STR RSPO2 GABA,STR SST-RSPO2 GABA,Marmoset-930,Marmoset-930,CL:0000003,P0015_1,cjNutmeg,10x multiome,EFO:0030059,Marmoset,NCBI:txid9483,Adult,Brain,Brain,unknown,unknown,unknown,unknown,unknown,unknown,normal,PATO:0000461,nucleus,True,231117,LPLCXR_231117_1,LPLCXR_231117_1_A8,479,12,1123.5,BR_PXR_231212_1,231117,LPLCXA_231117_1,LPLCXA_231117_1_C3,380,7,170.6,BR_PXA_231212_1,SI-TT-A8_i7,SI-TT-A8_b(i5),SI-NA-C3,29143,7067,0.0018375961808487,Callithrix jacchus,CS20250428_GROUP_0044,Interneuron,,STR|SST|RSPO2|GABA,31,,,,,#7f7f7f,,CS20250428_SUBCL_0031,,STR|RSPO2|GABA,21,#5b0e63,,CS20250428_CLASS_0005,,CN|MGE|GABA,7,#ce4c27,,CS20250428_NEIGH_0002,,Subpallium|GABA,3,#19613b,,CTTGTTCCACAACAGG,P0015_1,240110,Princeton
GGATGGCCATTAGCCA-P0015_1,Glut Sero Dopa,F M Glut,F Glut,STH PVALB-PITX2 Glut,Marmoset-1479,Marmoset-1479,CL:0000003,P0015_1,cjNutmeg,10x multiome,EFO:0030059,Marmoset,NCBI:txid9483,Adult,Brain,Brain,unknown,unknown,unknown,unknown,unknown,unknown,normal,PATO:0000461,nucleus,True,231117,LPLCXR_231117_1,LPLCXR_231117_1_A8,479,12,1123.5,BR_PXR_231212_1,231117,LPLCXA_231117_1,LPLCXA_231117_1_C3,380,7,170.6,BR_PXA_231212_1,SI-TT-A8_i7,SI-TT-A8_b(i5),SI-NA-C3,43267,7801,0.198694363236427,Callithrix jacchus,CS20250428_GROUP_0038,Interneuron,,STH|PVALB|PITX2|Glut,18,Yao et al. 2023,,,,#f57e20,,CS20250428_SUBCL_0013,PR 2771,F|Glut,14,#39e1e2,,CS20250428_CLASS_0007,,F|M|Glut,5,#7d0f09,,CS20250428_NEIGH_0000,PR 2579,Glut|Sero|Dopa,2,#91f4bb,,GGATGGCCATTAGCCA,P0015_1,240110,Princeton
CCTTATGTCAATAGCC-P0015_1,Glut Sero Dopa,F M Glut,F M Glut,VTR-HTH Glut,Marmoset-1480,Marmoset-1480,CL:0000003,P0015_1,cjNutmeg,10x multiome,EFO:0030059,Marmoset,NCBI:txid9483,Adult,Brain,Brain,unknown,unknown,unknown,unknown,unknown,unknown,normal,PATO:0000461,nucleus,True,231117,LPLCXR_231117_1,LPLCXR_231117_1_A8,479,12,1123.5,BR_PXR_231212_1,231117,LPLCXA_231117_1,LPLCXA_231117_1_C3,380,7,170.6,BR_PXA_231212_1,SI-TT-A8_i7,SI-TT-A8_b(i5),SI-NA-C3,30356,7390,0.000182943418622,Callithrix jacchus,CS20250428_GROUP_0064,Interneuron,,VTR|HTH|Glut,21,,,,SLC17A6,#54621f,,CS20250428_SUBCL_0017,PR 2771,F|M|Glut,15,#66750b,,CS20250428_CLASS_0007,,F|M|Glut,5,#7d0f09,,CS20250428_NEIGH_0000,PR 2579,Glut|Sero|Dopa,2,#91f4bb,,CCTTATGTCAATAGCC,P0015_1,240110,Princeton
CTATTCAGTAATCGCA-P0015_1,Subpallium GABA,F M GABA,F GABA,ZI-HTH GABA,Marmoset-1515,Marmoset-1515,CL:0000003,P0015_1,cjNutmeg,10x multiome,EFO:0030059,Marmoset,NCBI:txid9483,Adult,Brain,Brain,unknown,unknown,unknown,unknown,unknown,unknown,normal,PATO:0000461,nucleus,True,231117,LPLCXR_231117_1,LPLCXR_231117_1_A8,479,12,1123.5,BR_PXR_231212_1,231117,LPLCXA_231117_1,LPLCXA_231117_1_C3,380,7,170.6,BR_PXA_231212_1,SI-TT-A8_i7,SI-TT-A8_b(i5),SI-NA-C3,20208,6090,0.0042697181925177,Callithrix jacchus,CS20250428_GROUP_0063,Interneuron,,ZI|HTH|GABA,46,,,,,#c49c94,,CS20250428_SUBCL_0037,,F|GABA,29,#7ba2df,,CS20250428_CLASS_0006,,F|M|GABA,9,#cd0f13,,CS20250428_NEIGH_0002,,Subpallium|GABA,3,#19613b,,CTATTCAGTAATCGCA,P0015_1,240110,Princeton
TGACCTTGTTTAACCC-P0015_1,Subpallium GABA,CN CGE GABA,CN VIP GABA,VIP GABA,Marmoset-314,Marmoset-314,CL:0000003,P0015_1,cjNutmeg,10x multiome,EFO:0030059,Marmoset,NCBI:txid9483,Adult,Brain,Brain,unknown,unknown,unknown,unknown,unknown,unknown,normal,PATO:0000461,nucleus,True,231117,LPLCXR_231117_1,LPLCXR_231117_1_A8,479,12,1123.5,BR_PXR_231212_1,231117,LPLCXA_231117_1,LPLCXA_231117_1_C3,380,7,170.6,BR_PXA_231212_1,SI-TT-A8_i7,SI-TT-A8_b(i5),SI-NA-C3,12650,4337,0.0051289526745677,Callithrix jacchus,CS20250428_GROUP_0047,Interneuron,Need to Create a PR,VIP|GABA,37,Krienen et al. 2020,VIP,,VIP,#fc2b80,,CS20250428_SUBCL_0009,,CN|VIP|GABA,24,#1bc06a,,CS20250428_CLASS_0001,,CN|CGE|GABA,8,#26e8bb,,CS20250428_NEIGH_0002,,Subpallium|GABA,3,#19613b,,TGACCTTGTTTAACCC,P0015_1,240110,Princeton
TACCAGGTCACGAATC-P0015_1,Subpallium GABA,CN MGE GABA,STR RSPO2 GABA,STR SST-RSPO2 GABA,Marmoset-948,Marmoset-948,CL:0000003,P0015_1,cjNutmeg,10x multiome,EFO:0030059,Marmoset,NCBI:txid9483,Adult,Brain,Brain,unknown,unknown,unknown,unknown,unknown,unknown,normal,PATO:0000461,nucleus,True,231117,LPLCXR_231117_1,LPLCXR_231117_1_A8,479,12,1123.5,BR_PXR_231212_1,231117,LPLCXA_231117_1,LPLCXA_231117_1_C3,380,7,170.6,BR_PXA_231212_1,SI-TT-A8_i7,SI-TT-A8_b(i5),SI-NA-C3,14585,4679,0.0011214141268283,Callithrix jacchus,CS20250428_GROUP_0044,Interneuron,,STR|SST|RSPO2|GABA,31,,,,,#7f7f7f,,CS20250428_SUBCL_0031,,STR|RSPO2|GABA,21,#5b0e63,,CS20250428_CLASS_0005,,CN|MGE|GABA,7,#ce4c27,,CS20250428_NEIGH_0002,,Subpallium|GABA,3,#19613b,,TACCAGGTCACGAATC,P0015_1,240110,Princeton
CAAGGGAGTCATAAGT-P0015_1,Subpallium GABA,F M GABA,F GABA,ZI-HTH GABA,Marmoset-1516,Marmoset-1516,CL:0000003,P0015_1,cjNutmeg,10x multiome,EFO:0030059,Marmoset,NCBI:txid9483,Adult,Brain,Brain,unknown,unknown,unknown,unknown,unknown,unknown,normal,PATO:0000461,nucleus,True,231117,LPLCXR_231117_1,LPLCXR_231117_1_A8,479,12,1123.5,BR_PXR_231212_1,231117,LPLCXA_231117_1,LPLCXA_231117_1_C3,380,7,170.6,BR_PXA_231212_1,SI-TT-A8_i7,SI-TT-A8_b(i5),SI-NA-C3,16639,5866,0.0005119037814438,Callithrix jacchus,CS20250428_GROUP_0063,Interneuron,,ZI|HTH|GABA,46,,,,,#c49c94,,CS20250428_SUBCL_0037,,F|GABA,29,#7ba2df,,CS20250428_CLASS_0006,,F|M|GABA,9,#cd0f13,,CS20250428_NEIGH_0002,,Subpallium|GABA,3,#19613b,,CAAGGGAGTCATAAGT,P0015_1,240110,Princeton
CGTGACATCAATTGGC-P0015_2,Subpallium GABA,F M GABA,F GABA,ZI-HTH GABA,Marmoset-1511,Marmoset-1511,CL:0000003,P0015_2,cjNutmeg,10x multiome,EFO:0030059,Marmoset,NCBI:txid9483,Adult,Brain,Brain,unknown,unknown,unknown,unknown,unknown,unknown,normal,PATO:0000461,nucleus,True,231117,LPLCXR_231117_1,LPLCXR_231117_1_B8,486,12,1218,BR_PXR_231212_1,231117,LPLCXA_231117_1,LPLCXA_231117_1_D3,373,7,184.4,BR_PXA_231212_1,SI-TT-B8_i7,SI-TT-B8_b(i5),SI-NA-D3,84748,9775,0.357312262058258,Callithrix jacchus,CS20250428_GROUP_0063,Interneuron,,ZI|HTH|GABA,46,,,,,#c49c94,,CS20250428_SUBCL_0037,,F|GABA,29,#7ba2df,,CS20250428_CLASS_0006,,F|M|GABA,9,#cd0f13,,CS20250428_NEIGH_0002,,Subpallium|GABA,3,#19613b,,CGTGACATCAATTGGC,P0015_2,240110,Princeton
TGGAACAAGCCTCTCG-P0015_2,Subpallium GABA,F M GABA,CN LHX8 GABA,GPe-NDB-SI LHX6-LHX8-GBX1 GABA,Marmoset-787,Marmoset-787,CL:0000003,P0015_2,cjNutmeg,10x multiome,EFO:0030059,Marmoset,NCBI:txid9483,Adult,Brain,Brain,unknown,unknown,unknown,unknown,unknown,unknown,normal,PATO:0000461,nucleus,True,231117,LPLCXR_231117_1,LPLCXR_231117_1_B8,486,12,1218,BR_PXR_231212_1,231117,LPLCXA_231117_1,LPLCXA_231117_1_D3,373,7,184.4,BR_PXA_231212_1,SI-TT-B8_i7,SI-TT-B8_b(i5),SI-NA-D3,27738,7376,0.0189942326396704,Callithrix jacchus,CS20250428_GROUP_0020,Interneuron,,GPe|NDB|SI|LHX6|LHX8|GBX1|GABA,39,,,,,#653614,,CS20250428_SUBCL_0005,,CN|LHX8|GABA,25,#caf28b,,CS20250428_CLASS_0006,,F|M|GABA,9,#cd0f13,,CS20250428_NEIGH_0002,,Subpallium|GABA,3,#19613b,,TGGAACAAGCCTCTCG,P0015_2,240110,Princeton
ACGTTGTAGGCAGGTG-P0015_2,Subpallium GABA,F M GABA,F GABA,ZI-HTH GABA,Marmoset-1514,Marmoset-1514,CL:0000003,P0015_2,cjNutmeg,10x multiome,EFO:0030059,Marmoset,NCBI:txid9483,Adult,Brain,Brain,unknown,unknown,unknown,unknown,unknown,unknown,normal,PATO:0000461,nucleus,True,231117,LPLCXR_231117_1,LPLCXR_231117_1_B8,486,12,1218,BR_PXR_231212_1,231117,LPLCXA_231117_1,LPLCXA_231117_1_D3,373,7,184.4,BR_PXA_231212_1,SI-TT-B8_i7,SI-TT-B8_b(i5),SI-NA-D3,17876,6145,0.0003910269297193,Callithrix jacchus,CS20250428_GROUP_0063,Interneuron,,ZI|HTH|GABA,46,,,,,#c49c94,,CS20250428_SUBCL_0037,,F|GABA,29,#7ba2df,,CS20250428_CLASS_0006,,F|M|GABA,9,#cd0f13,,CS20250428_NEIGH_0002,,Subpallium|GABA,3,#19613b,,ACGTTGTAGGCAGGTG,P0015_2,240110,Princeton
ATCAATCCAGCTTAGC-P0015_2,Subpallium GABA,F M GABA,F GABA,ZI-HTH GABA,Marmoset-1520,Marmoset-1520,CL:0000003,P0015_2,cjNutmeg,10x multiome,EFO:0030059,Marmoset,NCBI:txid9483,Adult,Brain,Brain,unknown,unknown,unknown,unknown,unknown,unknown,normal,PATO:0000461,nucleus,True,231117,LPLCXR_231117_1,LPLCXR_231117_1_B8,486,12,1218,BR_PXR_231212_1,231117,LPLCXA_231117_1,LPLCXA_231117_1_D3,373,7,184.4,BR_PXA_231212_1,SI-TT-B8_i7,SI-TT-B8_b(i5),SI-NA-D3,20881,6338,0.176234260201454,Callithrix jacchus,CS20250428_GROUP_0063,Interneuron,,ZI|HTH|GABA,46,,,,,#c49c94,,CS20250428_SUBCL_0037,,F|GABA,29,#7ba2df,,CS20250428_CLASS_0006,,F|M|GABA,9,#cd0f13,,CS20250428_NEIGH_0002,,Subpallium|GABA,3,#19613b,,ATCAATCCAGCTTAGC,P0015_2,240110,Princeton
CAGGTTTAGGCTATGT-P0015_2,Subpallium GABA,F M GABA,F M GATA3 GABA,SN-VTR-HTH GATA3-TCF7L2 GABA,Marmoset-1408,Marmoset-1408,CL:0000003,P0015_2,cjNutmeg,10x multiome,EFO:0030059,Marmoset,NCBI:txid9483,Adult,Brain,Brain,unknown,unknown,unknown,unknown,unknown,unknown,normal,PATO:0000461,nucleus,True,231117,LPLCXR_231117_1,LPLCXR_231117_1_B8,486,12,1218,BR_PXR_231212_1,231117,LPLCXA_231117_1,LPLCXA_231117_1_D3,373,7,184.4,BR_PXA_231212_1,SI-TT-B8_i7,SI-TT-B8_b(i5),SI-NA-D3,31448,6112,0.158928051590919,Callithrix jacchus,CS20250428_GROUP_0037,Interneuron,,SN|VTR|HTH|GATA3|TCF7L2|GABA,43,,,,,#1dbfcf,,CS20250428_SUBCL_0016,,F|M|GATA3|GABA,27,#311a96,,CS20250428_CLASS_0006,,F|M|GABA,9,#cd0f13,,CS20250428_NEIGH_0002,,Subpallium|GABA,3,#19613b,,CAGGTTTAGGCTATGT,P0015_2,240110,Princeton
CTTTCTTGTAATCCCT-P0018_1,Subpallium GABA,F M GABA,SN PAX7 GABA,SN SEMA5A GABA,Marmoset-1426,Marmoset-1426,CL:0000003,P0018_1,cjNutmeg,10x multiome,EFO:0030059,Marmoset,NCBI:txid9483,Adult,Brain,Brain,unknown,unknown,unknown,unknown,unknown,unknown,normal,PATO:0000461,nucleus,True,231206,LPLCXR_231206_1,LPLCXR_231206_1_C8,623,11,563.5,BR_PXR_231212_1,231206,LPRNXA_231206_1,LPRNXA_231206_1_E3,391,7,435.4,BR_PXA_231212_1,SI-TT-C8_i7,SI-TT-C8_b(i5),SI-NA-E3,18130,4492,0.106041416525841,Callithrix jacchus,CS20250428_GROUP_0034,Interneuron,,SN|SEMA5A|GABA,45,,,,,#3604fb,,CS20250428_SUBCL_0026,,SN|PAX7|GABA,28,#720a7d,,CS20250428_CLASS_0006,,F|M|GABA,9,#cd0f13,,CS20250428_NEIGH_0002,,Subpallium|GABA,3,#19613b,,CTTTCTTGTAATCCCT,P0018_1,240110,Princeton
TGCTCACTCATCCTCA-P0018_1,Nonneuron,Astro-Epen,Astrocyte,Astrocyte,Marmoset-514,Marmoset-514,CL:0000003,P0018_1,cjNutmeg,10x multiome,EFO:0030059,Marmoset,NCBI:txid9483,Adult,Brain,Brain,unknown,unknown,unknown,unknown,unknown,unknown,normal,PATO:0000461,nucleus,True,231206,LPLCXR_231206_1,LPLCXR_231206_1_C8,623,11,563.5,BR_PXR_231212_1,231206,LPRNXA_231206_1,LPRNXA_231206_1_E3,391,7,435.4,BR_PXA_231212_1,SI-TT-C8_i7,SI-TT-C8_b(i5),SI-NA-E3,9099,3461,0.32108274102211,Callithrix jacchus,CS20250428_GROUP_0039,Nonneuron,CL:0000127,Astrocyte,1,Yao et al. 2023,,,,#e16c95,,CS20250428_SUBCL_0000,CL:0000127,Astrocyte,1,#604f15,,CS20250428_CLASS_0000,CL:0000125,Astro|Epen,1,#6ec0da,,CS20250428_NEIGH_0001,CL:0000000,Nonneuron,1,#f2ca7d,,TGCTCACTCATCCTCA,P0018_1,240110,Princeton
TCATACTTCATCGTTT-P0018_1,Nonneuron,Astro-Epen,Astrocyte,Astrocyte,Marmoset-509,Marmoset-509,CL:0000003,P0018_1,cjNutmeg,10x multiome,EFO:0030059,Marmoset,NCBI:txid9483,Adult,Brain,Brain,unknown,unknown,unknown,unknown,unknown,unknown,normal,PATO:0000461,nucleus,True,231206,LPLCXR_231206_1,LPLCXR_231206_1_C8,623,11,563.5,BR_PXR_231212_1,231206,LPRNXA_231206_1,LPRNXA_231206_1_E3,391,7,435.4,BR_PXA_231212_1,SI-TT-C8_i7,SI-TT-C8_b(i5),SI-NA-E3,8896,3272,0.397946685552597,Callithrix jacchus,CS20250428_GROUP_0039,Nonneuron,CL:0000127,Astrocyte,1,Yao et al. 2023,,,,#e16c95,,CS20250428_SUBCL_0000,CL:0000127,Astrocyte,1,#604f15,,CS20250428_CLASS_0000,CL:0000125,Astro|Epen,1,#6ec0da,,CS20250428_NEIGH_0001,CL:0000000,Nonneuron,1,#f2ca7d,,TCATACTTCATCGTTT,P0018_1,240110,Princeton
TAGCCTTGTAGCCTCC-P0018_1,Subpallium GABA,F M GABA,SN PAX7 GABA,SN SEMA5A GABA,Marmoset-1423,Marmoset-1423,CL:0000003,P0018_1,cjNutmeg,10x multiome,EFO:0030059,Marmoset,NCBI:txid9483,Adult,Brain,Brain,unknown,unknown,unknown,unknown,unknown,unknown,normal,PATO:0000461,nucleus,True,231206,LPLCXR_231206_1,LPLCXR_231206_1_C8,623,11,563.5,BR_PXR_231212_1,231206,LPRNXA_231206_1,LPRNXA_231206_1_E3,391,7,435.4,BR_PXA_231212_1,SI-TT-C8_i7,SI-TT-C8_b(i5),SI-NA-E3,8815,3448,0.303911328315735,Callithrix jacchus,CS20250428_GROUP_0034,Interneuron,,SN|SEMA5A|GABA,45,,,,,#3604fb,,CS20250428_SUBCL_0026,,SN|PAX7|GABA,28,#720a7d,,CS20250428_CLASS_0006,,F|M|GABA,9,#cd0f13,,CS20250428_NEIGH_0002,,Subpallium|GABA,3,#19613b,,TAGCCTTGTAGCCTCC,P0018_1,240110,Princeton
CTCTGTTCATCACAGC-P0018_1,Nonneuron,Astro-Epen,Astrocyte,Astrocyte,Marmoset-519,Marmoset-519,CL:0000003,P0018_1,cjNutmeg,10x multiome,EFO:0030059,Marmoset,NCBI:txid9483,Adult,Brain,Brain,unknown,unknown,unknown,unknown,unknown,unknown,normal,PATO:0000461,nucleus,True,231206,LPLCXR_231206_1,LPLCXR_231206_1_C8,623,11,563.5,BR_PXR_231212_1,231206,LPRNXA_231206_1,LPRNXA_231206_1_E3,391,7,435.4,BR_PXA_231212_1,SI-TT-C8_i7,SI-TT-C8_b(i5),SI-NA-E3,7486,3406,0.507539749145508,Callithrix jacchus,CS20250428_GROUP_0039,Nonneuron,CL:0000127,Astrocyte,1,Yao et al. 2023,,,,#e16c95,,CS20250428_SUBCL_0000,CL:0000127,Astrocyte,1,#604f15,,CS20250428_CLASS_0000,CL:0000125,Astro|Epen,1,#6ec0da,,CS20250428_NEIGH_0001,CL:0000000,Nonneuron,1,#f2ca7d,,CTCTGTTCATCACAGC,P0018_1,240110,Princeton
GGCCTTCGTCAGGAAG-P0018_1,Subpallium GABA,F M GABA,SN PAX7 GABA,SN EBF2 GABA,Marmoset-1424,Marmoset-1424,CL:0000003,P0018_1,cjNutmeg,10x multiome,EFO:0030059,Marmoset,NCBI:txid9483,Adult,Brain,Brain,unknown,unknown,unknown,unknown,unknown,unknown,normal,PATO:0000461,nucleus,True,231206,LPLCXR_231206_1,LPLCXR_231206_1_C8,623,11,563.5,BR_PXR_231212_1,231206,LPRNXA_231206_1,LPRNXA_231206_1_E3,391,7,435.4,BR_PXA_231212_1,SI-TT-C8_i7,SI-TT-C8_b(i5),SI-NA-E3,6300,2939,0.0315993018448353,Callithrix jacchus,CS20250428_GROUP_0030,Interneuron,,SN|EBF2|GABA,44,,,,,#c8df45,,CS20250428_SUBCL_0026,,SN|PAX7|GABA,28,#720a7d,,CS20250428_CLASS_0006,,F|M|GABA,9,#cd0f13,,CS20250428_NEIGH_0002,,Subpallium|GABA,3,#19613b,,GGCCTTCGTCAGGAAG,P0018_1,240110,Princeton
CCTCCTCTCTCACAAA-P0018_2,Subpallium GABA,F M GABA,F M GATA3 GABA,SN-VTR-HTH GATA3-TCF7L2 GABA,Marmoset-1395,Marmoset-1395,CL:0000003,P0018_2,cjNutmeg,10x multiome,EFO:0030059,Marmoset,NCBI:txid9483,Adult,Brain,Brain,unknown,unknown,unknown,unknown,unknown,unknown,normal,PATO:0000461,nucleus,True,231206,LPLCXR_231206_1,LPLCXR_231206_1_D8,543,13,878.5,BR_PXR_231212_1,231206,LPRNXA_231206_1,LPRNXA_231206_1_F3,378,7,252.62,BR_PXA_231212_1,SI-TT-D8_i7,SI-TT-D8_b(i5),SI-NA-F3,43513,7295,1.44400491990382e-05,Callithrix jacchus,CS20250428_GROUP_0037,Interneuron,,SN|VTR|HTH|GATA3|TCF7L2|GABA,43,,,,,#1dbfcf,,CS20250428_SUBCL_0016,,F|M|GATA3|GABA,27,#311a96,,CS20250428_CLASS_0006,,F|M|GABA,9,#cd0f13,,CS20250428_NEIGH_0002,,Subpallium|GABA,3,#19613b,,CCTCCTCTCTCACAAA,P0018_2,240110,Princeton
GTTGTTGCACATAGCC-P0018_2,Subpallium GABA,F M GABA,F GABA,ZI-HTH GABA,Marmoset-1358,Marmoset-1358,CL:0000003,P0018_2,cjNutmeg,10x multiome,EFO:0030059,Marmoset,NCBI:txid9483,Adult,Brain,Brain,unknown,unknown,unknown,unknown,unknown,unknown,normal,PATO:0000461,nucleus,True,231206,LPLCXR_231206_1,LPLCXR_231206_1_D8,543,13,878.5,BR_PXR_231212_1,231206,LPRNXA_231206_1,LPRNXA_231206_1_F3,378,7,252.62,BR_PXA_231212_1,SI-TT-D8_i7,SI-TT-D8_b(i5),SI-NA-F3,26534,6349,0.0006268507568165,Callithrix jacchus,CS20250428_GROUP_0063,Interneuron,,ZI|HTH|GABA,46,,,,,#c49c94,,CS20250428_SUBCL_0037,,F|GABA,29,#7ba2df,,CS20250428_CLASS_0006,,F|M|GABA,9,#cd0f13,,CS20250428_NEIGH_0002,,Subpallium|GABA,3,#19613b,,GTTGTTGCACATAGCC,P0018_2,240110,Princeton
ATTCGTTTCCTCCCTC-P0018_2,Nonneuron,Immune,Microglia,Microglia,Marmoset-711,Marmoset-711,CL:0000003,P0018_2,cjNutmeg,10x multiome,EFO:0030059,Marmoset,NCBI:txid9483,Adult,Brain,Brain,unknown,unknown,unknown,unknown,unknown,unknown,normal,PATO:0000461,nucleus,True,231206,LPLCXR_231206_1,LPLCXR_231206_1_D8,543,13,878.5,BR_PXR_231212_1,231206,LPRNXA_231206_1,LPRNXA_231206_1_F3,378,7,252.62,BR_PXA_231212_1,SI-TT-D8_i7,SI-TT-D8_b(i5),SI-NA-F3,2851,1661,0.0005595162510871,Callithrix jacchus,CS20250428_GROUP_0019,Nonneuron,CL:0000129,Microglia,4,Yao et al. 2023,,,,#cbfc1e,,CS20250428_SUBCL_0019,CL:0000129,Microglia,3,#761646,,CS20250428_CLASS_0008,CL:0000842,Immune,2,#aa6dec,,CS20250428_NEIGH_0001,CL:0000000,Nonneuron,1,#f2ca7d,,ATTCGTTTCCTCCCTC,P0018_2,240110,Princeton
TGACTCCTCTTAGCCC-P0019_2,Subpallium GABA,F M GABA,F M GATA3 GABA,SN-VTR-HTH GATA3-TCF7L2 GABA,Marmoset-1415,Marmoset-1415,CL:0000003,P0019_2,cjNutmeg,10x multiome,EFO:0030059,Marmoset,NCBI:txid9483,Adult,Brain,Brain,unknown,unknown,unknown,unknown,unknown,unknown,normal,PATO:0000461,nucleus,True,231211,LPRNXR_231211_1,LPRNXR_231211_1_F8,453,14,88.31,BR_PXR_231212_1,231211,LPRNXR_231211_1,LPRNXA_231211_1_H3,401,8,280.0,BR_PXA_231212_1,SI-TT-F8_i7,SI-TT-F8_b(i5),SI-NA-H3,31433,7036,0.466278940439224,Callithrix jacchus,CS20250428_GROUP_0037,Interneuron,,SN|VTR|HTH|GATA3|TCF7L2|GABA,43,,,,,#1dbfcf,,CS20250428_SUBCL_0016,,F|M|GATA3|GABA,27,#311a96,,CS20250428_CLASS_0006,,F|M|GABA,9,#cd0f13,,CS20250428_NEIGH_0002,,Subpallium|GABA,3,#19613b,,TGACTCCTCTTAGCCC,P0019_2,240110,Princeton
ATGCGATTCCTCGATC-P0019_2,Subpallium GABA,F M GABA,F M GATA3 GABA,SN-VTR-HTH GATA3-TCF7L2 GABA,Marmoset-1416,Marmoset-1416,CL:0000003,P0019_2,cjNutmeg,10x multiome,EFO:0030059,Marmoset,NCBI:txid9483,Adult,Brain,Brain,unknown,unknown,unknown,unknown,unknown,unknown,normal,PATO:0000461,nucleus,True,231211,LPRNXR_231211_1,LPRNXR_231211_1_F8,453,14,88.31,BR_PXR_231212_1,231211,LPRNXR_231211_1,LPRNXA_231211_1_H3,401,8,280.0,BR_PXA_231212_1,SI-TT-F8_i7,SI-TT-F8_b(i5),SI-NA-H3,30807,5927,0.0029586369637399,Callithrix jacchus,CS20250428_GROUP_0037,Interneuron,,SN|VTR|HTH|GATA3|TCF7L2|GABA,43,,,,,#1dbfcf,,CS20250428_SUBCL_0016,,F|M|GATA3|GABA,27,#311a96,,CS20250428_CLASS_0006,,F|M|GABA,9,#cd0f13,,CS20250428_NEIGH_0002,,Subpallium|GABA,3,#19613b,,ATGCGATTCCTCGATC,P0019_2,240110,Princeton
CGAAATGAGGCTAGAA-P0019_2,Subpallium GABA,F M GABA,F M GATA3 GABA,SN-VTR-HTH GATA3-TCF7L2 GABA,Marmoset-1401,Marmoset-1401,CL:0000003,P0019_2,cjNutmeg,10x multiome,EFO:0030059,Marmoset,NCBI:txid9483,Adult,Brain,Brain,unknown,unknown,unknown,unknown,unknown,unknown,normal,PATO:0000461,nucleus,True,231211,LPRNXR_231211_1,LPRNXR_231211_1_F8,453,14,88.31,BR_PXR_231212_1,231211,LPRNXR_231211_1,LPRNXA_231211_1_H3,401,8,280.0,BR_PXA_231212_1,SI-TT-F8_i7,SI-TT-F8_b(i5),SI-NA-H3,21805,5643,0.0008381267543882,Callithrix jacchus,CS20250428_GROUP_0037,Interneuron,,SN|VTR|HTH|GATA3|TCF7L2|GABA,43,,,,,#1dbfcf,,CS20250428_SUBCL_0016,,F|M|GATA3|GABA,27,#311a96,,CS20250428_CLASS_0006,,F|M|GABA,9,#cd0f13,,CS20250428_NEIGH_0002,,Subpallium|GABA,3,#19613b,,CGAAATGAGGCTAGAA,P0019_2,240110,Princeton
TCTTGACGTGTCACGG-P0019_2,Subpallium GABA,F M GABA,F M GATA3 GABA,SN-VTR-HTH GATA3-TCF7L2 GABA,Marmoset-1400,Marmoset-1400,CL:0000003,P0019_2,cjNutmeg,10x multiome,EFO:0030059,Marmoset,NCBI:txid9483,Adult,Brain,Brain,unknown,unknown,unknown,unknown,unknown,unknown,normal,PATO:0000461,nucleus,True,231211,LPRNXR_231211_1,LPRNXR_231211_1_F8,453,14,88.31,BR_PXR_231212_1,231211,LPRNXR_231211_1,LPRNXA_231211_1_H3,401,8,280.0,BR_PXA_231212_1,SI-TT-F8_i7,SI-TT-F8_b(i5),SI-NA-H3,17016,5339,0.00247488101013,Callithrix jacchus,CS20250428_GROUP_0037,Interneuron,,SN|VTR|HTH|GATA3|TCF7L2|GABA,43,,,,,#1dbfcf,,CS20250428_SUBCL_0016,,F|M|GATA3|GABA,27,#311a96,,CS20250428_CLASS_0006,,F|M|GABA,9,#cd0f13,,CS20250428_NEIGH_0002,,Subpallium|GABA,3,#19613b,,TCTTGACGTGTCACGG,P0019_2,240110,Princeton
GTCCTCCCAATAAGCA-P0019_2,Subpallium GABA,CN LGE GABA,STR D1 MSN,STRv D1 MSN,Marmoset-119,Marmoset-119,CL:0000003,P0019_2,cjNutmeg,10x multiome,EFO:0030059,Marmoset,NCBI:txid9483,Adult,Brain,Brain,unknown,unknown,unknown,unknown,unknown,unknown,normal,PATO:0000461,nucleus,True,231211,LPRNXR_231211_1,LPRNXR_231211_1_F8,453,14,88.31,BR_PXR_231212_1,231211,LPRNXR_231211_1,LPRNXA_231211_1_H3,401,8,280.0,BR_PXA_231212_1,SI-TT-F8_i7,SI-TT-F8_b(i5),SI-NA-H3,15771,4412,0.0001815459690988,Callithrix jacchus,CS20250428_GROUP_0056,LGE,CL:4030051,STRv|D1 MSN,51,He et al. 2021,D1-Shell/OT,,ARHGAP6,#339933,,CS20250428_SUBCL_0028,CL:4023026,STR|D1 MSN,31,#1655f2,,CS20250428_CLASS_0003,,CN|LGE|GABA,10,#d0b83c,,CS20250428_NEIGH_0002,,Subpallium|GABA,3,#19613b,,GTCCTCCCAATAAGCA,P0019_2,240110,Princeton
TCGTAATCACATGCTA-P0019_2,Subpallium GABA,F M GABA,F GABA,ZI-HTH GABA,Marmoset-1517,Marmoset-1517,CL:0000003,P0019_2,cjNutmeg,10x multiome,EFO:0030059,Marmoset,NCBI:txid9483,Adult,Brain,Brain,unknown,unknown,unknown,unknown,unknown,unknown,normal,PATO:0000461,nucleus,True,231211,LPRNXR_231211_1,LPRNXR_231211_1_F8,453,14,88.31,BR_PXR_231212_1,231211,LPRNXR_231211_1,LPRNXA_231211_1_H3,401,8,280.0,BR_PXA_231212_1,SI-TT-F8_i7,SI-TT-F8_b(i5),SI-NA-H3,14035,4916,0.001521740341559,Callithrix jacchus,CS20250428_GROUP_0063,Interneuron,,ZI|HTH|GABA,46,,,,,#c49c94,,CS20250428_SUBCL_0037,,F|GABA,29,#7ba2df,,CS20250428_CLASS_0006,,F|M|GABA,9,#cd0f13,,CS20250428_NEIGH_0002,,Subpallium|GABA,3,#19613b,,TCGTAATCACATGCTA,P0019_2,240110,Princeton
CACATAATCTAACCAA-P0019_2,Subpallium GABA,F M GABA,F GABA,ZI-HTH GABA,Marmoset-1518,Marmoset-1518,CL:0000003,P0019_2,cjNutmeg,10x multiome,EFO:0030059,Marmoset,NCBI:txid9483,Adult,Brain,Brain,unknown,unknown,unknown,unknown,unknown,unknown,normal,PATO:0000461,nucleus,True,231211,LPRNXR_231211_1,LPRNXR_231211_1_F8,453,14,88.31,BR_PXR_231212_1,231211,LPRNXR_231211_1,LPRNXA_231211_1_H3,401,8,280.0,BR_PXA_231212_1,SI-TT-F8_i7,SI-TT-F8_b(i5),SI-NA-H3,13040,4597,0.200483530759811,Callithrix jacchus,CS20250428_GROUP_0063,Interneuron,,ZI|HTH|GABA,46,,,,,#c49c94,,CS20250428_SUBCL_0037,,F|GABA,29,#7ba2df,,CS20250428_CLASS_0006,,F|M|GABA,9,#cd0f13,,CS20250428_NEIGH_0002,,Subpallium|GABA,3,#19613b,,CACATAATCTAACCAA,P0019_2,240110,Princeton
AACAGATAGTTACTTC-P0019_2,Subpallium GABA,CN LGE GABA,STR D1 MSN,STRd D1 Matrix MSN,Marmoset-121,Marmoset-121,CL:0000003,P0019_2,cjNutmeg,10x multiome,EFO:0030059,Marmoset,NCBI:txid9483,Adult,Brain,Brain,unknown,unknown,unknown,unknown,unknown,unknown,normal,PATO:0000461,nucleus,True,231211,LPRNXR_231211_1,LPRNXR_231211_1_F8,453,14,88.31,BR_PXR_231212_1,231211,LPRNXR_231211_1,LPRNXA_231211_1_H3,401,8,280.0,BR_PXA_231212_1,SI-TT-F8_i7,SI-TT-F8_b(i5),SI-NA-H3,11308,3979,0.0001843201898736,Callithrix jacchus,CS20250428_GROUP_0049,LGE,CL:4030043,STRd|D1 Matrix MSN,50,He et al. 2021,D1-Matrix,,STXBP6,#1f77b4,,CS20250428_SUBCL_0028,CL:4023026,STR|D1 MSN,31,#1655f2,,CS20250428_CLASS_0003,,CN|LGE|GABA,10,#d0b83c,,CS20250428_NEIGH_0002,,Subpallium|GABA,3,#19613b,,AACAGATAGTTACTTC,P0019_2,240110,Princeton
GGTCCATCAATAATCC-P0019_2,Nonneuron,Astro-Epen,Astrocyte,Astrocyte,Marmoset-674,Marmoset-674,CL:0000003,P0019_2,cjNutmeg,10x multiome,EFO:0030059,Marmoset,NCBI:txid9483,Adult,Brain,Brain,unknown,unknown,unknown,unknown,unknown,unknown,normal,PATO:0000461,nucleus,True,231211,LPRNXR_231211_1,LPRNXR_231211_1_F8,453,14,88.31,BR_PXR_231212_1,231211,LPRNXR_231211_1,LPRNXA_231211_1_H3,401,8,280.0,BR_PXA_231212_1,SI-TT-F8_i7,SI-TT-F8_b(i5),SI-NA-H3,8417,3498,0.0005672248662449,Callithrix jacchus,CS20250428_GROUP_0039,Nonneuron,CL:0000127,Astrocyte,1,Yao et al. 2023,,,,#e16c95,,CS20250428_SUBCL_0000,CL:0000127,Astrocyte,1,#604f15,,CS20250428_CLASS_0000,CL:0000125,Astro|Epen,1,#6ec0da,,CS20250428_NEIGH_0001,CL:0000000,Nonneuron,1,#f2ca7d,,GGTCCATCAATAATCC,P0019_2,240110,Princeton
GTTGCTGAGGTCGAGG-P0019_2,Nonneuron,Astro-Epen,Ependymal,Ependymal,Marmoset-665,Marmoset-665,CL:0000003,P0019_2,cjNutmeg,10x multiome,EFO:0030059,Marmoset,NCBI:txid9483,Adult,Brain,Brain,unknown,unknown,unknown,unknown,unknown,unknown,normal,PATO:0000461,nucleus,True,231211,LPRNXR_231211_1,LPRNXR_231211_1_F8,453,14,88.31,BR_PXR_231212_1,231211,LPRNXR_231211_1,LPRNXA_231211_1_H3,401,8,280.0,BR_PXA_231212_1,SI-TT-F8_i7,SI-TT-F8_b(i5),SI-NA-H3,7046,3891,0.366389691829681,Callithrix jacchus,CS20250428_GROUP_0012,Nonneuron,CL:0000065,Ependymal,3,Yao et al. 2023,,,,#c96e0a,,CS20250428_SUBCL_0012,CL:0000065,Ependymal,2,#7f207a,,CS20250428_CLASS_0000,CL:0000125,Astro|Epen,1,#6ec0da,,CS20250428_NEIGH_0001,CL:0000000,Nonneuron,1,#f2ca7d,,GTTGCTGAGGTCGAGG,P0019_2,240110,Princeton
ACCCAACCATGACTAT-P0019_4,Subpallium GABA,CN CGE GABA,CN VIP GABA,VIP GABA,Marmoset-338,Marmoset-338,CL:0000003,P0019_4,cjNutmeg,10x multiome,EFO:0030059,Marmoset,NCBI:txid9483,Adult,Brain,Brain,unknown,unknown,unknown,unknown,unknown,unknown,normal,PATO:0000461,nucleus,True,231211,LPRNXR_231211_1,LPRNXR_231211_1_H8,379,14,83.69,BR_PXR_231212_1,231211,LPRNXR_231211_1,LPRNXA_231211_1_B4,412,8,476.0,BR_PXA_231212_1,SI-TT-H8_i7,SI-TT-H8_b(i5),SI-NA-B4,17454,4781,0.0007299250573851,Callithrix jacchus,CS20250428_GROUP_0047,Interneuron,Need to Create a PR,VIP|GABA,37,Krienen et al. 2020,VIP,,VIP,#fc2b80,,CS20250428_SUBCL_0009,,CN|VIP|GABA,24,#1bc06a,,CS20250428_CLASS_0001,,CN|CGE|GABA,8,#26e8bb,,CS20250428_NEIGH_0002,,Subpallium|GABA,3,#19613b,,ACCCAACCATGACTAT,P0019_4,240110,Princeton
CTTATGTTCCTAGTCC-P0020_1,Subpallium GABA,F M GABA,F GABA,ZI-HTH GABA,Marmoset-1505,Marmoset-1505,CL:0000003,P0020_1,cjNutmeg,10x multiome,EFO:0030059,Marmoset,NCBI:txid9483,Adult,Brain,Brain,unknown,unknown,unknown,unknown,unknown,unknown,normal,PATO:0000461,nucleus,True,231211,LPRNXR_231211_1,LPRNXR_231211_1_A9,389,14,109.38,BR_PXR_240124_1,231211,LPRNXA_231211_1,LPRNXA_231211_1_C4,396,8,342.0,BR_PXA_240220_1,SI-TT-A9_i7,SI-TT-A9_b(i5),SI-NA-C4,75370,9910,0.0007608250016346,Callithrix jacchus,CS20250428_GROUP_0063,Interneuron,,ZI|HTH|GABA,46,,,,,#c49c94,,CS20250428_SUBCL_0037,,F|GABA,29,#7ba2df,,CS20250428_CLASS_0006,,F|M|GABA,9,#cd0f13,,CS20250428_NEIGH_0002,,Subpallium|GABA,3,#19613b,,CTTATGTTCCTAGTCC,P0020_1,240307,Princeton
TAACCTAAGGCAATAG-P0020_1,Glut Sero Dopa,F M Glut,F Glut,STH PVALB-PITX2 Glut,Marmoset-1481,Marmoset-1481,CL:0000003,P0020_1,cjNutmeg,10x multiome,EFO:0030059,Marmoset,NCBI:txid9483,Adult,Brain,Brain,unknown,unknown,unknown,unknown,unknown,unknown,normal,PATO:0000461,nucleus,True,231211,LPRNXR_231211_1,LPRNXR_231211_1_A9,389,14,109.38,BR_PXR_240124_1,231211,LPRNXA_231211_1,LPRNXA_231211_1_C4,396,8,342.0,BR_PXA_240220_1,SI-TT-A9_i7,SI-TT-A9_b(i5),SI-NA-C4,62334,9115,0.0011282563209533,Callithrix jacchus,CS20250428_GROUP_0038,Interneuron,,STH|PVALB|PITX2|Glut,18,Yao et al. 2023,,,,#f57e20,,CS20250428_SUBCL_0013,PR 2771,F|Glut,14,#39e1e2,,CS20250428_CLASS_0007,,F|M|Glut,5,#7d0f09,,CS20250428_NEIGH_0000,PR 2579,Glut|Sero|Dopa,2,#91f4bb,,TAACCTAAGGCAATAG,P0020_1,240307,Princeton
ATTATGGTCACTCAAA-P0020_1,Subpallium GABA,F M GABA,F M GATA3 GABA,SN-VTR-HTH GATA3-TCF7L2 GABA,Marmoset-1402,Marmoset-1402,CL:0000003,P0020_1,cjNutmeg,10x multiome,EFO:0030059,Marmoset,NCBI:txid9483,Adult,Brain,Brain,unknown,unknown,unknown,unknown,unknown,unknown,normal,PATO:0000461,nucleus,True,231211,LPRNXR_231211_1,LPRNXR_231211_1_A9,389,14,109.38,BR_PXR_240124_1,231211,LPRNXA_231211_1,LPRNXA_231211_1_C4,396,8,342.0,BR_PXA_240220_1,SI-TT-A9_i7,SI-TT-A9_b(i5),SI-NA-C4,48003,8344,0.0114432545378804,Callithrix jacchus,CS20250428_GROUP_0037,Interneuron,,SN|VTR|HTH|GATA3|TCF7L2|GABA,43,,,,,#1dbfcf,,CS20250428_SUBCL_0016,,F|M|GATA3|GABA,27,#311a96,,CS20250428_CLASS_0006,,F|M|GABA,9,#cd0f13,,CS20250428_NEIGH_0002,,Subpallium|GABA,3,#19613b,,ATTATGGTCACTCAAA,P0020_1,240307,Princeton
TACGCTTGTTGGTTGA-P0020_1,Subpallium GABA,F M GABA,F GABA,ZI-HTH GABA,Marmoset-1519,Marmoset-1519,CL:0000003,P0020_1,cjNutmeg,10x multiome,EFO:0030059,Marmoset,NCBI:txid9483,Adult,Brain,Brain,unknown,unknown,unknown,unknown,unknown,unknown,normal,PATO:0000461,nucleus,True,231211,LPRNXR_231211_1,LPRNXR_231211_1_A9,389,14,109.38,BR_PXR_240124_1,231211,LPRNXA_231211_1,LPRNXA_231211_1_C4,396,8,342.0,BR_PXA_240220_1,SI-TT-A9_i7,SI-TT-A9_b(i5),SI-NA-C4,33902,7217,0.002562909387052,Callithrix jacchus,CS20250428_GROUP_0063,Interneuron,,ZI|HTH|GABA,46,,,,,#c49c94,,CS20250428_SUBCL_0037,,F|GABA,29,#7ba2df,,CS20250428_CLASS_0006,,F|M|GABA,9,#cd0f13,,CS20250428_NEIGH_0002,,Subpallium|GABA,3,#19613b,,TACGCTTGTTGGTTGA,P0020_1,240307,Princeton
AGAGAAGCATAATCCG-P0020_2,Subpallium GABA,F M GABA,CN ONECUT1 GABA,GPi Core,Marmoset-1493,Marmoset-1493,CL:0000003,P0020_2,cjNutmeg,10x multiome,EFO:0030059,Marmoset,NCBI:txid9483,Adult,Brain,Brain,unknown,unknown,unknown,unknown,unknown,unknown,normal,PATO:0000461,nucleus,True,231211,LPRNXR_231211_1,LPRNXR_231211_1_B9,406,14,90.58,BR_PXR_240124_1,231211,LPRNXA_231211_1,LPRNXA_231211_1_D4,399,8,410.0,BR_PXA_240220_1,SI-TT-B9_i7,SI-TT-B9_b(i5),SI-NA-D4,79321,10349,0.0297908335924149,Callithrix jacchus,CS20250428_GROUP_0015,Interneuron,,GPi Core,40,Wallace et al. 2017,GPi Core,,,#d3489a,,CS20250428_SUBCL_0007,,CN|ONECUT1|GABA,26,#967be5,,CS20250428_CLASS_0006,,F|M|GABA,9,#cd0f13,,CS20250428_NEIGH_0002,,Subpallium|GABA,3,#19613b,,AGAGAAGCATAATCCG,P0020_2,240307,Princeton
AAGTTAGCAAGTGTCC-P0020_2,Subpallium GABA,F M GABA,F M GATA3 GABA,SN-VTR-HTH GATA3-TCF7L2 GABA,Marmoset-1405,Marmoset-1405,CL:0000003,P0020_2,cjNutmeg,10x multiome,EFO:0030059,Marmoset,NCBI:txid9483,Adult,Brain,Brain,unknown,unknown,unknown,unknown,unknown,unknown,normal,PATO:0000461,nucleus,True,231211,LPRNXR_231211_1,LPRNXR_231211_1_B9,406,14,90.58,BR_PXR_240124_1,231211,LPRNXA_231211_1,LPRNXA_231211_1_D4,399,8,410.0,BR_PXA_240220_1,SI-TT-B9_i7,SI-TT-B9_b(i5),SI-NA-D4,13128,5003,0.0106309782713652,Callithrix jacchus,CS20250428_GROUP_0037,Interneuron,,SN|VTR|HTH|GATA3|TCF7L2|GABA,43,,,,,#1dbfcf,,CS20250428_SUBCL_0016,,F|M|GATA3|GABA,27,#311a96,,CS20250428_CLASS_0006,,F|M|GABA,9,#cd0f13,,CS20250428_NEIGH_0002,,Subpallium|GABA,3,#19613b,,AAGTTAGCAAGTGTCC,P0020_2,240307,Princeton
GGCTTCAAGGCGCTTA-P0020_2,Nonneuron,Astro-Epen,Astrocyte,Astrocyte,Marmoset-513,Marmoset-513,CL:0000003,P0020_2,cjNutmeg,10x multiome,EFO:0030059,Marmoset,NCBI:txid9483,Adult,Brain,Brain,unknown,unknown,unknown,unknown,unknown,unknown,normal,PATO:0000461,nucleus,True,231211,LPRNXR_231211_1,LPRNXR_231211_1_B9,406,14,90.58,BR_PXR_240124_1,231211,LPRNXA_231211_1,LPRNXA_231211_1_D4,399,8,410.0,BR_PXA_240220_1,SI-TT-B9_i7,SI-TT-B9_b(i5),SI-NA-D4,5542,2643,0.0027849492616951,Callithrix jacchus,CS20250428_GROUP_0039,Nonneuron,CL:0000127,Astrocyte,1,Yao et al. 2023,,,,#e16c95,,CS20250428_SUBCL_0000,CL:0000127,Astrocyte,1,#604f15,,CS20250428_CLASS_0000,CL:0000125,Astro|Epen,1,#6ec0da,,CS20250428_NEIGH_0001,CL:0000000,Nonneuron,1,#f2ca7d,,GGCTTCAAGGCGCTTA,P0020_2,240307,Princeton
ACCTAAATCGTTACAA-P0021_4,Nonneuron,OPC-Oligo,Oligodendrocyte,ImOligo,Marmoset-1155,Marmoset-1155,CL:0000003,P0021_4,cjNutmeg,10x multiome,EFO:0030059,Marmoset,NCBI:txid9483,Adult,Brain,Brain,unknown,unknown,unknown,unknown,unknown,unknown,normal,PATO:0000461,nucleus,True,240109,LPRNXR_240109_1,LPRNXR_240109_1_F9,368,15,659.4,BR_PXR_240124_1,240109,LPLCXA_240109_1,LPLCXA_240109_1_H4,386,7,386.0,BR_PXA_240220_1,SI-TT-F9_i7,SI-TT-F9_b(i5),SI-NA-H4,29609,7083,0.443229705095291,Callithrix jacchus,CS20250428_GROUP_0018,Nonneuron,CL:4042031,ImOligo,11,Jäkel et al. 2019,,,,#711c24,,CS20250428_SUBCL_0022,CL:0000128,Oligodendrocyte,7,#def476,,CS20250428_CLASS_0010,CL:0000095,OPC|Oligo,3,#8605d4,,CS20250428_NEIGH_0001,CL:0000000,Nonneuron,1,#f2ca7d,,ACCTAAATCGTTACAA,P0021_4,240307,Princeton
GGCTAGTGTCCTTTAA-P0022_1,Nonneuron,Astro-Epen,Ependymal,Ependymal,Marmoset-671,Marmoset-671,CL:0000003,P0022_1,cjNutmeg,10x multiome,EFO:0030059,Marmoset,NCBI:txid9483,Adult,Brain,Brain,unknown,unknown,unknown,unknown,unknown,unknown,normal,PATO:0000461,nucleus,True,240112,LPRNXR_240112_1,LPRNXR_240112_1_G9,823,13,416.85,BR_PXR_240124_1,240126,LPLCXA_240126_1,LPLCXA_240126_1_A6,434,7,140.2,BR_PXA_240220_1,SI-TT-G9_i7,SI-TT-G9_b(i5),SI-NA-A6,3862,2177,0.485080361366272,Callithrix jacchus,CS20250428_GROUP_0012,Nonneuron,CL:0000065,Ependymal,3,Yao et al. 2023,,,,#c96e0a,,CS20250428_SUBCL_0012,CL:0000065,Ependymal,2,#7f207a,,CS20250428_CLASS_0000,CL:0000125,Astro|Epen,1,#6ec0da,,CS20250428_NEIGH_0001,CL:0000000,Nonneuron,1,#f2ca7d,,GGCTAGTGTCCTTTAA,P0022_1,240307,Princeton
CTAGCGGGTTACCGGG-P0022_2,Subpallium GABA,CN LGE GABA,STR D1 MSN,STRd D1 Matrix MSN,Marmoset-84,Marmoset-84,CL:0000003,P0022_2,cjNutmeg,10x multiome,EFO:0030059,Marmoset,NCBI:txid9483,Adult,Brain,Brain,unknown,unknown,unknown,unknown,unknown,unknown,normal,PATO:0000461,nucleus,True,240112,LPRNXR_240112_1,LPRNXR_240112_1_H9,767,13,854.7,BR_PXR_240124_1,240126,LPLCXA_240126_1,LPLCXA_240126_1_B6,440,7,278.0,BR_PXA_240220_1,SI-TT-H9_i7,SI-TT-H9_b(i5),SI-NA-B6,37267,6520,9.85021033557132e-05,Callithrix jacchus,CS20250428_GROUP_0049,LGE,CL:4030043,STRd|D1 Matrix MSN,50,He et al. 2021,D1-Matrix,,STXBP6,#1f77b4,,CS20250428_SUBCL_0028,CL:4023026,STR|D1 MSN,31,#1655f2,,CS20250428_CLASS_0003,,CN|LGE|GABA,10,#d0b83c,,CS20250428_NEIGH_0002,,Subpallium|GABA,3,#19613b,,CTAGCGGGTTACCGGG,P0022_2,240307,Princeton
TGACTCCTCTTGCTAT-P0023_1,Subpallium GABA,CN LGE GABA,STR Hybrid MSN,STR D1D2 Hybrid MSN,Marmoset-234,Marmoset-234,CL:0000003,P0023_1,cjNutmeg,10x multiome,EFO:0030059,Marmoset,NCBI:txid9483,Adult,Brain,Brain,unknown,unknown,unknown,unknown,unknown,unknown,normal,PATO:0000461,nucleus,True,240123,LPLCXR_240123_1,LPLCXR_240123_1_C10,606,14,389,BR_PXR_240227_1,240123,LPLCXA_240123_1,LPLCXA_240123_1_A5,388,8,316.0,BR_PXA_240227_1,SI-TT-C10_i7,SI-TT-C10_b(i5),SI-NA-A5,74195,8636,0.832674384117126,Callithrix jacchus,CS20250428_GROUP_0051,LGE,CL:4030050,STR|D1D2 Hybrid MSN,58,He et al. 2021,D1/D2 Hybrid,,"CRHR2, GRIK1",#9467bd,,CS20250428_SUBCL_0030,CL:4030050,STR|Hybrid MSN,33,#79bdf4,,CS20250428_CLASS_0003,,CN|LGE|GABA,10,#d0b83c,,CS20250428_NEIGH_0002,,Subpallium|GABA,3,#19613b,,TGACTCCTCTTGCTAT,P0023_1,240323,Princeton
TCATACTTCGGTTACG-P0023_1,Subpallium GABA,F M GABA,CN LHX8 GABA,GPe SOX6-CTXND1 GABA,Marmoset-776,Marmoset-776,CL:0000003,P0023_1,cjNutmeg,10x multiome,EFO:0030059,Marmoset,NCBI:txid9483,Adult,Brain,Brain,unknown,unknown,unknown,unknown,unknown,unknown,normal,PATO:0000461,nucleus,True,240123,LPLCXR_240123_1,LPLCXR_240123_1_C10,606,14,389,BR_PXR_240227_1,240123,LPLCXA_240123_1,LPLCXA_240123_1_A5,388,8,316.0,BR_PXA_240227_1,SI-TT-C10_i7,SI-TT-C10_b(i5),SI-NA-A5,28424,7092,0.0093009350821375,Callithrix jacchus,CS20250428_GROUP_0014,Interneuron,,GPe|SOX6|CTXND1|GABA,38,,,,"SOX6, KCNA1",#e9dc4d,,CS20250428_SUBCL_0005,,CN|LHX8|GABA,25,#caf28b,,CS20250428_CLASS_0006,,F|M|GABA,9,#cd0f13,,CS20250428_NEIGH_0002,,Subpallium|GABA,3,#19613b,,TCATACTTCGGTTACG,P0023_1,240323,Princeton
CATCCCAGTTAGGACC-P0023_1,Subpallium GABA,CN LGE GABA,STR D2 MSN,STRv D2 MSN,Marmoset-995,Marmoset-995,CL:0000003,P0023_1,cjNutmeg,10x multiome,EFO:0030059,Marmoset,NCBI:txid9483,Adult,Brain,Brain,unknown,unknown,unknown,unknown,unknown,unknown,normal,PATO:0000461,nucleus,True,240123,LPLCXR_240123_1,LPLCXR_240123_1_C10,606,14,389,BR_PXR_240227_1,240123,LPLCXA_240123_1,LPLCXA_240123_1_A5,388,8,316.0,BR_PXA_240227_1,SI-TT-C10_i7,SI-TT-C10_b(i5),SI-NA-A5,24769,5788,0.0107297208160162,Callithrix jacchus,CS20250428_GROUP_0058,LGE,CL:4030052,STRv|D2 MSN,54,He et al. 2021,D2-Shell/OT,,ARHGAP6,#98df8a,,CS20250428_SUBCL_0029,CL:4023029,STR|D2 MSN,32,#253c8c,,CS20250428_CLASS_0003,,CN|LGE|GABA,10,#d0b83c,,CS20250428_NEIGH_0002,,Subpallium|GABA,3,#19613b,,CATCCCAGTTAGGACC,P0023_1,240323,Princeton
AGATGCTTCATCCTCA-P0023_3,Subpallium GABA,CN LGE GABA,CN MEIS2 GABA,GPe MEIS2-SOX6 GABA,Marmoset-543,Marmoset-543,CL:0000003,P0023_3,cjNutmeg,10x multiome,EFO:0030059,Marmoset,NCBI:txid9483,Adult,Brain,Brain,unknown,unknown,unknown,unknown,unknown,unknown,normal,PATO:0000461,nucleus,True,240123,LPLCXR_240123_1,LPLCXR_240123_1_E10,652,14,861,BR_PXR_240227_1,240123,LPLCXA_240123_1,LPLCXA_240123_1_C5,372,8,728.0,BR_PXA_240227_1,SI-TT-E10_i7,SI-TT-E10_b(i5),SI-NA-C5,12650,4780,0.0007240314735099,Callithrix jacchus,CS20250428_GROUP_0013,LGE,,GPe|MEIS2|SOX6|GABA,49,,,,,#937a2e,,CS20250428_SUBCL_0006,,CN|MEIS2|GABA,30,#d8f378,,CS20250428_CLASS_0003,,CN|LGE|GABA,10,#d0b83c,,CS20250428_NEIGH_0002,,Subpallium|GABA,3,#19613b,,AGATGCTTCATCCTCA,P0023_3,240323,Princeton
GAGTGATCATCACAGC-P0023_3,Subpallium GABA,CN MGE GABA,STR RSPO2 GABA,STR SST-RSPO2 GABA,Marmoset-943,Marmoset-943,CL:0000003,P0023_3,cjNutmeg,10x multiome,EFO:0030059,Marmoset,NCBI:txid9483,Adult,Brain,Brain,unknown,unknown,unknown,unknown,unknown,unknown,normal,PATO:0000461,nucleus,True,240123,LPLCXR_240123_1,LPLCXR_240123_1_E10,652,14,861,BR_PXR_240227_1,240123,LPLCXA_240123_1,LPLCXA_240123_1_C5,372,8,728.0,BR_PXA_240227_1,SI-TT-E10_i7,SI-TT-E10_b(i5),SI-NA-C5,8513,3443,0.0017423350363969,Callithrix jacchus,CS20250428_GROUP_0044,Interneuron,,STR|SST|RSPO2|GABA,31,,,,,#7f7f7f,,CS20250428_SUBCL_0031,,STR|RSPO2|GABA,21,#5b0e63,,CS20250428_CLASS_0005,,CN|MGE|GABA,7,#ce4c27,,CS20250428_NEIGH_0002,,Subpallium|GABA,3,#19613b,,GAGTGATCATCACAGC,P0023_3,240323,Princeton
CGATTTGCATAATGAG-P0024_2,Subpallium GABA,CN MGE GABA,CN ST18 GABA,STR FS PTHLH-PVALB GABA,Marmoset-150,Marmoset-150,CL:0000003,P0024_2,cjNutmeg,10x multiome,EFO:0030059,Marmoset,NCBI:txid9483,Adult,Brain,Brain,unknown,unknown,unknown,unknown,unknown,unknown,normal,PATO:0000461,nucleus,True,240123,LPLCXR_240123_1,LPLCXR_240123_1_H10,582,14,2076,BR_PXR_240227_1,240123,LPLCXA_240123_1,LPLCXA_240123_1_F5,389,8,1094.0,BR_PXA_240227_1,SI-TT-H10_i7,SI-TT-H10_b(i5),SI-NA-F5,11949,4920,0.162146091461182,Callithrix jacchus,CS20250428_GROUP_0040,Interneuron,CL:4042023,STR|FS|PTHLH|PVALB|GABA,28,Muñoz-Manchado et al. 2018,Pvalb Pthlh | FS,,"ST18, PTHLH, COL19A1",#800000,,CS20250428_SUBCL_0008,,CN|ST18|GABA,18,#5fd989,,CS20250428_CLASS_0005,,CN|MGE|GABA,7,#ce4c27,,CS20250428_NEIGH_0002,,Subpallium|GABA,3,#19613b,,CGATTTGCATAATGAG,P0024_2,240323,Princeton
GTTTAACCAGCAATAA-P0025_1,Nonneuron,OPC-Oligo,Oligodendrocyte,ImOligo,Marmoset-109,Marmoset-109,CL:0000003,P0025_1,cjNutmeg,10x multiome,EFO:0030059,Marmoset,NCBI:txid9483,Adult,Brain,Brain,unknown,unknown,unknown,unknown,unknown,unknown,normal,PATO:0000461,nucleus,True,240123,LPLCXR_240123_1,LPLCXR_240123_1_A11,577,14,3286.5,BR_PXR_240227_1,240123,LPLCXA_240123_1,LPLCXA_240123_1_G5,377,8,502.0,BR_PXA_240227_1,SI-TT-A11_i7,SI-TT-A11_b(i5),SI-NA-G5,85418,10137,0.0175348408520222,Callithrix jacchus,CS20250428_GROUP_0018,Nonneuron,CL:4042031,ImOligo,11,Jäkel et al. 2019,,,,#711c24,,CS20250428_SUBCL_0022,CL:0000128,Oligodendrocyte,7,#def476,,CS20250428_CLASS_0010,CL:0000095,OPC|Oligo,3,#8605d4,,CS20250428_NEIGH_0001,CL:0000000,Nonneuron,1,#f2ca7d,,GTTTAACCAGCAATAA,P0025_1,240323,Princeton
CAGGAAGGTTGCTGGG-P0025_1,Glut Sero Dopa,F M Glut,F M Glut,VTR-HTH Glut,Marmoset-1557,Marmoset-1557,CL:0000003,P0025_1,cjNutmeg,10x multiome,EFO:0030059,Marmoset,NCBI:txid9483,Adult,Brain,Brain,unknown,unknown,unknown,unknown,unknown,unknown,normal,PATO:0000461,nucleus,True,240123,LPLCXR_240123_1,LPLCXR_240123_1_A11,577,14,3286.5,BR_PXR_240227_1,240123,LPLCXA_240123_1,LPLCXA_240123_1_G5,377,8,502.0,BR_PXA_240227_1,SI-TT-A11_i7,SI-TT-A11_b(i5),SI-NA-G5,3303,2096,0.0008508177706971,Callithrix jacchus,CS20250428_GROUP_0064,Interneuron,,VTR|HTH|Glut,21,,,,SLC17A6,#54621f,,CS20250428_SUBCL_0017,PR 2771,F|M|Glut,15,#66750b,,CS20250428_CLASS_0007,,F|M|Glut,5,#7d0f09,,CS20250428_NEIGH_0000,PR 2579,Glut|Sero|Dopa,2,#91f4bb,,CAGGAAGGTTGCTGGG,P0025_1,240323,Princeton
ACCAAGTTCAGAAACG-P0025_2,Nonneuron,OPC-Oligo,Oligodendrocyte,ImOligo,Marmoset-110,Marmoset-110,CL:0000003,P0025_2,cjNutmeg,10x multiome,EFO:0030059,Marmoset,NCBI:txid9483,Adult,Brain,Brain,unknown,unknown,unknown,unknown,unknown,unknown,normal,PATO:0000461,nucleus,True,240123,LPLCXR_240123_1,LPLCXR_240123_1_B11,575,14,2803.5,BR_PXR_240227_1,240123,LPLCXA_240123_1,LPLCXA_240123_1_H5,367,8,514.0,BR_PXA_240227_1,SI-TT-B11_i7,SI-TT-B11_b(i5),SI-NA-H5,72783,10319,0.0081345094367861,Callithrix jacchus,CS20250428_GROUP_0018,Nonneuron,CL:4042031,ImOligo,11,Jäkel et al. 2019,,,,#711c24,,CS20250428_SUBCL_0022,CL:0000128,Oligodendrocyte,7,#def476,,CS20250428_CLASS_0010,CL:0000095,OPC|Oligo,3,#8605d4,,CS20250428_NEIGH_0001,CL:0000000,Nonneuron,1,#f2ca7d,,ACCAAGTTCAGAAACG,P0025_2,240323,Princeton
CTCATTTAGTCACCTC-P0028_1,Subpallium GABA,F M GABA,CN LHX8 GABA,GPe-NDB-SI LHX6-LHX8-GBX1 GABA,Marmoset-791,Marmoset-791,CL:0000003,P0028_1,cjNutmeg,10x multiome,EFO:0030059,Marmoset,NCBI:txid9483,Adult,Brain,Brain,unknown,unknown,unknown,unknown,unknown,unknown,normal,PATO:0000461,nucleus,True,240215,LPRNXR_240215_1,LPRNXR_240215_1_B1,402,14,212,BR_PXR_240604_1,240216,LPRNXA_240216_1,LPRNXA_240216_1_A7,424,7,272.0,BR_PXA_240604_1,SI-TT-F11_i7,SI-TT-F11_b(i5),SI-NA-A7,43899,7747,0.0067592398263514,Callithrix jacchus,CS20250428_GROUP_0020,Interneuron,,GPe|NDB|SI|LHX6|LHX8|GBX1|GABA,39,,,,,#653614,,CS20250428_SUBCL_0005,,CN|LHX8|GABA,25,#caf28b,,CS20250428_CLASS_0006,,F|M|GABA,9,#cd0f13,,CS20250428_NEIGH_0002,,Subpallium|GABA,3,#19613b,,CTCATTTAGTCACCTC,P0028_1,240807,Princeton
GAAACCCGTATTACCC-P0030_1,Glut Sero Dopa,F M Glut,F M Glut,VTR-HTH Glut,Marmoset-1346,Marmoset-1346,CL:0000003,P0030_1,cjNutmeg,10x multiome,EFO:0030059,Marmoset,NCBI:txid9483,Adult,Brain,Brain,unknown,unknown,unknown,unknown,unknown,unknown,normal,PATO:0000461,nucleus,True,240214,LPLCXR_240214_1,LPLCXR_240214_1_A1,473,13,"1,113",BR_PXR_240604_1,240216,LPLCXA_240216_1,LPLCXA_240216_1_H6,400,7,312.0,BR_PXA_240604_1,SI-TT-A1_i7,SI-TT-A1_b(i5),SI-NA-H6,20440,6008,0.0002349184505874,Callithrix jacchus,CS20250428_GROUP_0064,Interneuron,,VTR|HTH|Glut,21,,,,SLC17A6,#54621f,,CS20250428_SUBCL_0017,PR 2771,F|M|Glut,15,#66750b,,CS20250428_CLASS_0007,,F|M|Glut,5,#7d0f09,,CS20250428_NEIGH_0000,PR 2579,Glut|Sero|Dopa,2,#91f4bb,,GAAACCCGTATTACCC,P0030_1,240807,Princeton
TCCCTCACAAACAACA-P0031_1,Nonneuron,OPC-Oligo,Oligodendrocyte,ImOligo,Marmoset-102,Marmoset-102,CL:0000003,P0031_1,cjNutmeg,10x multiome,EFO:0030059,Marmoset,NCBI:txid9483,Adult,Brain,Brain,unknown,unknown,unknown,unknown,unknown,unknown,normal,PATO:0000461,nucleus,True,240403,LPRNXR_240403_1,LPRNXR_240403_1_D2,406,18,909.3,BR_PXR_240604_1,240404,LPRNXA_240404_1,LPRNXA_240404_1_H7,430,9,97.6,BR_PXA_240604_1,SI-TT-D2_i7,SI-TT-D2_b(i5),SI-NA-H7,24048,7136,0.440533727407455,Callithrix jacchus,CS20250428_GROUP_0018,Nonneuron,CL:4042031,ImOligo,11,Jäkel et al. 2019,,,,#711c24,,CS20250428_SUBCL_0022,CL:0000128,Oligodendrocyte,7,#def476,,CS20250428_CLASS_0010,CL:0000095,OPC|Oligo,3,#8605d4,,CS20250428_NEIGH_0001,CL:0000000,Nonneuron,1,#f2ca7d,,TCCCTCACAAACAACA,P0031_1,240807,Princeton
ACCCAGGGTTGAAGCC-P0032_1,Subpallium GABA,F M GABA,F GABA,ZI-HTH GABA,Marmoset-1352,Marmoset-1352,CL:0000003,P0032_1,cjNutmeg,10x multiome,EFO:0030059,Marmoset,NCBI:txid9483,Adult,Brain,Brain,unknown,unknown,unknown,unknown,unknown,unknown,normal,PATO:0000461,nucleus,True,240325,LPLCXR_240325_1,LPLCXR_240325_1_H1,384,14,574,BR_PXR_240604_1,240321,LPLCXA_240325_1,LPLCXA_240325_1_C7,345,6,44.9,BR_PXA_240604_1,SI-TT-H1_i7,SI-TT-H1_b(i5),SI-NA-C7,16727,5420,0.0248151179403067,Callithrix jacchus,CS20250428_GROUP_0063,Interneuron,,ZI|HTH|GABA,46,,,,,#c49c94,,CS20250428_SUBCL_0037,,F|GABA,29,#7ba2df,,CS20250428_CLASS_0006,,F|M|GABA,9,#cd0f13,,CS20250428_NEIGH_0002,,Subpallium|GABA,3,#19613b,,ACCCAGGGTTGAAGCC,P0032_1,240807,Princeton
AGTAGCTTCTTAGTCT-P0034_1,Subpallium GABA,F M GABA,F M GATA3 GABA,SN-VTR-HTH GATA3-TCF7L2 GABA,Marmoset-1406,Marmoset-1406,CL:0000003,P0034_1,cjNutmeg,10x multiome,EFO:0030059,Marmoset,NCBI:txid9483,Adult,Brain,Brain,unknown,unknown,unknown,unknown,unknown,unknown,normal,PATO:0000461,nucleus,True,240401,LPRNXR_240401_1,LPRNXR_240401_1_B2,789,16,4550,BR_PXR_240604_1,240402,LPRNXA_240402_1,LPRNXA_240402_1_E7,407,9,149.8,BR_PXA_240604_1,SI_TT_B2_i7,SI_TT_B2_b(i5),SI-NA-E7,54615,8663,0.0077038258314132,Callithrix jacchus,CS20250428_GROUP_0037,Interneuron,,SN|VTR|HTH|GATA3|TCF7L2|GABA,43,,,,,#1dbfcf,,CS20250428_SUBCL_0016,,F|M|GATA3|GABA,27,#311a96,,CS20250428_CLASS_0006,,F|M|GABA,9,#cd0f13,,CS20250428_NEIGH_0002,,Subpallium|GABA,3,#19613b,,AGTAGCTTCTTAGTCT,P0034_1,240807,Princeton
CTCCAACTCCTTGCAC-P0040_1,Glut Sero Dopa,F M Glut,F M Glut,VTR-HTH Glut,Marmoset-1482,Marmoset-1482,CL:0000003,P0040_1,cjNutmeg,10x multiome,EFO:0030059,Marmoset,NCBI:txid9483,Adult,Brain,Brain,unknown,unknown,unknown,unknown,unknown,unknown,normal,PATO:0000461,nucleus,True,240429,LPLCXR_240429_1,LPLCXR_240429_1_B3,569,16,1166,BR_PXR_240604_1,240424,LPLCXA_240424_1,LPLCXA_240424_1_E8,427,8,452.0,BR_PXA_240604_1,SI-TT-B3_i7,SI-TT-B3_b(i5),SI-NA-E8,49681,8410,0.0981632918119431,Callithrix jacchus,CS20250428_GROUP_0064,Interneuron,,VTR|HTH|Glut,21,,,,SLC17A6,#54621f,,CS20250428_SUBCL_0017,PR 2771,F|M|Glut,15,#66750b,,CS20250428_CLASS_0007,,F|M|Glut,5,#7d0f09,,CS20250428_NEIGH_0000,PR 2579,Glut|Sero|Dopa,2,#91f4bb,,CTCCAACTCCTTGCAC,P0040_1,240807,Princeton
CCACAATAGTACTGGT-P0040_1,Glut Sero Dopa,F M Glut,F M Glut,VTR-HTH Glut,Marmoset-1472,Marmoset-1472,CL:0000003,P0040_1,cjNutmeg,10x multiome,EFO:0030059,Marmoset,NCBI:txid9483,Adult,Brain,Brain,unknown,unknown,unknown,unknown,unknown,unknown,normal,PATO:0000461,nucleus,True,240429,LPLCXR_240429_1,LPLCXR_240429_1_B3,569,16,1166,BR_PXR_240604_1,240424,LPLCXA_240424_1,LPLCXA_240424_1_E8,427,8,452.0,BR_PXA_240604_1,SI-TT-B3_i7,SI-TT-B3_b(i5),SI-NA-E8,48609,8157,0.0416872911155224,Callithrix jacchus,CS20250428_GROUP_0064,Interneuron,,VTR|HTH|Glut,21,,,,SLC17A6,#54621f,,CS20250428_SUBCL_0017,PR 2771,F|M|Glut,15,#66750b,,CS20250428_CLASS_0007,,F|M|Glut,5,#7d0f09,,CS20250428_NEIGH_0000,PR 2579,Glut|Sero|Dopa,2,#91f4bb,,CCACAATAGTACTGGT,P0040_1,240807,Princeton
TCTCAAGCACCATATG-P0043_1,Glut Sero Dopa,F M Glut,F M Glut,VTR-HTH Glut,Marmoset-1532,Marmoset-1532,CL:0000003,P0043_1,cjNutmeg,10x multiome,EFO:0030059,Marmoset,NCBI:txid9483,Adult,Brain,Brain,unknown,unknown,unknown,unknown,unknown,unknown,normal,PATO:0000461,nucleus,True,240508,LPLCXR_240508_1,LPLCXR_240508_1_H3,629,12,1449,BR_PXR_240604_1,240501,LPLCXA_240501_1,LPLCXA_240501_1_B9,436,8,504.0,BR_PXA_240604_1,SI-TT-H3_i7,SI-TT-H3_b(i5),SI-NA-B9,29285,6563,0.359262555837631,Callithrix jacchus,CS20250428_GROUP_0064,Interneuron,,VTR|HTH|Glut,21,,,,SLC17A6,#54621f,,CS20250428_SUBCL_0017,PR 2771,F|M|Glut,15,#66750b,,CS20250428_CLASS_0007,,F|M|Glut,5,#7d0f09,,CS20250428_NEIGH_0000,PR 2579,Glut|Sero|Dopa,2,#91f4bb,,TCTCAAGCACCATATG,P0043_1,240807,Princeton
ATCGCCCGTTTGAGGC-P0043_1,Subpallium GABA,F M GABA,F GABA,ZI-HTH GABA,Marmoset-1510,Marmoset-1510,CL:0000003,P0043_1,cjNutmeg,10x multiome,EFO:0030059,Marmoset,NCBI:txid9483,Adult,Brain,Brain,unknown,unknown,unknown,unknown,unknown,unknown,normal,PATO:0000461,nucleus,True,240508,LPLCXR_240508_1,LPLCXR_240508_1_H3,629,12,1449,BR_PXR_240604_1,240501,LPLCXA_240501_1,LPLCXA_240501_1_B9,436,8,504.0,BR_PXA_240604_1,SI-TT-H3_i7,SI-TT-H3_b(i5),SI-NA-B9,29202,6915,0.0012171412818133,Callithrix jacchus,CS20250428_GROUP_0063,Interneuron,,ZI|HTH|GABA,46,,,,,#c49c94,,CS20250428_SUBCL_0037,,F|GABA,29,#7ba2df,,CS20250428_CLASS_0006,,F|M|GABA,9,#cd0f13,,CS20250428_NEIGH_0002,,Subpallium|GABA,3,#19613b,,ATCGCCCGTTTGAGGC,P0043_1,240807,Princeton
TGGCCAATCTCACTCA-P0043_1,Subpallium GABA,F M GABA,F M GATA3 GABA,SN-VTR-HTH GATA3-TCF7L2 GABA,Marmoset-1412,Marmoset-1412,CL:0000003,P0043_1,cjNutmeg,10x multiome,EFO:0030059,Marmoset,NCBI:txid9483,Adult,Brain,Brain,unknown,unknown,unknown,unknown,unknown,unknown,normal,PATO:0000461,nucleus,True,240508,LPLCXR_240508_1,LPLCXR_240508_1_H3,629,12,1449,BR_PXR_240604_1,240501,LPLCXA_240501_1,LPLCXA_240501_1_B9,436,8,504.0,BR_PXA_240604_1,SI-TT-H3_i7,SI-TT-H3_b(i5),SI-NA-B9,25063,5912,0.0002621588355395,Callithrix jacchus,CS20250428_GROUP_0037,Interneuron,,SN|VTR|HTH|GATA3|TCF7L2|GABA,43,,,,,#1dbfcf,,CS20250428_SUBCL_0016,,F|M|GATA3|GABA,27,#311a96,,CS20250428_CLASS_0006,,F|M|GABA,9,#cd0f13,,CS20250428_NEIGH_0002,,Subpallium|GABA,3,#19613b,,TGGCCAATCTCACTCA,P0043_1,240807,Princeton
GCTATAGGTCCCGAAG-P0043_1,Glut Sero Dopa,F M Glut,F M Glut,VTR-HTH Glut,Marmoset-1559,Marmoset-1559,CL:0000003,P0043_1,cjNutmeg,10x multiome,EFO:0030059,Marmoset,NCBI:txid9483,Adult,Brain,Brain,unknown,unknown,unknown,unknown,unknown,unknown,normal,PATO:0000461,nucleus,True,240508,LPLCXR_240508_1,LPLCXR_240508_1_H3,629,12,1449,BR_PXR_240604_1,240501,LPLCXA_240501_1,LPLCXA_240501_1_B9,436,8,504.0,BR_PXA_240604_1,SI-TT-H3_i7,SI-TT-H3_b(i5),SI-NA-B9,23509,5945,0.0003325360885355,Callithrix jacchus,CS20250428_GROUP_0064,Interneuron,,VTR|HTH|Glut,21,,,,SLC17A6,#54621f,,CS20250428_SUBCL_0017,PR 2771,F|M|Glut,15,#66750b,,CS20250428_CLASS_0007,,F|M|Glut,5,#7d0f09,,CS20250428_NEIGH_0000,PR 2579,Glut|Sero|Dopa,2,#91f4bb,,GCTATAGGTCCCGAAG,P0043_1,240807,Princeton
CTCCAAACACTAAGAA-P0043_1,Glut Sero Dopa,F M Glut,F M Glut,VTR-HTH Glut,Marmoset-1543,Marmoset-1543,CL:0000003,P0043_1,cjNutmeg,10x multiome,EFO:0030059,Marmoset,NCBI:txid9483,Adult,Brain,Brain,unknown,unknown,unknown,unknown,unknown,unknown,normal,PATO:0000461,nucleus,True,240508,LPLCXR_240508_1,LPLCXR_240508_1_H3,629,12,1449,BR_PXR_240604_1,240501,LPLCXA_240501_1,LPLCXA_240501_1_B9,436,8,504.0,BR_PXA_240604_1,SI-TT-H3_i7,SI-TT-H3_b(i5),SI-NA-B9,21152,5885,0.0617481507360935,Callithrix jacchus,CS20250428_GROUP_0064,Interneuron,,VTR|HTH|Glut,21,,,,SLC17A6,#54621f,,CS20250428_SUBCL_0017,PR 2771,F|M|Glut,15,#66750b,,CS20250428_CLASS_0007,,F|M|Glut,5,#7d0f09,,CS20250428_NEIGH_0000,PR 2579,Glut|Sero|Dopa,2,#91f4bb,,CTCCAAACACTAAGAA,P0043_1,240807,Princeton
CTATGATCAAACCTTG-P0043_1,Glut Sero Dopa,F M Glut,F M Glut,VTR-HTH Glut,Marmoset-1560,Marmoset-1560,CL:0000003,P0043_1,cjNutmeg,10x multiome,EFO:0030059,Marmoset,NCBI:txid9483,Adult,Brain,Brain,unknown,unknown,unknown,unknown,unknown,unknown,normal,PATO:0000461,nucleus,True,240508,LPLCXR_240508_1,LPLCXR_240508_1_H3,629,12,1449,BR_PXR_240604_1,240501,LPLCXA_240501_1,LPLCXA_240501_1_B9,436,8,504.0,BR_PXA_240604_1,SI-TT-H3_i7,SI-TT-H3_b(i5),SI-NA-B9,21048,5510,0.0001894081651698,Callithrix jacchus,CS20250428_GROUP_0064,Interneuron,,VTR|HTH|Glut,21,,,,SLC17A6,#54621f,,CS20250428_SUBCL_0017,PR 2771,F|M|Glut,15,#66750b,,CS20250428_CLASS_0007,,F|M|Glut,5,#7d0f09,,CS20250428_NEIGH_0000,PR 2579,Glut|Sero|Dopa,2,#91f4bb,,CTATGATCAAACCTTG,P0043_1,240807,Princeton
CAACTAGGTGCTCACC-P0043_1,Glut Sero Dopa,F M Glut,F M Glut,VTR-HTH Glut,Marmoset-1558,Marmoset-1558,CL:0000003,P0043_1,cjNutmeg,10x multiome,EFO:0030059,Marmoset,NCBI:txid9483,Adult,Brain,Brain,unknown,unknown,unknown,unknown,unknown,unknown,normal,PATO:0000461,nucleus,True,240508,LPLCXR_240508_1,LPLCXR_240508_1_H3,629,12,1449,BR_PXR_240604_1,240501,LPLCXA_240501_1,LPLCXA_240501_1_B9,436,8,504.0,BR_PXA_240604_1,SI-TT-H3_i7,SI-TT-H3_b(i5),SI-NA-B9,19941,5371,0.0001078425557352,Callithrix jacchus,CS20250428_GROUP_0064,Interneuron,,VTR|HTH|Glut,21,,,,SLC17A6,#54621f,,CS20250428_SUBCL_0017,PR 2771,F|M|Glut,15,#66750b,,CS20250428_CLASS_0007,,F|M|Glut,5,#7d0f09,,CS20250428_NEIGH_0000,PR 2579,Glut|Sero|Dopa,2,#91f4bb,,CAACTAGGTGCTCACC,P0043_1,240807,Princeton
AAGCGAATCCCGTTTA-P0046_1,Glut Sero Dopa,M Dopa,M Dopa,SN-VTR CALB1 Dopa,Marmoset-1438,Marmoset-1438,CL:0000003,P0046_1,cjJellybean,10x multiome,EFO:0030059,Marmoset,NCBI:txid9483,Adult,Brain,Brain,unknown,unknown,unknown,unknown,unknown,unknown,normal,PATO:0000461,nucleus,True,240611,LPLCXR_240611_1,LPLCXR_240611_1_F4,486,11,494,BR_PXR_240917_1,240607,LPLCXA_240607_1,LPLCXA_240607_1_G9,475,7,1408.0,BR_PXA_240917_1,SI-TT-F4_i7,SI-TT-F4_b(i5),SI-NA-G9,7958,3396,0.0002577549021225,Callithrix jacchus,CS20250428_GROUP_0029,Dopaminergic,CL:4042025,SN|VTR|CALB1|Dopa,22,Agarwal et al. 2020,,,"TH, CALB1, SLC6A3, NR4A2, BNC2",#854098,,CS20250428_SUBCL_0025,CL:4042025,M|Dopa,16,#77f0ca,,CS20250428_CLASS_0009,CL:2000097,M|Dopa,6,#0433b4,,CS20250428_NEIGH_0000,PR 2579,Glut|Sero|Dopa,2,#91f4bb,,AAGCGAATCCCGTTTA,P0046_1,241212,Princeton
AACATTGTCAAACCTA-P0062_1,Glut Sero Dopa,F M Glut,F M Glut,VTR-HTH Glut,Marmoset-1347,Marmoset-1347,CL:0000003,P0062_1,cjJellybean,10x multiome,EFO:0030059,Marmoset,NCBI:txid9483,Adult,Brain,Brain,unknown,unknown,unknown,unknown,unknown,unknown,normal,PATO:0000461,nucleus,True,240926,LPLCXR_240926_1,LPLCXR_240926_1_E10,529,13,431,BR_PXR_241204_1,240918,LPLCXA_240918_1,LPLCXA_240918_1_H02,391,7,290.0,BR_PXA_241204_1,SI-TT-E10_i7,SI-TT-E10_b(i5),SI-NA-H02,79294,9602,0.149991944432259,Callithrix jacchus,CS20250428_GROUP_0064,Interneuron,,VTR|HTH|Glut,21,,,,SLC17A6,#54621f,,CS20250428_SUBCL_0017,PR 2771,F|M|Glut,15,#66750b,,CS20250428_CLASS_0007,,F|M|Glut,5,#7d0f09,,CS20250428_NEIGH_0000,PR 2579,Glut|Sero|Dopa,2,#91f4bb,,AACATTGTCAAACCTA,P0062_1,250114,Princeton
